400
0 0 0 44 0 0 0 46 0 100 0 0 0 0 38 0 0 43 0 0 0 0 99 0 0 0 0 0 14 0 0 0 0 0 0 0 99 0 0 0 93 0 0 0 32 75 38 0 57 0 62 0 50 0 0 0 0 19 0 0 44 0 0 0 0 0 22 0 0 0 4 0 94 0 0 61 68 14 0 40 0 19 0 0 72 0 30 0 2 14 87 0 0 0 0 2 0 0 43 0 80 36 94 0 12 16 0 0 0 85 0 0 0 13 94 0 66 0 0 0 0 0 0 0 0 0 0 0 98 0 0 0 0 0 0 0 0 0 0 0 0 0 43 0 0 0 0 0 0 0 0 0 0 31 2 0 10 0 0 0 70 0 0 0 0 99 0 0 0 50 0 0 0 39 0 0 0 99 0 0 0 0 0 0 0 10 0 0 47 0 55 61 13 0 0 32 0 0 14 0 0 0 0 0 0 0 0 0 0 0 28 64 64 0 100 11 0 32 45 0 0 68 61 0 0 0 78 0 0 0 0 0 0 0 43 46 0 80 0 0 0 0 0 0 0 0 0 1 0 42 0 0 28 41 0 0 0 91 71 62 0 0 0 0 0 4 0 0 0 0 0 4 0 0 0 0 0 0 0 0 0 86 0 0 0 0 0 75 0 0 0 0 0 0 0 0 31 35 0 0 0 0 0 16 96 0 0 0 0 0 0 0 0 0 38 0 0 21 0 0 95 0 0 0 0 0 0 0 0 51 0 21 0 0 0 6 30 0 0 84 0 22 0 0 0 39 0 0 0 0 0 0 0 7 0 97 0 14 0 0 0 0 0 14 39 0 0 43 32 0 47 0 23 0 0 0 53 0 50 0 0 0 0 0 93 0 0 0 0 0 0 91 0 0 0 0 0 0 0 35
62 0 0 0 0 18 79 62 0 0 0 0 0 0 0 62 0 0 0 8 0 2 0 0 0 0 0 37 0 54 46 65 0 0 0 0 0 0 0 0 0 0 20 0 0 0 23 30 0 0 0 57 84 0 0 0 0 0 0 1 0 39 0 0 0 0 82 0 37 0 0 0 0 0 0 62 0 0 0 0 0 0 48 0 0 5 0 0 70 0 69 0 0 8 0 58 0 0 0 0 0 0 0 23 0 0 0 30 0 0 0 86 19 69 23 0 0 0 0 10 0 0 55 0 9 0 0 0 0 36 0 0 58 0 83 1 0 0 63 92 93 0 0 0 0 0 0 0 0 0 0 0 0 91 91 0 0 0 0 0 59 0 0 0 47 0 0 0 0 46 0 0 0 86 0 81 0 0 0 0 0 0 0 19 0 0 0 0 13 0 0 0 0 0 44 9 0 0 24 0 57 0 0 0 13 0 0 0 0 0 0 0 0 0 0 0 86 0 64 0 0 0 0 0 45 0 0 0 0 0 0 74 44 0 0 0 0 0 58 0 0 82 0 9 0 0 0 0 9 0 0 54 0 0 9 0 0 0 0 0 26 0 0 0 19 0 0 0 0 85 0 0 0 0 0 90 23 15 0 0 0 0 0 0 0 0 7 100 0 0 0 0 0 0 0 0 0 0 24 0 0 0 26 0 0 0 0 0 0 0 0 0 0 0 0 28 0 0 0 0 0 0 47 85 16 0 0 0 0 88 0 0 0 48 50 0 0 0 0 0 0 67 0 0 68 84 65 0 0 55 0 0 0 63 0 0 0 0 0 0 3 0 22 25 98 0 0 0 0 50 54 0 83 0 73 0 0 72 59 0 0 0 29 17 0 0 0 81 58 0 82 87 0 25 96 1 0 0 0 0
83 0 0 78 0 0 0 0 75 0 67 0 0 0 0 0 0 0 61 0 0 0 13 0 66 0 0 0 0 62 0 0 30 32 0 94 0 0 79 0 0 0 0 0 0 71 0 0 0 0 0 0 54 86 76 0 0 0 0 0 0 0 4 99 16 0 0 0 0 0 0 0 0 0 0 73 0 31 0 0 0 67 0 0 0 72 0 0 0 0 0 24 0 0 0 0 57 0 0 0 31 0 0 0 0 15 0 88 14 96 0 59 0 0 0 0 0 0 0 0 32 62 35 0 75 0 11 0 0 0 0 0 0 30 0 0 0 0 0 0 24 35 0 0 0 22 0 0 0 0 21 24 0 0 0 30 0 0 26 51 0 0 0 0 0 0 0 52 0 0 59 0 0 0 0 0 0 0 0 0 0 46 0 0 0 0 0 0 0 94 32 0 0 0 20 0 0 0 0 0 24 10 0 0 0 0 0 0 10 7 0 0 12 58 0 0 0 0 0 0 0 0 0 45 0 0 0 0 13 0 0 0 34 0 42 0 0 67 0 0 0 0 0 0 0 24 0 85 0 0 0 0 0 0 0 55 0 0 0 43 0 0 0 0 0 0 0 0 0 46 0 0 0 47 0 0 0 93 57 0 0 80 0 16 0 0 0 0 0 0 96 0 0 3 0 0 49 0 0 0 0 0 0 0 7 52 0 0 0 24 0 0 0 0 0 0 10 0 0 0 0 0 37 83 0 0 0 0 0 0 0 0 0 0 0 0 0 0 0 0 94 0 0 0 0 33 0 0 76 0 0 0 0 91 0 0 0 0 0 0 24 0 0 0 0 71 0 83 53 0 0 0 0 0 90 91 0 0 0 0 0 0 0 97 36 0 79 0 0 73 0 0 35 0 0 67 0 50 0 90
0 0 48 0 0 0 87 0 0 0 65 61 0 0 0 92 0 0 0 0 0 65 43 0 0 0 0 0 0 65 0 0 88 95 0 0 0 0 0 0 0 84 0 28 0 95 0 0 0 0 0 78 36 7 0 0 0 0 0 0 0 0 0 0 0 0 96 0 0 0 67 44 0 31 0 12 0 0 0 4 0 0 9 0 63 0 0 78 0 0 88 0 0 0 0 0 0 0 0 0 0 29 0 0 0 0 0 0 64 0 0 0 45 0 0 0 0 0 0 0 23 0 30 0 0 0 0 87 0 0 0 90 61 0 0 0 0 1 0 0 91 0 0 73 0 0 0 0 0 0 0 0 0 0 97 0 67 0 0 0 2 46 81 0 63 0 0 89 45 97 0 0 35 76 0 0 0 0 0 0 0 0 9 52 0 0 4 0 0 0 68 0 0 0 0 0 29 0 0 0 46 0 0 0 99 74 43 0 0 0 13 22 0 0 50 0 19 98 0 0 8 0 0 0 0 0 0 0 0 0 52 0 24 0 0 0 30 0 0 0 28 1 0 41 0 0 0 0 0 0 0 39 0 40 35 0 0 0 0 0 0 0 0 0 0 0 0 0 0 90 28 0 0 0 64 0 16 81 0 62 0 0 0 0 0 0 0 0 0 0 0 0 13 0 0 0 0 0 0 0 13 0 0 0 0 0 0 0 0 36 0 0 0 0 0 0 0 0 0 0 0 0 0 21 0 0 0 0 58 0 0 0 0 59 0 0 0 0 0 0 0 0 0 0 0 0 0 0 0 0 61 0 0 0 0 0 0 0 91 0 23 0 0 19 0 80 54 0 0 0 0 0 47 68 10 0 77 0 0 48 0 0 0 0 0 65 0 0 82 0 0 0 0 0 0 0 0 0 25 52
0 0 0 0 0 0 0 0 67 74 0 62 0 0 0 0 19 12 0 0 0 0 0 0 0 0 0 0 77 32 0 0 0 0 86 0 30 0 16 0 0 0 0 0 0 46 0 0 96 0 0 0 0 0 0 77 5 0 20 0 4 0 0 9 0 0 0 0 0 0 0 36 0 0 90 11 62 68 0 78 31 0 0 0 0 0 0 0 0 0 65 0 23 0 11 62 0 9 77 0 0 0 0 0 0 0 0 0 0 0 76 0 0 0 71 0 0 76 0 0 0 0 0 0 0 0 0 2 34 0 0 0 61 0 0 0 0 0 0 0 0 0 0 0 86 0 0 0 0 0 56 0 0 0 0 0 0 16 0 0 0 0 0 0 0 0 0 0 0 0 0 95 0 0 0 0 0 0 0 0 0 0 0 0 0 0 0 0 0 0 0 68 97 4 0 0 87 30 0 0 27 0 0 56 0 0 0 0 0 18 0 0 53 0 0 83 0 0 0 94 0 21 0 0 0 0 0 24 0 0 75 0 42 53 0 58 0 0 82 91 43 0 0 0 7 56 0 0 0 0 43 0 0 0 0 11 0 0 0 43 0 33 0 0 66 70 0 96 0 0 0 69 0 0 0 68 80 0 69 87 0 0 0 0 0 0 0 0 0 4 0 0 0 0 27 0 0 0 0 0 0 43 0 0 0 87 0 0 0 0 0 0 34 2 0 85 25 0 0 47 0 0 0 51 0 0 31 0 54 0 0 0 0 48 0 0 0 0 0 0 0 0 0 22 16 0 74 0 0 14 0 0 0 0 0 0 0 0 0 83 0 66 0 0 0 0 0 0 0 31 0 11 0 77 0 0 70 50 0 36 14 0 0 6 0 0 0 0 83 0 0 34 0 26 0 0 88 94 0 0
99 0 0 0 0 0 0 0 0 55 0 0 42 28 0 0 0 0 0 0 0 0 0 16 0 0 0 0 0 0 0 0 72 0 0 0 0 0 0 0 0 0 92 0 0 0 0 0 0 0 0 0 0 82 55 0 0 11 22 0 0 45 0 12 0 0 71 0 0 0 0 0 0 0 0 0 0 0 0 0 0 0 0 4 0 0 38 0 0 0 0 14 0 75 0 81 0 0 4 0 0 0 0 0 83 0 50 54 0 0 0 5 0 0 64 54 85 0 0 0 10 0 3 0 68 0 0 75 0 67 0 0 0 0 27 0 0 0 0 0 97 0 0 0 0 0 0 61 0 0 0 0 0 0 0 0 0 86 0 76 0 0 0 0 0 0 0 0 100 0 6 0 0 47 0 67 0 13 0 0 0 0 0 0 0 54 0 88 0 0 0 0 0 70 0 87 98 0 1 0 68 74 10 0 0 0 0 0 0 0 0 0 0 0 0 0 0 0 0 0 0 13 0 0 54 0 0 0 0 0 0 0 0 0 0 0 36 0 0 0 0 0 0 0 0 0 0 49 0 0 0 0 0 65 29 23 0 0 5 61 0 0 0 0 0 0 0 0 0 39 0 0 0 0 0 0 0 0 44 0 0 0 0 62 0 34 0 61 28 0 0 0 0 0 0 0 0 0 71 27 0 35 30 0 0 0 38 0 0 0 0 80 0 0 0 0 0 85 0 7 45 6 42 0 0 0 0 46 0 0 0 0 12 0 0 0 0 29 97 0 0 23 0 0 21 43 52 95 0 0 0 0 0 0 0 0 96 0 0 66 0 0 0 37 54 15 47 0 0 0 0 0 0 0 95 0 0 32 0 0 0 0 0 0 0 0 0 0 0 0 0 0 0 0 0 0 0 0 0 0
0 0 0 0 0 39 0 13 65 0 77 93 0 0 0 0 0 0 0 0 0 0 43 0 0 37 0 0 0 0 0 56 0 0 0 0 0 82 0 0 86 0 56 0 0 0 0 0 0 0 0 0 0 0 29 22 0 0 0 0 0 0 0 0 97 0 5 0 85 0 19 0 0 0 75 0 0 0 0 0 0 0 89 0 0 0 0 0 0 0 0 0 0 0 0 0 100 0 0 0 7 40 0 0 0 75 0 0 0 0 0 60 0 0 0 0 1 33 92 0 44 0 0 19 0 0 0 0 0 0 0 0 0 0 25 0 0 0 51 0 0 0 0 46 0 22 0 0 0 0 0 28 0 72 0 0 0 0 0 0 13 0 94 0 0 0 0 0 0 0 0 0 0 0 0 0 0 0 0 0 0 0 44 34 0 0 91 0 31 0 0 0 0 2 0 0 0 15 0 0 0 57 0 0 56 0 0 91 0 0 63 0 0 0 0 0 0 0 0 99 0 0 0 0 0 0 0 0 0 0 0 0 0 0 0 0 0 0 0 0 44 0 0 0 0 0 0 0 0 60 0 0 0 57 0 80 0 0 0 0 0 0 0 0 0 0 0 45 0 0 0 0 0 0 0 72 0 32 0 0 32 0 0 0 0 0 0 18 0 0 0 0 29 0 0 0 0 0 0 0 44 0 0 0 0 0 0 0 0 35 0 0 0 0 99 43 38 0 0 0 96 94 0 0 0 86 0 0 0 0 0 0 0 0 0 0 11 0 3 51 0 82 0 0 0 0 0 0 0 63 0 0 0 58 0 0 0 0 0 0 0 0 0 40 0 76 46 0 0 0 0 57 0 0 10 33 0 0 0 84 0 0 0 0 0 0 0 0 0 0 22 25 0 97 77 0 0 0 0 14
0 0 0 0 0 0 8 0 0 0 0 86 0 0 0 26 0 0 0 0 0 0 58 0 0 0 46 0 90 25 0 97 0 62 0 0 0 0 0 0 9 0 0 25 0 0 11 0 88 0 0 0 0 0 0 12 0 0 0 0 0 0 2 0 0 0 0 45 0 0 86 0 0 0 0 45 0 0 0 0 0 47 0 0 92 53 0 0 94 0 0 0 0 0 0 0 4 0 29 0 0 0 0 0 0 0 0 0 91 0 81 66 0 61 0 13 0 91 94 0 52 0 50 0 0 3 0 0 0 0 74 0 0 0 0 35 0 0 0 3 0 0 0 0 49 0 26 68 0 0 0 0 0 69 0 0 0 0 0 84 0 0 0 43 0 74 3 0 0 0 46 0 91 12 0 0 0 6 45 0 0 0 0 0 0 28 62 0 0 0 30 36 0 0 0 0 47 0 0 0 0 42 77 0 0 60 0 0 0 0 0 0 0 0 0 83 0 82 0 79 0 0 0 0 0 0 0 0 0 0 0 0 87 0 31 0 0 0 0 0 61 16 0 0 0 0 0 0 0 0 0 0 0 0 0 94 0 65 56 0 6 0 59 0 57 34 37 0 66 0 3 0 34 0 82 1 0 0 24 0 0 42 14 0 0 0 17 0 0 0 0 81 0 0 0 0 0 0 23 0 0 0 0 46 0 0 0 0 0 2 0 0 0 0 74 0 0 0 0 0 0 96 0 0 55 0 0 0 0 0 48 0 0 35 0 0 0 27 0 85 16 63 0 0 0 0 0 0 0 0 0 0 13 77 0 0 95 0 10 26 0 0 0 0 36 0 0 40 0 0 0 0 79 0 0 0 0 0 0 0 0 0 76 0 80 0 3 0 0 0 0 0 0 0 0 0 46 1 0 0
0 0 0 0 0 0 0 0 0 0 0 0 0 0 0 0 0 0 2 0 0 12 0 91 0 0 92 74 28 0 0 0 47 0 67 0 90 99 0 0 49 0 0 0 24 0 39 0 0 0 0 95 0 0 0 45 0 0 91 0 0 0 86 0 0 0 0 0 0 66 0 0 0 0 0 0 0 85 59 0 43 0 0 1 63 0 0 0 6 0 0 0 19 0 0 0 0 0 17 0 13 78 0 0 0 56 70 0 79 0 0 0 0 0 0 17 0 0 0 14 0 0 0 0 0 0 20 95 0 0 0 0 0 0 97 0 0 0 0 52 0 0 0 0 0 0 0 27 44 0 62 0 0 0 90 0 27 0 0 0 0 0 0 0 12 0 79 0 98 0 26 0 0 56 0 0 0 0 0 0 0 0 0 0 31 0 78 0 57 0 71 0 0 0 0 0 0 0 87 0 0 0 0 13 0 67 80 0 0 0 33 0 0 0 0 0 0 0 0 21 80 0 0 0 0 0 0 0 45 0 0 0 74 0 0 0 0 0 0 0 0 21 0 0 0 0 0 0 0 0 0 0 100 0 0 0 0 0 0 0 0 0 0 0 0 0 0 0 89 0 34 0 0 0 21 0 0 0 0 0 0 0 0 0 55 0 0 11 0 1 0 0 0 0 8 0 0 34 0 0 0 87 59 0 0 0 0 0 0 0 0 0 71 0 0 26 0 0 0 0 0 0 0 0 0 0 0 0 0 0 0 0 34 26 0 0 0 39 40 0 84 84 0 51 0 62 0 30 0 0 0 61 44 96 0 0 83 0 0 0 0 91 6 0 60 0 14 0 0 0 0 0 0 0 0 0 0 0 0 43 0 0 0 0 58 0 0 44 0 66 0 0 59 0 83 0 0 0 0 7
78 0 35 0 0 0 37 60 0 0 0 0 0 0 0 0 0 0 0 32 0 0 46 81 0 0 0 0 0 0 0 0 0 0 0 0 47 0 0 0 0 0 0 0 0 0 0 47 0 0 0 0 24 0 0 0 0 0 0 0 0 0 0 0 0 55 0 0 0 0 0 0 0 24 0 0 8 0 0 0 87 0 21 95 0 0 80 0 0 39 0 0 0 27 72 0 0 0 0 0 0 0 0 0 0 0 0 0 0 0 0 0 0 0 0 0 0 0 0 41 0 0 0 0 0 71 0 0 0 0 0 0 0 3 0 0 0 0 0 0 0 0 0 0 82 0 0 0 0 17 0 0 0 0 0 0 0 0 0 48 0 0 67 0 0 0 0 32 42 0 0 0 0 0 0 0 0 0 0 0 0 0 0 0 0 47 0 0 0 86 24 0 0 0 0 0 0 0 0 0 0 0 0 0 32 0 0 75 0 0 0 0 0 50 0 0 0 82 0 81 0 0 0 0 0 15 0 0 0 0 0 78 0 0 0 0 0 0 0 0 0 0 84 0 11 0 0 0 0 0 0 0 0 88 62 0 0 0 0 0 59 0 27 56 80 64 0 35 58 0 0 0 0 62 0 0 0 0 0 0 6 0 25 0 58 0 0 0 0 0 0 0 0 0 0 0 0 75 98 70 100 0 0 0 44 66 55 0 0 0 0 53 21 0 0 0 44 0 0 0 0 82 0 35 0 0 50 0 0 0 0 0 0 0 0 0 50 96 0 0 0 67 0 66 0 0 0 0 67 99 0 0 1 0 0 62 0 0 0 0 0 0 74 0 0 0 57 49 4 73 73 0 0 0 0 0 0 0 0 0 0 0 0 0 0 0 43 0 0 0 0 26 0 0 63 0 0 0 0 78
45 0 22 0 0 0 0 0 0 0 0 61 0 0 0 0 0 0 0 63 0 0 0 0 0 91 0 38 0 0 0 0 0 0 0 98 25 0 74 0 0 0 0 14 0 0 49 0 0 0 38 0 0 0 68 0 45 39 0 0 36 0 0 0 0 0 0 0 97 0 39 0 0 0 0 0 98 0 0 0 17 0 0 0 0 91 35 76 0 0 0 0 0 13 0 54 0 66 0 67 0 0 0 0 48 0 0 0 8 0 0 65 0 18 16 0 0 43 67 0 23 96 10 0 0 52 0 96 0 0 0 0 0 56 0 0 13 14 60 35 95 0 0 0 9 0 0 0 7 41 0 0 23 47 0 0 0 0 0 45 0 0 76 11 11 73 0 0 0 0 0 0 3 0 38 0 15 0 0 73 0 0 0 0 69 0 37 0 77 0 0 0 34 39 0 0 0 0 0 0 0 0 85 46 0 0 0 0 0 0 0 4 0 12 69 0 0 0 0 0 94 0 0 49 0 0 0 0 0 0 0 0 51 8 0 0 1 0 0 82 0 0 0 0 0 17 0 36 0 0 0 0 97 0 7 0 0 0 0 0 0 1 0 0 0 0 0 65 0 0 36 46 0 0 0 0 94 0 18 0 0 0 36 0 59 0 95 0 0 0 0 32 79 80 0 0 0 0 0 0 0 0 100 0 0 0 0 45 0 69 0 85 97 0 0 43 1 0 0 0 0 0 0 15 0 11 6 19 83 0 0 0 77 0 0 0 0 0 0 0 0 10 0 40 0 0 0 0 0 0 0 0 59 0 0 0 80 0 27 81 85 0 95 0 78 60 0 76 0 0 0 0 57 44 0 0 63 38 0 0 0 0 0 0 74 53 0 0 46 0 0 0 15 18 0 0 0 0 0 0
38 44 0 0 0 26 72 0 0 0 0 0 0 0 0 0 88 0 0 81 0 93 0 0 0 60 0 30 0 0 0 0 0 0 0 0 0 0 91 0 0 0 0 0 0 51 0 0 0 23 0 0 0 0 0 0 0 0 66 0 18 0 0 0 69 70 0 0 0 0 32 0 0 0 0 0 0 0 0 0 89 0 0 0 0 0 0 99 27 88 0 2 0 96 0 33 2 0 0 66 0 51 0 0 30 88 0 0 0 0 0 0 62 52 0 0 0 0 0 0 0 0 0 0 0 0 0 15 0 81 63 0 0 96 0 93 0 0 0 71 0 0 97 16 36 0 0 0 0 0 0 0 0 0 0 84 0 0 0 0 40 0 2 0 0 73 21 0 66 0 0 0 62 0 0 0 0 0 0 0 85 0 0 40 0 0 0 0 29 0 80 99 15 0 0 0 0 0 0 0 0 0 0 0 73 100 0 0 0 0 0 1 0 30 0 60 84 83 26 0 0 0 0 59 0 76 0 0 0 10 0 44 43 0 0 0 0 0 0 0 0 44 0 0 54 19 0 0 0 0 0 0 55 75 0 0 66 0 0 0 0 0 0 0 0 0 0 0 47 99 0 0 0 91 0 74 0 0 0 0 23 0 0 0 95 0 0 0 0 8 0 0 0 34 4 35 0 58 0 0 0 99 0 7 0 0 0 0 0 0 0 0 0 0 0 0 49 75 7 0 0 0 0 0 0 0 0 0 0 47 0 0 0 0 0 0 0 0 0 0 0 0 0 0 0 33 78 0 71 21 6 0 0 0 0 0 0 0 0 44 0 0 0 0 0 0 0 0 0 0 0 0 0 0 0 0 74 81 0 0 0 0 0 0 0 5 0 0 54 0 89 0 0 73 2 0 0 0 0 81
0 0 61 0 0 0 0 0 0 0 16 0 0 0 0 0 0 0 0 0 0 0 0 0 0 0 0 0 18 0 0 0 0 27 69 4 0 0 0 0 0 4 19 6 0 56 0 0 0 0 0 0 0 0 33 0 0 0 0 87 0 0 0 0 0 0 0 0 31 0 36 0 0 0 0 0 0 0 8 19 0 0 0 0 0 0 32 35 0 0 0 0 46 0 0 86 0 0 0 0 0 0 0 76 0 15 71 0 0 0 0 0 0 62 93 0 0 0 0 13 0 0 0 0 53 88 75 0 0 0 0 0 0 0 0 0 0 0 0 0 0 0 84 0 0 0 37 0 0 0 0 0 0 0 0 0 0 88 2 0 24 0 0 0 0 0 41 0 0 41 94 0 21 0 0 22 21 2 0 0 61 0 0 0 29 0 0 0 0 74 46 0 0 0 98 0 0 0 92 36 76 63 0 0 33 0 0 0 68 97 0 0 91 0 0 0 91 0 61 0 0 0 0 84 0 0 78 0 0 0 32 0 0 0 0 78 0 0 0 71 89 0 0 0 0 0 0 0 0 0 0 0 0 0 74 0 57 0 0 0 0 88 0 0 0 0 0 0 52 68 0 0 0 29 85 0 0 71 60 0 0 0 0 0 0 30 0 0 0 90 0 0 78 96 0 0 11 80 0 22 97 0 25 0 0 0 0 0 31 0 0 0 62 0 72 0 0 0 0 92 91 0 0 11 52 0 0 0 0 30 36 48 57 94 13 0 0 0 24 0 0 39 0 0 0 0 0 56 0 0 0 0 0 0 61 0 31 0 0 0 0 64 0 0 0 0 0 0 92 0 0 0 65 1 0 0 0 0 0 6 0 0 0 0 70 0 0 0 0 16 86 0 0 0 77 0 0 0 0 12
0 0 0 0 36 47 0 0 0 0 0 0 0 0 43 0 0 0 0 32 84 0 43 62 0 0 0 0 0 0 64 0 0 60 0 88 0 0 0 0 13 35 0 0 0 89 0 0 0 20 90 0 0 0 0 0 89 0 0 0 0 0 92 0 34 94 0 0 0 0 0 0 0 0 0 0 0 0 0 0 0 87 0 0 0 0 0 33 0 25 49 0 0 0 0 0 0 0 0 0 0 0 0 62 0 0 0 0 0 0 0 0 77 0 0 46 0 0 0 0 0 0 0 16 14 0 0 0 0 0 0 0 0 71 0 0 0 0 0 83 97 100 0 0 9 0 0 73 0 0 0 0 0 19 0 0 17 25 44 25 0 0 5 17 0 0 0 0 36 0 0 97 0 0 0 0 30 0 0 0 11 0 0 0 16 94 0 0 0 0 63 26 0 59 0 33 99 0 45 0 0 0 0 0 0 0 0 0 0 0 45 0 27 0 69 0 0 0 0 57 0 0 0 0 0 0 0 0 0 0 7 0 0 0 31 0 0 0 0 0 0 45 0 66 70 0 19 0 0 44 68 0 0 0 0 0 0 0 0 0 64 0 0 0 0 0 86 0 0 0 93 0 0 0 0 18 0 0 0 0 83 0 80 0 32 0 0 53 96 0 0 0 58 0 0 0 0 0 0 9 0 0 0 15 26 0 4 0 28 58 0 0 0 0 0 64 0 0 10 0 73 0 0 0 80 0 39 0 0 0 0 49 0 0 0 0 26 0 0 0 53 53 22 0 0 0 13 0 0 0 0 0 0 0 0 42 97 0 0 0 43 75 0 0 0 0 50 0 0 0 0 0 0 0 0 0 0 0 0 0 0 0 0 77 0 0 0 62 0 0 0 7 74 0 0 58 75 0 0 0
0 0 95 39 0 0 0 0 0 0 0 0 0 0 0 68 0 0 0 0 0 0 58 0 0 0 0 0 0 0 28 0 85 0 0 0 0 0 0 0 0 38 0 41 35 0 0 0 0 39 100 0 98 0 0 0 0 0 0 49 0 0 0 0 0 47 3 0 0 0 0 83 0 0 0 0 0 0 0 0 75 94 0 29 13 30 81 3 0 0 65 0 0 0 0 9 0 0 28 0 0 0 98 0 0 53 72 0 0 0 0 55 0 23 28 15 98 0 0 0 0 0 80 0 0 0 0 0 0 0 0 24 0 0 0 64 0 0 0 30 0 0 0 0 0 0 0 0 0 0 0 0 0 0 0 57 0 0 0 0 0 0 0 0 0 0 0 0 0 0 38 0 0 74 0 0 0 43 0 0 0 0 0 9 0 94 0 0 33 0 0 0 0 24 0 80 0 0 0 0 0 0 0 0 0 0 0 0 3 0 83 0 0 0 0 0 0 0 0 0 0 0 42 0 0 0 0 0 0 80 42 0 0 0 0 0 15 0 0 0 58 0 0 0 0 52 0 41 0 0 0 0 52 0 0 78 6 0 0 99 0 0 44 0 0 0 0 51 0 0 0 0 0 56 0 0 0 0 0 0 0 0 0 0 0 0 0 0 0 0 43 0 0 0 0 85 0 0 0 0 0 0 68 0 0 43 0 0 0 4 95 0 69 0 0 72 0 0 0 10 0 0 35 0 0 0 0 0 0 0 1 0 13 0 0 0 0 0 45 0 0 0 0 8 0 0 0 0 0 24 0 0 0 17 0 0 0 0 72 0 0 78 76 0 96 0 0 0 0 0 0 0 39 0 0 0 0 0 0 0 0 0 26 72 0 0 0 0 0 0 0 0 0 0 0 0 0 0 0 0
0 0 0 0 83 0 0 0 0 0 0 0 0 22 0 0 37 0 0 0 0 81 0 0 0 6 0 0 0 0 0 0 0 0 0 0 47 0 0 0 13 0 0 59 67 3 0 0 0 0 0 0 0 0 35 0 36 0 92 87 0 0 0 32 0 0 0 0 0 0 0 0 0 0 84 75 0 0 0 0 0 0 0 0 26 97 0 0 0 88 89 0 0 0 0 80 0 0 0 0 99 11 0 0 0 0 0 40 0 0 0 0 0 0 0 0 0 17 0 0 0 0 0 57 0 0 0 0 0 84 0 0 0 0 0 0 0 0 0 66 0 0 57 0 0 37 0 0 0 89 0 0 89 0 0 0 0 0 0 0 0 0 0 0 86 0 0 0 0 0 0 11 0 0 0 0 97 10 0 0 100 0 8 38 0 0 0 0 18 43 9 0 24 0 0 33 0 0 39 0 0 0 0 0 13 15 0 0 51 43 0 74 0 0 0 100 0 2 0 0 0 18 15 0 0 16 0 59 0 0 0 0 0 0 0 0 0 20 0 0 0 0 0 83 0 0 0 0 0 84 0 9 0 0 30 0 0 0 1 28 7 0 0 0 0 0 99 0 0 0 0 43 0 0 0 0 0 0 0 0 2 0 0 66 0 0 64 90 0 99 0 0 80 0 80 0 0 0 0 0 0 0 0 78 0 0 59 0 98 7 0 63 0 0 0 0 98 0 0 55 0 0 61 0 0 0 0 0 0 34 0 81 0 0 0 0 0 0 0 0 0 0 33 0 36 0 0 83 0 0 0 0 0 0 0 0 0 6 0 4 0 0 95 0 36 0 0 0 0 0 0 0 0 0 0 0 0 0 0 0 29 0 0 80 0 0 60 72 0 0 0 0 0 0 0 0 0 0 0 0
0 0 0 58 99 0 0 0 95 0 0 95 0 0 0 0 0 0 0 0 87 0 37 0 0 0 0 0 91 0 41 0 0 0 0 0 0 0 78 78 48 0 0 0 0 86 52 0 0 41 0 11 79 0 41 0 0 0 81 0 0 0 0 0 0 0 19 0 0 0 0 1 0 97 70 0 0 0 0 0 0 0 0 0 0 0 5 0 0 0 0 0 0 0 0 11 0 55 0 0 1 0 0 0 0 0 0 0 0 0 0 0 0 0 93 0 0 0 45 0 0 0 0 66 0 44 90 51 0 0 7 0 76 55 0 0 0 0 0 0 83 0 78 0 44 0 0 77 0 0 23 0 0 0 14 0 100 0 0 0 8 0 0 52 35 0 0 0 0 0 0 45 0 0 0 0 74 0 55 0 0 0 36 0 0 0 0 21 0 72 82 0 29 0 0 0 0 64 0 0 0 85 0 0 0 0 0 0 69 0 0 0 0 0 39 81 0 96 0 0 54 90 0 1 0 0 22 0 13 61 0 3 0 33 68 73 0 0 0 0 0 0 0 71 0 87 0 0 0 73 0 0 0 0 0 54 0 0 0 46 80 89 0 0 0 0 0 0 81 0 7 0 0 0 0 20 0 0 26 53 0 0 0 0 0 0 0 6 0 52 29 0 0 0 0 0 42 0 0 33 22 0 0 0 0 44 0 0 0 0 0 0 36 24 0 29 21 0 0 0 0 0 60 0 13 0 0 0 0 95 0 0 0 0 63 37 23 97 0 33 63 0 0 0 0 91 98 0 0 0 0 78 0 0 53 0 0 0 0 0 0 0 0 0 0 0 0 0 0 38 89 0 0 13 63 0 0 0 0 50 0 0 0 0 0 0 0 45 0 70 0 0 0 0 0 59 0 0 19 0
0 0 0 0 0 0 0 86 0 0 66 0 58 71 0 12 29 0 0 0 0 0 0 0 0 0 56 0 0 0 0 0 0 0 0 0 0 54 37 34 15 31 0 0 0 0 0 0 0 0 0 37 53 29 32 0 0 0 0 57 0 0 0 0 0 0 0 0 0 0 27 0 63 0 0 0 0 36 0 0 82 31 0 0 0 0 0 0 0 0 0 0 0 0 82 0 26 0 0 73 0 0 0 49 48 0 7 0 0 0 0 0 0 0 70 0 34 0 0 0 0 0 0 0 0 86 0 0 76 0 0 86 0 0 0 30 0 0 0 62 0 0 0 0 70 17 66 51 0 0 0 0 0 1 0 0 74 0 49 64 0 0 0 0 56 0 0 0 0 0 0 0 0 68 13 0 0 0 0 0 0 0 92 0 59 0 0 0 0 0 0 0 0 0 0 0 0 0 0 0 0 0 0 0 0 0 0 0 0 56 0 0 0 2 0 0 80 0 0 0 0 8 58 0 83 0 55 0 0 0 0 59 0 0 0 37 43 10 0 0 0 28 0 0 0 0 0 49 0 0 0 0 0 0 0 54 0 45 0 0 0 0 17 9 0 0 0 59 0 0 0 0 0 0 0 12 85 17 100 11 0 0 0 0 16 80 3 0 0 0 0 0 0 0 0 0 0 0 9 0 0 0 0 0 0 0 0 0 0 0 0 0 53 0 0 0 0 0 0 0 0 0 0 0 0 0 0 55 42 10 0 39 84 0 38 0 0 0 0 0 73 0 0 62 89 0 67 0 0 0 0 0 75 0 62 0 0 94 0 0 69 48 36 0 0 0 79 0 77 0 4 0 0 0 0 0 47 0 0 0 0 0 0 0 0 0 0 19 0 0 0 0 0 88 0 0 47 0 0 0
29 0 61 0 0 0 0 0 0 0 0 0 0 0 0 0 0 0 0 0 0 0 67 0 0 0 11 0 0 0 0 53 0 0 0 0 0 23 0 0 0 0 9 0 0 0 0 0 0 0 0 3 77 65 0 0 90 0 0 0 0 0 0 78 23 0 81 0 0 0 9 0 0 0 0 0 0 0 0 0 82 0 0 75 0 36 0 15 0 0 94 28 0 0 0 0 0 0 54 0 0 0 0 0 80 0 0 0 0 0 0 0 0 0 0 0 0 33 0 59 67 54 41 0 0 99 0 0 0 66 0 0 0 0 0 0 0 24 4 0 60 0 0 0 0 0 49 0 8 0 0 0 0 31 57 0 0 0 18 0 0 0 0 0 0 59 0 0 0 94 0 0 0 0 0 0 0 0 0 0 0 0 0 0 0 0 0 82 0 0 0 0 0 30 0 84 0 0 0 0 0 0 78 0 0 0 0 0 76 33 78 0 0 0 0 0 88 0 0 0 19 0 0 0 0 0 0 0 13 0 0 0 0 38 0 59 0 0 89 0 0 0 0 66 0 0 50 0 0 84 0 0 34 0 0 0 0 0 0 0 0 0 0 38 0 0 65 97 0 0 0 0 52 0 0 0 0 0 0 1 0 0 0 0 0 0 0 0 0 0 0 14 0 0 0 0 0 0 2 92 0 0 0 76 0 0 17 0 99 9 7 0 0 0 0 0 0 0 0 56 0 59 0 0 0 0 0 0 21 68 0 0 0 4 0 0 0 0 0 0 0 0 69 0 0 0 76 75 0 0 0 0 56 0 33 0 0 0 32 0 0 0 61 0 0 99 86 0 0 37 0 0 0 2 62 0 0 0 0 0 84 2 0 0 0 0 0 0 0 0 0 17 0 0 32 0 0 0 0 0
0 0 0 89 0 0 0 0 0 0 76 0 16 99 0 0 0 0 17 0 0 0 0 0 0 0 0 0 0 0 0 69 0 0 0 0 0 19 0 0 28 0 0 56 80 0 0 0 15 98 0 31 0 0 79 0 0 0 0 0 44 0 0 0 0 15 0 27 95 88 0 0 0 0 0 0 0 85 0 0 0 0 0 61 0 0 0 0 0 0 0 0 0 37 92 51 0 0 0 82 0 40 0 0 0 44 0 0 0 0 0 0 0 0 0 39 0 0 0 0 0 0 0 78 0 0 0 0 0 0 76 19 0 33 0 0 0 47 0 0 0 0 0 0 0 0 0 0 0 0 0 0 0 78 0 0 0 0 85 0 0 0 0 0 0 0 0 81 53 0 0 0 0 0 60 100 0 0 0 79 0 1 0 0 0 59 0 0 0 0 28 0 0 0 0 0 0 2 0 46 18 0 0 0 0 0 0 58 0 0 0 0 0 63 0 1 8 67 0 0 0 0 0 15 0 0 0 0 0 0 3 62 0 0 0 63 0 72 0 0 0 0 0 0 0 5 70 0 0 0 0 0 0 0 0 0 0 0 0 0 32 33 0 0 38 12 70 0 0 0 0 0 0 73 74 0 54 0 12 0 0 0 0 0 14 0 0 0 0 0 0 0 0 0 0 0 0 0 0 0 0 0 0 0 0 0 0 0 0 0 0 0 0 0 0 0 0 0 0 0 61 0 0 0 30 94 43 0 0 0 0 0 0 60 0 0 0 0 0 0 0 0 0 0 0 0 22 0 0 0 0 33 0 17 0 0 37 0 0 0 0 0 0 0 0 0 0 0 0 58 0 0 0 0 47 0 0 0 55 0 0 0 0 0 52 0 0 0 48 69 0 0 0 0 0 0 0 0 87 0
0 0 0 43 0 0 0 0 0 0 0 79 0 0 75 0 0 0 8 0 0 0 0 19 0 0 0 0 0 0 49 23 64 0 0 0 0 0 0 43 0 0 0 48 52 88 0 0 5 0 0 17 0 0 0 0 0 0 51 0 0 0 0 0 0 0 0 0 0 0 0 5 0 0 46 0 0 0 0 85 10 0 0 0 0 0 0 0 0 47 19 0 0 0 29 0 0 0 99 0 0 39 0 0 77 0 0 0 0 31 0 47 0 48 0 0 0 0 86 0 0 0 34 89 0 0 0 0 82 30 0 2 57 0 33 0 0 0 86 0 0 0 0 17 0 0 19 60 0 96 2 0 63 0 0 0 0 0 0 0 0 0 0 0 0 0 16 0 0 74 0 44 57 0 0 86 0 0 0 0 0 0 10 0 0 0 0 50 49 0 0 0 0 0 0 0 75 67 0 0 58 0 0 0 0 92 0 0 0 97 0 0 0 0 0 0 0 0 0 0 0 76 0 0 0 0 98 0 0 0 0 0 22 0 0 0 0 0 0 0 0 0 99 0 0 18 0 0 0 0 0 34 11 11 97 0 17 0 0 0 0 43 0 0 0 6 0 23 0 0 0 0 73 0 0 0 0 0 51 4 18 0 39 0 0 62 0 0 0 0 0 62 0 0 0 0 57 0 0 0 0 0 8 0 59 16 0 0 40 0 0 94 0 0 0 0 0 0 0 0 0 0 74 0 0 0 0 88 0 0 0 0 0 43 0 0 64 0 0 79 0 0 0 0 0 86 0 0 0 0 72 36 0 0 0 0 0 0 0 0 0 37 0 88 0 67 0 87 0 0 0 0 0 0 0 0 66 0 0 31 0 0 0 0 0 0 27 0 0 0 65 0 92 0 0 0 0 7 0 0
19 0 0 0 53 0 0 0 0 0 0 79 0 0 0 0 0 0 83 0 30 0 77 0 0 0 20 94 0 55 0 0 77 15 0 0 0 0 0 0 5 85 0 0 73 0 0 0 0 0 9 90 0 0 0 0 0 0 0 0 0 0 0 0 0 19 10 0 0 0 0 0 0 0 0 0 0 0 0 0 0 0 0 0 16 0 0 0 35 0 92 0 3 0 0 0 0 0 0 41 53 0 0 65 0 0 90 0 41 0 0 0 31 0 59 0 0 0 0 0 81 50 22 0 0 0 20 40 84 0 68 34 0 0 0 5 0 0 0 0 0 30 94 0 0 0 0 0 0 0 92 0 0 0 4 0 0 0 65 0 0 83 0 0 0 0 0 0 0 0 0 0 0 0 0 0 12 18 0 0 0 0 0 0 4 0 0 0 78 76 22 0 0 0 0 0 0 86 0 0 0 0 0 0 0 0 0 0 0 0 0 0 0 54 0 0 0 0 0 0 0 39 0 0 0 0 0 0 53 0 39 0 0 0 0 0 0 0 56 0 0 0 0 0 0 36 88 0 0 0 0 0 0 0 0 0 0 0 0 0 8 43 0 92 0 0 0 47 0 0 0 0 0 0 0 24 0 0 0 0 0 42 0 0 57 0 17 0 37 0 0 0 0 0 0 0 0 0 0 0 0 57 0 66 0 0 0 35 0 0 0 0 0 0 97 0 0 0 0 0 0 25 17 37 0 0 0 22 0 0 0 0 0 0 64 17 0 74 0 0 0 0 0 0 0 0 0 19 64 27 0 40 0 0 0 0 0 0 0 0 0 91 66 0 63 0 0 0 0 0 12 0 0 0 0 61 0 15 0 0 0 0 0 42 0 0 0 59 0 0 0 0 0 0 0 0 0 0 0 14
0 0 0 0 0 0 0 80 0 0 0 0 0 0 0 25 58 0 37 0 0 0 0 0 0 0 0 0 0 0 0 0 0 0 70 0 24 0 0 0 13 0 0 0 0 43 0 0 0 0 0 0 0 0 79 0 0 0 0 0 34 76 0 0 0 99 0 97 0 0 0 0 87 23 92 0 92 0 94 0 0 1 0 0 0 0 0 0 0 0 0 0 10 0 0 0 0 0 31 0 0 50 66 0 0 0 0 0 59 0 0 0 0 0 0 0 0 0 0 0 0 0 0 0 0 0 0 0 3 0 50 0 67 0 73 0 64 0 41 0 0 0 52 0 0 0 0 0 0 0 0 73 0 0 0 0 0 86 0 0 0 0 51 96 0 0 0 0 83 0 0 0 0 0 0 0 0 0 32 0 0 53 0 0 98 90 0 0 0 42 0 0 0 0 0 0 0 0 72 0 0 0 0 0 0 89 41 0 0 7 0 0 0 0 0 0 0 0 0 0 0 0 0 0 98 31 0 0 0 60 53 0 0 100 0 0 0 42 93 0 0 0 0 0 0 0 0 0 0 77 72 0 0 0 0 82 60 0 0 0 0 0 66 48 0 0 0 93 0 0 0 0 0 15 0 0 0 0 54 0 0 0 0 0 0 0 0 0 0 10 0 0 0 78 0 2 0 0 0 0 65 19 0 0 2 68 0 0 0 0 44 0 0 0 0 0 0 0 0 65 0 0 0 0 0 0 34 0 0 0 33 0 0 0 0 0 0 99 0 0 0 0 0 28 0 0 67 57 17 41 0 0 0 8 0 0 0 0 9 0 0 40 0 0 87 0 28 33 31 0 0 0 79 0 0 0 99 0 78 0 0 2 0 0 0 0 0 0 0 0 0 0 0 0 0 0 42 60 0 0
0 0 0 0 0 0 0 66 0 0 0 0 0 85 83 0 0 0 0 0 0 88 28 0 0 0 0 0 0 69 0 0 0 0 0 0 0 67 0 0 0 23 0 58 0 0 39 0 0 0 0 0 0 0 11 14 0 0 0 63 0 0 0 0 98 64 0 0 0 0 0 27 0 0 0 0 0 0 0 0 84 0 27 0 0 0 0 0 0 0 49 0 0 79 0 23 0 0 0 60 0 0 44 35 100 1 0 0 0 4 91 0 100 0 0 0 80 0 0 0 0 42 0 95 0 92 0 0 0 0 63 0 0 0 0 0 0 0 0 0 41 0 34 0 0 0 0 92 0 0 0 80 81 81 75 0 23 0 0 55 45 0 0 0 51 62 0 37 0 0 0 94 0 0 83 0 0 0 68 0 0 0 0 47 0 33 0 0 6 2 0 0 0 0 0 0 51 0 0 0 0 0 0 0 0 0 0 0 0 0 0 0 0 0 67 0 0 0 17 0 0 0 0 88 0 24 0 69 84 0 0 62 0 76 0 0 0 0 0 0 8 6 0 0 88 26 10 48 0 79 0 0 57 0 0 0 23 0 0 0 0 0 0 0 71 0 0 43 0 0 32 0 10 0 0 54 0 0 0 82 0 0 0 0 0 53 0 0 0 0 0 0 2 0 10 0 71 0 0 0 0 77 0 68 14 0 0 0 50 52 33 0 0 76 33 0 5 90 0 25 6 0 0 0 47 0 0 0 0 0 0 0 0 0 0 0 0 0 16 0 0 24 0 0 0 0 70 0 29 0 0 0 0 78 0 55 0 0 0 0 0 0 0 93 81 0 0 0 0 0 0 0 12 0 0 0 0 0 0 0 0 53 0 23 0 0 0 69 0 0 0 0 0 57 49 3 0 0 58 0
0 0 0 0 94 0 0 0 0 1 45 0 0 0 81 0 0 73 0 0 0 0 0 0 0 0 35 0 0 0 0 0 0 0 0 31 27 0 0 84 0 0 31 0 0 0 0 0 0 0 0 0 0 0 0 0 49 0 0 49 0 17 0 0 0 0 0 0 0 0 0 0 0 0 0 0 0 0 0 0 0 62 17 0 0 43 0 0 0 0 0 0 0 0 24 78 0 0 33 0 0 0 70 0 82 0 0 0 0 0 0 0 0 0 0 0 0 0 0 67 0 0 0 0 0 33 0 0 7 0 55 60 0 0 0 0 55 0 53 0 0 0 0 0 0 0 0 0 0 0 0 0 0 83 0 59 58 0 0 0 0 91 28 84 94 0 0 0 0 33 0 0 0 0 0 49 0 0 0 0 0 0 0 0 0 0 0 0 80 0 0 71 36 0 0 46 28 0 0 3 0 0 67 12 0 0 44 0 0 27 0 59 0 0 0 94 71 52 0 0 50 0 0 0 0 0 0 0 0 9 0 0 21 0 0 0 0 0 48 46 0 0 4 31 4 0 0 0 22 0 0 0 0 0 0 0 0 45 0 0 0 0 0 0 0 0 0 0 0 44 0 0 0 58 65 42 19 0 0 2 83 53 0 0 0 0 0 0 0 0 83 0 0 94 0 0 0 0 0 87 30 3 0 0 0 0 0 0 0 0 0 0 0 0 51 0 0 0 84 11 0 0 0 0 0 0 0 0 24 81 0 0 0 0 0 0 0 0 38 0 0 0 0 0 0 0 0 0 0 1 0 0 0 0 0 0 0 0 0 0 67 0 30 12 0 93 48 0 0 15 0 0 49 0 0 67 0 0 0 0 0 0 0 0 0 0 0 0 0 48 0 63 0 0 0 0 34 0 90 0
0 0 0 0 0 0 0 0 0 34 51 0 0 0 0 0 58 0 0 33 0 8 0 0 0 0 63 0 0 0 2 0 0 90 0 0 0 0 0 0 0 0 0 0 0 24 0 0 0 0 0 0 0 0 0 76 0 0 0 0 40 18 0 0 45 0 0 75 0 0 0 0 25 0 0 0 0 0 0 5 0 0 0 0 0 0 0 0 99 0 0 0 74 0 0 0 0 0 0 0 0 96 28 96 0 0 0 0 0 0 0 0 67 0 57 0 11 0 0 0 0 0 8 0 0 0 0 51 0 0 0 81 38 0 0 0 0 0 0 0 10 0 0 0 0 44 0 0 67 0 0 0 0 0 0 0 56 0 0 0 88 57 77 0 0 0 0 0 59 36 86 0 0 97 0 0 0 94 0 0 19 0 73 0 0 77 0 13 0 16 81 0 0 74 26 0 0 0 0 0 0 64 0 25 0 0 0 0 0 0 0 26 0 0 0 0 0 0 0 0 0 0 11 0 0 82 0 29 0 0 1 73 0 0 0 0 0 0 0 0 0 0 36 0 0 0 91 0 0 0 51 99 0 0 0 0 72 0 0 0 0 0 0 78 36 0 0 8 0 46 0 0 0 0 0 0 0 72 0 0 0 86 0 0 68 91 55 0 20 98 0 0 19 18 9 0 0 0 0 32 97 0 1 0 0 0 0 36 0 0 0 0 98 0 0 0 0 0 0 0 0 81 0 0 96 0 0 0 0 0 0 2 97 0 53 0 0 61 0 81 58 96 0 0 42 0 0 0 0 0 0 0 0 0 0 0 93 2 69 62 0 0 0 0 14 0 0 0 0 0 47 0 0 0 51 0 0 0 0 0 0 0 40 0 37 0 0 0 24 62 0 0 0 0 0 66 0 0 0 0
95 0 0 0 0 0 0 0 40 0 0 0 0 0 40 51 0 26 0 87 0 75 0 33 0 0 0 0 11 0 0 0 0 0 0 0 45 0 0 0 0 0 0 0 0 72 0 0 0 0 0 0 0 0 0 0 0 0 0 0 0 71 0 92 0 0 0 0 0 0 0 0 0 0 0 0 0 0 0 39 0 80 0 0 0 0 16 0 0 0 0 0 42 28 0 0 0 4 0 0 0 0 0 0 0 0 0 0 69 0 0 0 0 0 0 0 15 0 0 0 53 0 0 99 0 0 0 0 0 0 0 0 0 0 0 53 0 0 64 81 0 0 0 0 0 65 11 0 0 0 0 0 0 56 0 0 0 0 0 0 55 0 87 0 47 0 0 0 0 0 0 0 0 0 0 0 0 0 0 0 0 85 44 78 0 0 0 0 0 0 0 0 0 0 0 77 0 34 6 42 0 0 10 0 30 0 0 0 72 30 0 0 38 0 0 0 2 0 1 0 3 0 0 0 9 0 37 0 0 0 0 0 0 0 0 0 52 32 0 0 0 0 0 0 11 58 0 0 0 0 0 0 0 0 0 0 0 28 65 58 0 0 0 0 0 0 0 0 0 0 0 0 0 0 0 0 0 0 0 0 0 0 0 0 0 0 0 0 0 0 0 96 0 0 0 0 0 0 0 0 0 0 0 0 0 0 0 0 0 0 15 0 0 0 0 68 0 0 0 0 0 0 0 35 0 0 69 0 53 0 0 0 0 0 0 0 0 0 0 46 0 0 36 0 0 0 0 0 0 48 0 21 65 0 0 47 22 0 0 0 0 0 0 0 0 0 0 0 0 0 0 0 0 0 0 0 0 0 0 0 48 0 0 0 0 0 0 0 0 0 0 0 0 45 45 53 62 0 0 0
81 0 0 0 0 0 0 0 0 38 0 63 0 88 0 0 0 0 63 0 0 0 0 0 0 0 63 0 0 0 0 0 0 71 0 13 0 0 24 0 0 54 0 0 0 0 50 0 0 0 0 34 28 0 0 0 28 38 0 22 0 0 0 0 0 0 0 0 0 0 82 79 47 0 0 0 43 0 95 0 76 73 0 0 0 26 0 0 0 0 0 0 0 0 0 0 57 0 0 0 0 0 0 0 0 0 0 0 0 0 68 0 0 0 0 56 44 0 4 37 27 0 0 0 0 0 73 0 88 0 39 63 0 0 0 0 0 0 77 0 39 81 89 52 0 0 0 0 0 0 0 0 0 0 0 74 0 0 52 0 64 0 0 0 47 0 63 0 0 0 100 0 0 22 0 0 0 0 0 77 0 0 0 0 0 0 0 0 5 0 0 0 16 0 60 45 0 0 0 0 6 0 0 0 63 0 0 0 0 55 55 0 65 0 31 0 54 0 0 95 0 0 44 0 0 0 0 96 0 0 0 0 0 0 0 0 0 16 0 0 0 0 0 0 0 0 0 0 0 83 75 0 0 0 0 0 0 0 40 17 0 0 0 0 0 0 0 93 96 67 0 0 0 0 43 57 60 0 0 0 9 23 0 48 33 24 0 0 0 0 0 0 0 0 6 0 39 74 0 0 0 0 0 0 31 76 0 0 0 0 0 31 0 0 0 0 0 0 0 0 0 0 0 0 0 0 0 0 0 0 32 96 0 33 66 0 82 0 0 0 0 0 0 0 0 0 0 0 0 0 0 4 0 0 0 16 0 0 0 0 0 0 0 0 0 0 0 0 0 43 0 0 0 0 0 0 0 0 0 0 0 79 0 0 0 0 0 62 0 0 0 0 46 0 0 0 0 0 0 0
36 0 16 0 0 0 0 0 83 0 0 0 0 0 0 0 0 80 0 0 75 0 46 82 25 0 0 0 0 68 0 0 0 0 48 0 95 0 0 0 0 0 0 0 0 0 63 0 0 0 0 32 0 0 0 62 0 0 0 92 0 0 0 0 0 0 0 0 0 0 62 0 76 0 0 0 0 0 97 0 0 0 0 0 0 0 92 0 0 65 0 61 0 5 0 0 0 90 0 0 0 0 0 74 0 0 0 0 0 0 47 0 0 0 0 64 0 0 0 49 0 0 0 77 0 0 0 0 0 0 0 0 0 0 0 75 40 0 0 34 0 0 0 0 0 0 0 80 0 0 0 0 0 68 0 0 20 0 0 0 0 49 0 0 52 0 0 0 0 6 0 43 0 0 0 0 61 0 0 0 0 0 0 0 5 0 0 6 0 0 54 92 0 0 0 0 0 18 0 32 0 86 68 0 86 38 0 0 0 0 0 0 69 24 0 0 0 0 0 28 22 0 0 0 9 0 0 0 0 0 0 28 49 0 0 0 10 0 0 30 0 0 12 0 0 0 0 97 26 56 0 0 0 0 58 35 0 0 0 0 0 0 0 0 0 0 25 0 0 0 0 35 90 0 73 0 0 0 0 0 0 0 15 0 89 0 0 14 74 0 0 69 97 0 67 0 0 0 0 0 0 0 10 0 0 0 46 0 58 0 35 12 0 0 52 0 0 55 33 0 0 0 0 0 0 0 0 0 45 0 0 0 0 0 0 0 0 0 0 0 0 0 0 0 0 0 0 0 0 0 91 0 94 0 0 0 0 0 0 0 18 0 0 0 0 0 0 0 0 0 46 0 0 0 0 0 0 0 36 0 0 28 73 0 0 0 0 0 0 0 0 0 0 0 55 45 0 0 55 0
0 0 0 0 0 77 0 0 0 0 0 0 0 0 0 0 52 0 0 24 0 0 0 0 0 90 0 0 0 0 0 0 0 26 0 0 0 0 0 0 0 0 0 0 0 0 0 0 0 54 0 91 0 87 0 0 0 0 0 52 77 0 0 16 0 47 0 28 54 0 0 0 0 59 0 0 79 0 63 0 0 0 0 0 0 0 92 0 94 99 0 0 0 0 0 0 0 82 0 0 79 86 18 44 36 25 0 17 0 0 0 0 0 0 0 0 0 59 0 0 0 0 0 0 0 0 0 0 0 0 0 0 0 0 0 0 0 0 81 0 0 0 0 0 0 69 71 40 0 0 0 0 98 0 0 77 0 77 0 0 0 0 0 0 0 0 0 0 0 0 0 0 0 0 80 0 0 59 0 0 0 62 0 0 80 0 0 84 34 0 0 0 94 0 0 25 0 0 0 0 32 0 0 0 0 0 0 0 0 0 1 0 0 0 24 0 56 0 0 0 0 0 77 10 0 74 0 0 0 63 38 10 0 0 0 0 24 0 0 0 0 20 0 0 6 0 0 0 0 0 0 0 0 0 0 0 0 0 0 0 6 66 37 0 0 0 0 0 0 0 0 0 0 0 22 0 14 0 61 0 0 0 69 0 0 100 0 0 0 0 30 0 0 81 6 74 0 0 0 3 0 0 0 0 0 0 0 47 0 0 0 0 0 0 0 0 48 0 29 0 0 0 0 0 0 82 0 0 0 0 0 0 0 0 0 13 0 47 0 0 24 0 0 15 0 0 0 0 0 0 0 0 49 37 0 0 0 0 0 0 0 16 0 0 0 38 0 93 83 0 0 0 0 0 0 81 0 0 0 0 0 0 0 0 0 0 0 69 0 45 0 0 8 44 0 0 78 85 0 0
100 99 14 61 0 47 0 0 0 93 0 0 0 0 0 37 0 52 0 0 0 0 99 0 95 20 0 68 0 0 0 0 87 24 0 26 84 0 82 86 0 0 31 0 0 0 0 0 0 0 0 88 28 78 0 54 94 0 0 0 0 0 51 0 0 0 0 94 0 0 0 0 0 0 0 6 0 0 0 9 0 0 52 0 0 0 5 0 29 0 28 75 0 0 0 0 0 0 0 0 0 37 0 93 80 0 42 0 0 98 0 0 63 0 0 0 0 0 0 0 0 2 0 0 0 0 0 0 0 0 0 100 0 0 0 23 0 0 0 0 0 0 0 0 0 0 0 0 58 99 0 55 0 0 0 0 0 0 0 12 84 0 0 0 88 0 24 0 0 0 0 52 0 0 0 0 56 0 50 59 0 63 0 0 0 0 0 84 0 0 0 0 0 0 0 0 0 0 0 0 0 52 0 66 0 0 0 0 0 4 0 0 0 0 68 0 0 0 0 0 0 0 0 0 20 0 89 0 61 0 0 71 0 0 0 0 0 0 0 43 44 35 0 0 0 0 0 0 0 0 0 25 0 0 0 0 0 0 0 87 0 0 0 49 0 0 0 17 0 40 0 0 0 0 0 0 0 0 0 0 0 9 0 0 80 0 0 58 65 62 0 99 0 0 0 0 0 71 70 0 0 0 66 0 0 0 16 0 10 26 0 11 0 36 0 6 0 0 13 0 0 94 55 0 0 0 0 29 0 0 0 0 0 0 54 54 80 0 20 0 0 0 0 14 0 70 0 0 0 0 0 26 0 97 0 0 0 0 0 0 66 0 0 0 0 65 0 0 0 0 0 0 54 0 0 27 93 43 0 15 88 0 0 61 0 0 0 0 0 90 0 53 89 13 0 0 0 80 0 0
0 0 0 0 0 0 0 0 0 80 0 0 71 21 0 0 0 0 0 0 0 0 0 0 41 69 46 0 0 41 0 0 0 0 0 0 0 25 0 0 0 3 0 57 0 0 0 0 0 0 0 0 52 0 0 0 0 0 0 0 0 59 0 0 0 85 0 0 0 0 0 0 0 0 0 0 0 0 51 0 0 0 95 0 99 81 0 60 0 0 78 0 0 26 3 0 39 0 0 37 0 0 0 0 0 47 0 0 0 26 0 0 0 0 0 33 0 0 0 0 0 30 0 0 0 0 0 0 50 0 0 0 42 1 0 0 97 0 0 100 0 0 0 13 0 88 44 0 61 0 6 0 46 0 0 0 31 0 45 0 0 0 0 10 0 0 0 0 23 13 29 40 0 0 0 0 0 20 0 0 0 0 92 0 0 0 10 0 0 0 0 0 64 0 0 11 22 24 0 0 0 74 0 0 0 0 0 0 73 0 0 0 0 0 0 0 27 0 77 0 0 0 43 55 99 0 24 0 0 0 44 0 0 0 0 0 0 0 15 0 0 0 0 0 47 39 0 0 0 58 0 0 44 0 77 0 0 0 0 0 0 0 0 0 0 73 48 0 19 0 0 0 30 0 0 0 0 29 0 0 15 78 0 0 0 0 67 0 0 50 0 0 0 0 0 0 0 42 0 0 0 0 0 0 0 0 0 5 0 0 35 0 0 0 0 85 0 0 0 0 0 0 0 33 0 0 2 0 32 0 0 0 0 0 0 50 10 31 0 0 0 81 27 0 26 0 53 0 31 0 0 0 0 0 0 0 0 0 0 0 84 0 0 0 0 8 0 53 0 0 0 0 0 0 0 0 61 0 57 0 0 0 15 0 0 0 0 0 0 11 0 0 71 97 0 0 24 0 22 0
81 0 0 0 0 0 0 52 0 0 0 0 0 0 6 49 0 0 0 0 0 60 0 0 0 0 18 0 37 3 0 94 0 0 91 0 0 0 0 0 0 0 0 0 0 15 17 69 0 0 0 0 71 67 0 0 0 52 0 0 0 0 0 0 0 0 92 0 78 66 0 0 0 0 0 0 69 0 0 19 68 0 0 0 0 0 0 100 0 0 0 0 0 0 0 0 0 0 33 0 73 75 0 0 0 99 25 0 88 0 0 0 17 0 79 0 0 0 0 0 0 0 0 0 0 0 0 0 0 0 0 0 0 0 0 0 0 31 0 66 0 0 82 65 0 10 0 0 16 0 0 0 0 0 31 0 57 44 0 0 35 93 0 0 0 0 0 0 52 0 0 0 0 25 0 0 0 56 68 0 0 88 0 0 0 80 0 0 0 0 0 0 0 0 40 0 32 0 0 0 0 0 0 0 0 0 0 0 0 0 0 0 0 0 21 0 0 15 0 5 1 0 0 0 0 0 65 0 47 69 40 0 0 0 20 58 65 0 30 93 0 47 0 35 45 0 39 78 0 0 0 0 0 83 0 0 0 0 0 0 0 39 71 0 0 0 99 0 0 0 0 0 53 0 4 0 0 0 0 28 0 0 60 0 0 97 0 0 0 0 0 0 0 18 0 11 0 96 0 21 0 0 0 0 0 0 0 0 0 73 0 0 12 0 0 12 0 0 0 0 0 0 89 81 0 0 0 0 0 0 0 0 31 0 0 48 0 0 0 58 0 0 0 93 0 0 0 0 0 0 0 0 60 0 47 0 0 0 0 0 0 39 0 59 0 0 91 0 0 0 93 0 0 98 0 16 0 0 0 0 66 99 0 82 0 80 0 19 0 0 6 0 0 0 0 35 76 64 0 0
0 0 77 24 47 0 0 0 0 0 37 0 0 69 0 0 0 0 74 0 24 0 0 0 0 21 0 21 0 0 0 0 0 0 0 0 0 84 0 0 0 33 0 8 0 79 5 0 0 0 6 0 0 22 0 0 0 0 54 0 0 0 0 0 0 63 0 0 0 54 55 0 0 18 0 0 0 92 0 95 0 14 23 0 0 5 0 0 0 52 99 4 0 0 42 83 0 0 0 0 26 56 14 87 0 0 13 0 0 90 0 0 0 0 57 0 0 0 75 0 0 0 0 0 0 0 0 98 0 0 0 0 0 50 0 0 0 0 0 84 0 0 0 0 97 75 0 80 0 0 8 55 0 0 98 0 0 0 0 87 45 0 0 0 0 0 0 39 0 0 70 0 0 63 0 73 69 35 89 0 0 0 50 0 60 0 0 76 0 0 0 0 0 0 0 0 0 84 0 0 100 0 0 0 0 0 89 0 0 0 0 0 0 0 0 0 0 0 0 0 0 0 18 0 0 0 0 0 0 0 0 0 0 0 0 0 0 87 0 41 0 0 0 0 0 0 0 0 0 0 0 0 0 0 0 0 60 0 0 93 90 0 0 0 0 0 0 0 0 12 0 0 0 0 0 0 0 50 0 0 0 60 6 0 0 91 0 0 0 0 0 0 0 0 0 0 81 0 0 0 0 0 0 0 0 3 0 0 89 0 0 0 92 0 20 0 7 0 0 90 0 0 0 70 0 0 60 82 0 0 0 0 0 0 12 0 0 82 0 67 0 0 0 0 0 0 12 0 0 0 0 0 0 0 0 0 0 0 0 0 0 0 55 0 0 0 0 0 0 0 0 4 28 4 0 0 22 0 0 46 0 0 0 0 0 41 96 63 0 0 0 0 0 0 0 10 0 0 0 0
0 44 0 0 5 0 0 0 100 0 0 0 7 0 0 61 0 22 0 0 0 0 0 9 0 0 0 0 0 0 0 18 0 0 0 0 0 0 0 27 0 0 0 0 0 71 0 0 0 65 9 0 0 31 44 0 64 0 0 0 0 0 0 96 77 25 8 0 100 82 100 0 0 0 0 0 0 0 0 0 0 0 0 16 0 0 0 93 59 0 38 0 0 0 0 0 0 35 8 0 24 2 0 55 0 0 61 0 0 48 0 0 0 53 0 0 0 0 0 0 0 0 0 45 0 0 0 0 0 0 0 0 0 0 61 0 0 0 26 0 0 0 0 0 63 0 49 0 0 0 0 0 0 0 44 14 0 0 0 0 41 0 25 0 0 0 0 0 0 68 0 0 0 0 0 0 100 0 0 93 0 95 0 0 0 0 58 0 10 0 0 0 0 82 9 0 0 0 3 39 0 0 0 5 0 0 27 50 0 0 0 48 0 0 0 36 0 56 0 0 0 0 0 35 59 0 0 79 78 0 0 90 35 0 44 0 0 0 68 52 41 0 0 41 0 0 3 98 0 0 0 0 0 0 40 0 0 28 0 0 0 0 0 0 94 24 0 0 0 0 3 0 0 0 0 0 63 0 23 3 0 94 0 86 0 0 0 0 0 13 0 0 16 0 0 0 79 0 0 0 68 0 18 0 0 44 0 0 0 0 0 0 0 1 0 0 0 0 31 41 0 0 0 20 0 0 0 0 0 0 78 0 0 0 0 0 0 0 66 73 0 27 0 63 0 0 0 0 0 78 0 0 0 0 0 64 37 0 0 0 38 0 70 0 90 0 0 0 0 0 0 0 0 0 0 0 0 0 0 0 0 0 0 0 0 37 0 15 0 0 30 0 0 0 0 11 0 0 0 0
0 99 0 0 0 0 0 0 0 0 0 0 0 0 0 50 0 0 0 0 0 0 56 95 0 15 0 0 0 0 27 0 0 0 1 0 0 40 0 0 0 0 0 0 54 0 88 0 54 73 24 0 97 0 24 0 0 0 0 0 67 0 0 0 0 0 48 0 0 0 0 0 0 0 0 0 0 0 0 18 0 0 37 0 0 0 0 0 14 0 82 86 0 0 0 4 0 0 52 0 0 39 0 0 0 13 0 0 0 0 0 79 0 82 0 0 0 0 0 0 96 0 0 0 94 19 0 0 0 93 0 0 0 29 0 0 0 0 0 17 99 0 30 0 0 0 0 0 91 0 0 0 0 23 36 0 77 50 30 0 0 0 0 0 0 0 0 0 0 0 0 33 0 0 0 0 16 42 0 0 0 0 0 0 0 77 0 0 0 0 0 39 85 0 0 0 0 0 0 0 0 0 0 0 0 0 0 0 0 0 0 0 0 0 0 25 0 0 0 0 0 0 0 0 0 0 0 58 0 0 0 45 0 5 0 79 0 0 0 0 7 0 0 0 0 0 0 27 23 0 60 50 0 87 0 0 16 45 29 29 0 0 0 0 44 0 0 0 0 0 0 0 0 0 0 0 0 0 0 0 91 0 85 0 0 83 0 0 2 0 0 35 0 64 0 0 31 57 0 0 0 0 0 0 17 0 0 0 78 0 0 0 21 81 30 47 0 0 0 0 80 0 0 0 0 50 0 94 0 0 0 0 0 3 0 0 0 0 0 0 0 0 0 0 0 0 0 0 0 0 0 0 0 42 56 0 0 0 0 33 28 10 68 0 0 0 0 55 94 0 0 0 19 0 0 0 0 0 0 25 0 0 0 0 0 0 0 0 4 0 0 0 53 60 17 0 79 0 0 0
0 0 0 93 47 0 0 0 0 0 0 0 0 96 0 18 0 0 0 0 0 0 0 0 0 0 25 0 16 41 0 0 56 98 0 0 0 0 0 73 43 0 33 0 0 0 0 0 0 0 43 96 59 0 0 0 0 0 44 0 0 0 0 0 0 0 0 15 0 74 0 0 0 0 0 59 0 0 0 0 0 94 87 0 0 0 0 0 69 0 0 0 0 0 0 0 53 83 100 0 0 0 0 55 0 6 37 0 0 66 97 0 0 0 0 0 0 0 0 0 0 0 0 0 0 0 0 94 0 0 0 0 83 0 39 0 0 0 93 91 0 0 92 0 24 0 0 0 45 0 0 27 0 0 2 0 0 0 0 0 0 0 0 0 0 0 0 0 0 0 0 75 0 0 0 95 24 85 6 0 0 79 94 0 0 75 0 0 0 0 17 0 0 30 0 0 0 0 61 100 0 0 0 0 74 0 0 0 52 0 97 0 0 0 0 27 0 0 30 0 0 0 30 0 0 42 0 0 0 0 0 0 0 0 0 0 25 22 0 0 0 0 0 0 0 0 0 0 0 31 0 0 27 0 0 13 17 0 0 0 0 58 0 0 0 0 100 0 76 0 0 0 0 0 56 68 0 25 0 0 0 0 0 0 0 0 0 13 0 39 72 15 0 0 0 0 0 0 0 79 0 0 21 66 0 0 0 0 0 16 0 0 0 0 0 0 0 0 0 86 0 21 0 0 0 0 84 0 0 0 25 0 17 0 0 0 0 0 0 72 60 79 0 0 0 0 0 0 19 29 0 65 0 0 77 0 0 0 12 0 0 0 0 0 0 0 0 0 0 0 0 0 89 79 0 0 0 88 0 0 0 0 0 72 65 0 0 79 96 0 0 39 0 0 88 0 0 0 0 0
0 0 0 0 0 0 69 0 0 0 0 0 0 97 0 77 0 0 0 37 0 0 15 0 0 0 8 0 92 0 0 0 0 0 0 0 0 0 0 0 90 26 100 0 0 0 0 0 0 0 0 0 0 0 0 0 16 0 0 0 0 29 0 0 11 0 77 0 0 0 0 50 86 0 91 0 0 0 90 0 0 35 0 23 61 0 30 0 89 0 51 20 0 0 0 0 0 0 0 0 20 0 0 45 84 83 0 96 0 0 0 0 0 0 12 0 0 12 0 26 0 0 0 0 37 0 0 0 0 0 0 0 0 0 32 54 28 0 0 63 20 77 0 0 0 0 63 0 0 0 0 0 0 0 0 0 0 50 21 0 0 0 0 0 53 0 0 0 0 0 0 27 0 0 0 0 0 0 97 9 0 63 66 13 0 0 0 0 0 55 0 0 0 0 0 0 0 0 0 0 100 0 18 0 0 56 15 0 66 0 0 0 0 0 0 0 0 0 0 0 0 0 0 0 24 25 0 0 84 0 91 0 62 0 55 0 0 0 0 0 93 0 27 98 0 0 0 0 0 0 0 0 33 0 0 17 0 0 0 0 79 89 0 0 88 0 0 0 45 0 44 0 97 0 0 67 0 0 92 0 0 0 0 0 0 0 0 57 8 13 0 0 0 41 0 0 78 0 0 0 19 0 0 0 0 84 81 0 0 0 0 0 0 0 0 0 0 0 0 0 39 0 18 0 0 0 0 0 26 0 0 0 0 0 0 0 0 22 0 0 0 0 0 0 0 62 0 0 0 0 0 91 0 65 0 13 0 50 0 45 0 0 0 0 0 0 0 0 0 0 0 0 0 0 0 0 0 0 0 0 0 0 0 0 0 0 0 35 0 0 0 0 0 0 0 0 0 0 0 0
0 0 0 0 97 0 0 0 59 30 0 0 0 0 0 39 0 0 0 0 0 0 0 72 0 0 26 0 83 0 0 0 0 80 0 68 0 0 0 0 0 0 0 0 0 0 0 34 0 0 0 0 73 0 0 0 0 0 0 79 0 84 0 55 0 0 0 0 0 0 0 0 0 0 0 0 0 0 0 36 0 0 0 0 0 0 0 28 0 0 0 0 0 0 5 0 3 0 0 0 46 0 0 0 23 0 0 0 0 0 0 0 0 0 33 0 0 0 0 0 83 0 0 0 0 0 0 0 0 0 21 0 72 0 0 0 0 67 84 0 0 0 0 0 0 0 0 0 0 24 36 77 0 0 0 0 0 0 0 25 0 0 55 0 87 0 0 0 0 0 83 0 0 0 0 0 0 0 0 40 0 0 0 0 17 0 0 0 0 0 0 0 0 0 0 0 0 0 0 0 17 0 0 0 0 0 0 0 56 0 0 0 0 0 82 0 0 0 52 0 0 0 35 0 0 0 0 0 0 0 0 0 0 75 97 0 0 0 14 0 0 0 47 0 0 0 0 0 0 0 0 59 0 4 0 0 0 0 26 0 0 0 57 38 0 55 0 0 0 38 0 0 0 0 50 0 0 0 0 0 0 88 0 0 0 0 0 0 91 0 0 82 0 0 0 0 0 0 0 0 0 0 23 0 0 0 0 0 0 71 38 0 0 0 0 0 80 0 0 0 0 0 0 0 0 0 0 0 0 14 0 0 0 0 0 0 0 0 0 0 0 0 75 0 0 0 0 0 69 0 0 95 0 24 0 19 0 0 0 0 0 0 0 0 0 36 79 0 74 57 0 0 0 12 0 0 0 0 0 0 0 0 0 82 0 0 98 0 23 0 0 0 0 0 96 0 0 73 0 0
0 0 0 0 0 0 0 0 0 97 0 0 0 0 0 0 0 0 0 85 0 0 0 0 0 0 0 0 42 0 0 0 7 0 0 0 0 36 0 0 0 0 0 52 0 0 11 0 0 76 0 1 0 94 0 0 67 0 0 0 0 90 0 0 0 0 0 56 0 0 0 2 0 13 0 0 0 98 27 13 0 67 0 0 0 0 0 0 0 0 91 0 0 0 0 0 0 96 0 0 0 0 11 0 0 0 0 61 96 0 0 0 73 0 0 86 99 0 0 0 0 16 0 0 0 0 0 96 0 0 0 0 0 0 0 0 10 0 0 0 0 0 0 0 0 0 65 0 0 0 0 82 47 13 26 51 0 99 0 0 11 0 0 36 0 0 94 0 0 0 0 0 0 0 0 0 73 0 0 82 85 65 76 93 0 0 0 82 0 0 0 52 0 0 52 0 14 0 0 0 0 0 0 0 0 0 0 0 0 0 34 0 0 53 0 0 27 0 0 0 0 26 0 0 0 0 0 0 0 0 0 0 0 0 43 8 0 0 98 0 80 0 0 86 70 0 0 0 0 0 27 0 0 0 27 0 0 0 0 0 0 0 0 0 0 0 0 9 0 0 0 0 0 0 0 19 18 0 16 61 0 0 75 0 0 32 0 62 79 0 84 0 0 0 0 0 0 50 0 0 0 0 0 0 35 0 0 0 10 0 0 0 0 0 12 13 0 0 0 0 0 0 0 14 50 58 0 0 0 0 38 0 0 49 0 0 34 0 0 50 0 65 56 0 0 0 0 0 0 0 100 0 0 99 0 0 0 85 0 15 0 0 0 0 0 0 80 0 0 0 0 0 88 0 0 0 0 0 0 0 55 0 5 62 70 0 0 0 18 84 0 88 0 0 0 0 88 0 0 0
0 42 0 0 14 4 0 0 0 0 0 0 7 0 0 0 0 0 0 0 0 0 0 0 0 0 0 0 0 0 0 0 0 0 0 0 0 65 4 0 0 69 0 0 0 0 0 0 76 10 0 16 0 0 0 0 0 0 83 0 0 0 0 0 0 0 0 48 0 0 27 0 0 0 80 0 0 31 0 0 0 0 0 0 0 0 0 19 0 0 0 0 18 0 0 0 0 0 0 0 0 0 2 0 0 0 0 0 0 70 0 0 75 0 0 0 0 31 0 0 0 0 0 0 0 80 55 54 0 72 0 0 24 0 0 90 0 0 0 89 0 76 0 82 0 45 0 0 0 0 0 15 0 0 0 57 12 22 0 0 0 0 13 12 82 38 0 0 0 28 14 0 0 63 0 0 0 0 0 0 98 0 0 0 0 37 0 0 0 2 0 4 0 87 0 92 0 50 13 0 0 0 48 0 0 0 0 22 0 0 84 0 0 0 0 0 84 0 0 0 4 47 0 0 0 31 0 4 88 86 4 0 0 0 0 0 0 96 0 81 0 51 0 0 0 0 0 0 0 67 33 0 0 0 0 0 70 0 0 0 0 0 0 10 94 0 0 19 0 0 0 82 30 23 84 0 0 0 0 61 59 0 99 0 0 0 0 0 0 54 0 0 0 0 97 44 0 61 0 0 0 2 84 0 0 2 0 61 0 0 57 0 0 0 0 0 0 0 0 0 0 0 0 0 0 0 0 0 0 0 0 0 0 0 0 44 20 0 0 0 35 0 50 0 0 0 0 0 0 0 0 37 0 79 0 0 0 0 0 0 0 0 26 0 0 0 0 88 0 0 85 12 88 0 0 0 0 83 0 12 0 0 5 26 0 55 20 0 0 49 0 0 96 0 34 0 0 42 55 0
0 0 0 0 0 0 8 51 0 0 0 48 0 0 0 68 0 0 33 62 0 0 0 0 0 0 0 0 0 0 0 44 0 0 0 0 0 0 0 0 12 0 0 0 0 0 0 0 0 7 0 0 0 0 0 0 0 0 0 0 0 14 57 0 0 0 0 71 0 0 0 0 43 0 0 0 33 0 0 69 77 0 0 0 0 0 61 0 79 38 0 81 0 0 77 0 31 72 0 0 0 84 88 0 0 0 0 0 0 0 0 0 0 0 0 0 0 0 41 50 66 0 0 0 25 0 0 0 0 84 7 87 0 0 0 0 0 85 0 70 22 0 0 0 0 69 38 0 0 0 0 0 22 0 21 0 0 0 0 0 80 0 0 0 0 0 0 0 50 92 0 78 0 0 88 0 0 0 0 0 0 0 0 0 0 0 0 0 52 0 0 0 0 0 0 0 0 0 0 0 31 97 0 0 0 0 0 0 46 0 0 36 0 0 0 0 38 48 0 0 0 0 0 0 0 54 0 0 0 0 0 0 0 0 0 59 37 0 0 0 0 0 0 92 0 0 0 0 0 0 0 37 0 0 85 0 0 0 13 0 45 0 48 0 0 0 0 0 0 0 0 45 0 0 65 9 35 0 0 42 0 0 0 0 74 0 68 0 0 0 0 0 0 0 0 15 0 0 0 64 0 0 80 2 0 0 0 0 0 0 0 48 0 0 0 0 0 0 0 0 0 15 77 0 0 22 18 0 0 0 0 0 0 0 0 0 0 0 0 0 0 0 0 29 98 0 26 0 0 0 0 0 0 0 0 99 0 0 0 0 10 0 0 0 58 0 0 0 0 64 0 0 0 0 0 0 0 0 0 0 72 0 0 0 0 0 0 0 0 0 0 0 0 0 0 0 76 91 0 0
0 95 0 0 0 0 0 0 0 0 7 0 0 0 0 0 0 0 0 0 0 8 0 0 0 0 0 0 0 0 73 27 0 6 0 0 0 0 0 42 0 0 0 0 0 95 0 0 0 0 0 20 48 0 0 0 0 0 0 82 0 0 0 0 0 81 0 67 92 0 0 0 0 0 0 0 0 0 0 0 0 0 0 0 0 0 0 0 0 0 0 0 0 0 2 0 0 0 0 0 0 0 0 35 0 88 0 0 99 0 0 0 0 0 0 78 0 0 0 0 0 0 0 21 0 0 0 0 15 0 0 0 0 39 0 0 0 0 73 56 0 0 0 0 5 0 56 77 28 0 92 0 0 0 46 0 0 0 0 0 5 0 0 0 13 0 0 0 76 0 0 0 63 81 38 0 0 0 0 0 0 0 0 0 90 17 11 0 0 0 0 0 0 0 0 19 51 0 0 0 0 0 0 0 0 0 0 0 0 0 0 0 0 0 0 0 54 0 0 0 0 0 12 0 0 0 0 0 63 0 0 0 0 0 0 0 0 0 62 0 0 0 0 0 0 83 0 0 0 0 0 0 56 0 0 0 43 0 0 84 72 0 48 27 0 0 0 0 33 7 0 73 0 81 0 30 67 0 0 18 0 0 0 52 7 0 0 0 90 0 0 9 0 0 77 0 0 28 27 0 0 0 0 0 56 0 0 0 0 0 0 50 0 0 0 0 0 0 83 7 0 56 0 79 69 0 0 0 77 0 0 0 0 0 57 0 31 0 0 76 0 0 91 30 0 0 0 0 0 0 0 0 0 0 0 0 0 0 0 0 0 3 0 57 71 0 0 55 36 0 0 0 0 0 85 21 0 30 0 0 0 0 27 70 61 0 0 0 80 0 12 0 30 0 0 0 64 0 0 0
0 83 0 85 13 0 100 92 4 0 0 0 0 0 0 0 0 0 85 0 0 51 0 0 0 57 0 0 0 73 0 0 0 0 0 0 0 0 0 20 0 0 0 0 0 0 0 0 0 0 30 0 0 0 0 0 0 94 0 0 24 0 0 0 62 0 0 0 0 76 0 91 85 51 86 14 0 0 0 0 15 55 0 39 0 27 0 83 0 0 100 0 0 0 73 0 0 0 0 0 0 0 0 0 0 55 0 0 0 91 0 0 0 0 56 0 0 0 91 0 0 0 0 0 0 19 0 2 0 0 0 0 0 100 57 0 0 0 0 0 0 0 0 0 0 0 0 0 0 0 0 0 0 0 0 0 70 0 0 0 0 0 0 0 0 0 0 50 0 57 41 0 0 66 13 69 0 0 45 0 27 0 24 0 0 0 38 0 0 0 0 0 0 0 0 0 0 92 62 0 0 41 0 25 0 0 100 26 0 0 0 0 0 65 24 0 47 0 0 0 0 0 0 0 0 0 0 0 0 0 22 0 72 28 0 0 91 0 0 0 64 0 0 0 0 0 10 0 42 0 0 0 62 0 0 88 0 0 0 0 0 0 0 49 0 90 7 0 11 79 0 0 19 0 6 0 0 0 0 0 0 0 0 97 0 0 0 0 0 0 0 0 0 56 0 0 85 0 0 0 0 0 40 64 0 48 100 0 0 0 0 0 41 0 0 0 0 69 0 0 0 64 0 0 0 0 0 34 0 0 0 34 0 0 0 0 0 0 0 0 45 0 34 0 0 0 97 0 2 49 69 0 0 0 0 33 0 0 0 0 0 0 0 47 70 0 0 0 19 99 91 0 0 0 0 0 0 0 0 0 63 0 0 0 64 0 0 5 0 0 0 7 0 0 36 0 0 19 0 0
34 18 37 0 0 0 0 0 0 0 0 0 0 12 0 0 0 0 0 0 0 0 0 0 14 22 0 0 0 0 62 0 0 0 0 0 0 0 55 0 0 0 0 0 0 3 37 0 54 0 54 0 0 0 0 0 0 0 0 0 0 35 6 0 99 0 0 0 0 91 51 75 0 0 36 0 19 0 14 0 0 0 0 0 0 0 0 0 0 0 81 0 0 0 0 0 0 21 0 0 0 0 0 0 0 44 0 82 89 0 65 0 0 11 0 0 0 32 86 0 0 52 0 0 0 0 0 91 0 0 0 0 0 40 0 0 0 0 0 0 0 0 0 0 0 0 0 48 0 0 0 0 65 0 0 0 46 0 0 0 0 0 0 0 0 0 0 0 43 0 0 0 94 0 0 11 0 18 0 0 0 0 0 0 0 0 0 0 92 0 0 0 0 0 54 42 0 0 0 0 0 0 0 81 16 0 89 0 0 55 0 0 4 0 0 0 38 0 0 0 0 95 0 0 0 0 0 0 0 69 63 0 0 0 0 0 1 0 0 0 0 5 1 0 0 0 0 66 74 0 8 0 0 59 27 0 78 0 0 0 0 0 0 0 0 0 0 5 0 0 0 0 0 0 0 0 0 0 79 0 0 0 0 0 83 0 0 0 96 99 0 0 0 0 0 1 0 59 0 0 0 0 0 95 0 41 29 0 0 71 14 0 0 0 0 21 0 0 0 50 10 0 39 72 85 38 0 0 0 0 28 0 6 0 32 0 0 0 0 0 0 0 0 0 0 18 0 49 0 0 0 0 10 0 99 0 0 0 0 0 0 2 83 0 0 0 0 0 45 0 0 0 28 0 0 8 8 0 0 0 54 4 0 0 0 0 0 0 0 23 0 48 0 0 74 0 0 0 0 0
0 0 0 42 0 0 0 0 0 0 0 0 0 0 0 0 0 0 77 0 0 0 0 0 0 0 0 0 0 0 0 0 0 0 36 0 91 74 0 0 47 64 0 0 0 0 0 62 41 21 0 0 72 0 0 79 0 0 0 60 10 0 0 0 84 0 0 26 35 0 0 0 0 79 0 0 0 0 0 0 30 0 0 0 50 0 0 0 50 0 0 0 0 0 0 0 0 0 0 0 72 0 0 90 0 0 93 0 0 0 93 0 0 0 65 0 0 0 0 0 76 0 78 0 0 57 0 0 0 0 0 0 0 0 3 0 0 70 0 0 0 45 0 0 0 0 34 98 60 11 0 3 39 0 0 0 23 67 0 0 0 0 62 0 0 0 0 97 0 0 17 0 0 0 0 44 0 0 0 0 0 0 0 0 0 0 0 97 0 0 0 79 0 0 0 0 0 0 0 0 0 0 0 0 0 0 0 0 0 0 0 0 0 0 0 0 0 0 0 0 0 0 0 0 0 95 0 47 0 0 0 0 0 0 10 0 0 0 0 0 10 0 0 91 0 0 51 0 83 0 24 0 0 0 97 0 23 91 0 1 0 0 0 0 0 0 0 55 0 0 0 0 0 93 0 0 29 12 0 0 0 16 0 0 0 0 0 0 0 0 0 0 0 0 0 0 10 0 0 0 0 3 0 0 52 0 0 0 87 0 0 0 0 0 0 0 0 0 0 0 0 0 18 0 96 0 0 53 0 0 0 0 0 0 0 0 0 76 96 62 0 0 57 53 0 90 0 0 0 48 16 0 82 0 0 47 0 76 11 0 0 0 0 0 38 0 0 0 72 0 0 76 0 0 0 32 32 0 0 0 0 35 0 0 0 0 41 15 0 0 0 0 0 74 0 7 0 0 0 0
0 0 0 0 0 0 0 0 0 52 0 0 50 0 57 0 0 0 0 0 0 0 0 100 21 0 0 0 0 0 11 0 66 0 30 0 0 3 0 0 0 0 0 83 0 77 0 84 0 0 0 0 0 0 0 0 0 0 5 96 0 0 19 90 0 0 0 0 83 0 0 0 0 0 0 55 0 88 0 76 0 0 0 0 0 59 0 67 0 0 12 32 0 0 34 0 0 44 86 13 38 0 0 0 0 0 0 0 0 4 0 0 0 0 0 0 92 21 0 0 0 0 23 0 0 9 0 0 0 0 4 0 0 0 0 69 0 76 0 0 0 0 0 0 0 28 34 0 0 25 56 0 0 89 0 27 0 0 0 0 0 36 0 0 0 0 100 0 0 0 0 0 0 0 0 0 0 61 22 0 30 0 83 0 34 0 0 0 0 0 0 0 0 0 71 0 0 21 2 0 0 0 3 0 0 0 98 0 0 0 0 0 0 0 0 0 0 0 6 0 0 0 0 0 0 29 0 0 0 14 26 36 0 0 0 0 49 0 0 0 80 0 0 0 0 0 0 0 0 74 0 80 46 0 0 0 0 0 0 0 0 0 0 0 0 8 0 94 0 0 0 0 73 22 14 0 74 39 0 5 0 60 0 0 0 0 31 0 0 0 57 64 53 27 0 0 0 0 89 0 6 0 0 48 0 0 0 0 0 0 0 0 0 0 0 0 0 47 0 0 0 0 0 0 0 0 0 0 0 0 0 0 48 0 0 38 0 0 62 14 0 67 94 0 40 0 0 0 0 0 0 0 0 0 0 100 25 0 0 0 0 0 0 0 7 0 0 0 0 0 0 10 0 0 45 0 100 0 84 0 0 0 2 0 0 0 0 0 0 0 0 0 79 0 0 62 83 0 95 97
99 0 0 0 62 0 0 0 15 0 0 3 81 0 0 63 0 0 85 0 0 0 91 0 0 65 0 0 0 0 0 0 84 31 0 0 0 0 0 73 0 51 27 0 0 59 0 0 26 0 89 76 0 34 15 0 0 0 0 0 0 0 0 0 0 0 0 94 83 0 0 0 0 0 0 0 0 0 60 0 42 0 0 0 0 67 0 66 0 0 21 91 0 0 0 0 0 0 0 0 0 51 0 0 78 0 34 0 0 0 0 0 0 42 0 0 0 0 0 0 0 0 0 0 0 0 0 31 0 75 0 0 8 0 0 0 0 15 0 0 0 0 60 0 0 0 0 0 0 0 0 0 0 0 0 0 85 0 0 17 99 0 42 0 0 0 0 60 38 0 0 0 77 0 0 0 0 0 0 82 0 0 29 0 0 0 0 0 0 56 60 0 0 0 0 0 0 0 0 0 0 44 0 0 10 0 75 0 54 0 0 0 0 15 57 0 0 0 38 0 82 0 0 80 0 0 0 0 0 35 87 0 0 0 77 0 0 0 0 0 0 89 0 0 0 0 31 54 0 25 76 0 0 0 0 0 0 12 0 0 0 0 0 0 0 0 0 0 0 0 79 0 0 0 87 0 0 0 0 0 0 0 0 0 0 0 0 50 34 0 26 0 0 0 88 54 0 0 4 0 70 0 80 0 0 0 0 14 0 0 0 0 0 19 0 0 71 88 0 0 65 12 77 0 66 4 40 0 83 91 0 0 0 0 0 0 25 28 0 0 56 0 0 0 0 0 0 0 0 64 0 0 0 0 21 34 93 0 64 0 43 0 0 88 0 0 0 0 0 0 0 0 44 0 0 41 0 0 0 0 0 0 0 0 0 0 0 88 0 0 0 0 54 0 0 0 0 0 0 0
0 20 98 0 0 0 0 0 66 69 9 0 0 0 0 0 0 0 0 0 0 0 0 36 90 0 46 49 0 0 0 0 0 27 0 0 0 34 0 6 91 0 31 0 0 0 0 1 0 0 32 0 96 79 0 0 0 0 18 0 0 0 0 0 0 0 0 50 50 0 0 0 20 65 0 49 22 0 0 0 0 0 0 15 95 0 27 0 0 31 0 30 0 0 0 0 0 0 0 0 46 32 0 0 0 0 94 0 18 0 0 0 0 0 0 0 0 0 91 0 0 0 0 0 0 0 54 0 57 0 0 0 0 0 0 0 64 0 0 7 93 0 0 0 0 86 0 0 0 0 0 0 0 0 0 0 0 78 87 0 61 27 0 0 84 0 0 1 0 0 0 0 0 24 0 100 0 77 0 82 0 37 43 0 0 0 0 38 0 0 0 0 0 0 95 0 0 0 0 0 0 0 0 0 0 0 24 72 80 0 0 0 0 0 0 0 0 77 0 0 32 0 0 0 65 0 37 0 0 56 100 23 0 0 0 0 0 0 0 0 0 0 48 0 0 0 0 28 20 83 0 0 0 0 0 96 0 0 0 0 55 0 16 13 0 0 0 88 0 82 41 53 60 0 0 0 0 0 0 0 0 0 0 17 0 0 0 0 0 0 0 0 88 0 22 0 0 95 0 0 37 0 0 0 0 0 0 0 0 0 34 0 70 0 19 0 0 0 0 0 72 0 0 0 0 5 0 0 0 0 13 75 0 0 92 0 0 0 0 0 0 0 0 0 25 0 0 0 0 46 0 0 0 0 0 0 0 0 0 0 1 9 58 0 16 0 24 94 15 0 0 0 43 0 0 72 5 0 65 0 0 9 0 0 90 0 0 11 6 0 0 0 0 0 0 40 0 0 0 0
2 0 0 0 0 15 0 61 0 0 0 0 0 0 0 0 0 56 0 30 0 0 0 0 0 0 89 0 82 0 0 0 0 0 0 17 0 0 0 0 0 0 0 55 52 0 13 0 0 0 71 0 0 0 0 0 0 0 0 0 0 0 0 0 0 77 0 0 0 0 61 0 0 0 0 0 0 0 0 0 0 90 0 9 50 0 0 79 19 0 63 47 96 0 0 50 6 0 0 0 0 0 0 0 0 44 0 26 0 0 100 0 0 0 86 53 0 0 0 0 0 0 0 0 32 0 0 0 0 0 0 73 0 0 54 0 3 0 0 0 0 0 0 49 0 0 0 25 0 0 0 0 43 0 0 18 0 0 18 45 68 0 0 75 0 0 0 30 14 0 0 0 0 0 0 0 20 0 0 0 0 0 24 0 0 0 0 0 95 0 10 85 0 0 0 11 0 51 0 0 1 65 0 0 0 0 0 62 0 0 0 0 80 63 0 0 0 11 0 21 0 4 66 88 0 0 9 0 0 42 0 76 0 0 31 0 66 0 0 29 78 0 4 0 51 3 15 0 0 0 83 0 0 0 0 26 0 7 0 0 0 0 0 0 0 0 0 58 39 0 0 0 0 0 0 0 74 59 17 0 16 4 23 0 87 0 85 0 0 0 0 0 0 0 0 0 82 69 0 0 1 0 0 0 0 0 0 0 0 0 0 0 0 0 0 59 0 0 0 0 0 0 0 0 0 0 66 0 76 0 6 15 0 0 0 0 36 0 0 85 25 0 0 58 99 0 0 0 37 36 0 0 0 0 0 10 0 0 0 0 0 0 0 75 43 39 82 7 0 42 0 0 55 98 0 0 0 0 41 69 73 0 94 0 83 0 0 84 0 0 0 0 0 0 0 45 10 80 0 97
0 0 43 0 0 0 0 0 0 0 0 5 0 0 0 0 0 98 75 0 0 0 0 0 0 0 0 0 0 0 0 18 0 0 0 0 0 98 3 0 3 0 0 48 0 0 27 18 83 16 0 0 0 0 55 82 85 0 14 0 80 0 0 0 0 0 44 91 0 0 0 73 0 0 0 0 0 0 32 0 0 19 9 95 0 0 24 0 0 0 58 8 0 51 0 0 8 0 0 66 51 87 0 0 78 0 0 0 0 0 81 0 0 0 0 0 0 44 63 0 0 0 0 0 92 0 0 0 0 0 0 55 0 87 0 6 0 0 0 0 0 0 0 0 0 0 0 4 0 0 35 0 0 0 0 69 0 92 0 83 0 0 0 0 51 42 0 0 85 0 0 0 0 0 0 0 0 73 0 0 0 38 55 0 0 0 0 0 0 95 0 0 0 78 0 0 0 0 0 63 48 0 0 0 0 0 0 64 0 28 0 0 0 0 0 17 0 0 0 0 79 0 0 0 61 0 0 0 0 0 0 0 72 0 0 0 0 0 66 0 0 94 0 8 0 0 0 88 0 0 15 0 79 0 95 0 0 0 32 0 0 0 55 0 0 86 0 0 0 0 0 24 42 0 51 7 0 0 0 0 58 0 0 22 0 0 95 0 40 1 0 0 0 80 0 3 73 7 44 66 0 0 0 0 82 0 0 0 0 73 0 0 0 0 54 0 0 0 0 0 34 0 21 0 0 0 0 0 0 0 0 0 0 86 0 0 0 28 0 0 0 0 0 27 0 0 0 14 39 0 0 0 0 0 0 0 0 47 0 0 0 0 0 0 0 0 0 0 74 0 63 0 0 0 35 84 0 19 0 0 78 0 0 81 0 0 0 0 86 28 50 0 0 51 90 0 0 55 41 0
0 0 13 0 71 2 0 0 0 0 0 0 0 0 17 0 0 0 0 6 0 0 0 0 0 0 0 87 0 0 0 0 99 0 0 44 0 0 0 0 0 0 0 0 30 49 0 57 0 0 0 0 0 0 0 2 0 0 0 0 62 73 0 28 0 0 0 0 0 0 0 0 0 0 0 0 61 0 0 0 62 20 0 0 0 0 0 95 28 72 0 0 0 0 0 13 0 0 0 0 0 2 0 0 0 0 0 0 0 35 0 96 0 0 0 0 0 0 0 100 20 0 58 0 0 89 0 0 0 69 0 0 0 0 0 0 0 0 0 40 0 0 0 62 0 0 0 0 0 63 0 0 0 95 30 0 0 0 0 0 0 0 0 0 0 0 0 0 0 0 0 0 88 0 0 0 0 0 0 0 0 100 0 0 0 0 0 34 0 76 0 0 0 0 0 0 0 0 0 27 0 0 0 0 0 0 0 85 0 77 0 68 0 0 0 0 0 0 0 0 0 0 55 0 23 0 0 88 0 0 0 0 0 0 0 93 0 0 0 0 0 28 3 87 25 34 0 0 0 60 0 92 0 0 85 0 0 0 0 0 100 0 0 0 0 0 0 0 0 0 0 1 10 0 0 97 0 43 0 60 18 0 0 0 0 0 0 4 62 0 24 0 0 0 94 0 0 0 0 0 83 0 0 0 0 0 0 0 0 96 0 0 41 0 0 0 0 0 0 82 0 55 75 85 4 0 0 0 0 96 58 0 100 0 48 0 0 0 0 0 76 0 0 0 0 0 0 67 22 0 0 0 0 0 0 90 0 0 0 0 0 0 0 0 30 28 0 0 0 0 0 0 0 0 0 0 0 0 0 95 0 0 0 0 0 0 0 0 0 18 58 68 0 0 0 0 29 0 0 0
18 0 0 40 0 0 39 0 0 0 0 78 0 0 53 0 0 0 0 5 0 0 73 0 0 0 0 0 0 0 0 0 0 0 0 0 8 0 37 0 0 0 92 0 0 0 0 0 67 0 43 0 0 31 0 0 84 1 0 0 0 0 55 0 78 0 0 0 0 51 0 0 0 0 0 0 0 0 0 55 0 0 96 76 73 0 0 45 0 0 0 0 11 0 0 0 0 0 0 0 28 0 9 0 29 0 0 0 0 0 0 32 0 0 0 0 0 28 96 0 0 0 0 0 0 3 0 0 0 0 0 0 0 31 0 34 0 0 0 0 0 33 0 0 0 0 0 0 0 0 0 0 0 0 0 29 74 77 0 0 0 98 0 0 30 13 0 0 0 0 0 0 0 0 0 0 0 0 0 0 22 0 0 0 65 0 65 0 0 0 0 0 0 59 0 0 0 0 0 0 0 0 61 0 49 0 70 9 0 0 0 0 0 0 92 54 0 94 26 0 0 0 0 0 0 35 0 66 0 0 0 71 0 0 0 0 14 75 0 0 0 0 0 0 38 0 0 0 0 0 0 0 89 69 0 0 0 0 34 57 0 0 0 0 0 0 0 0 0 0 30 0 0 0 0 0 40 0 28 0 0 0 0 0 0 0 0 0 90 94 0 0 0 0 0 0 0 16 0 0 0 98 0 0 0 0 61 0 59 0 0 0 0 0 0 0 20 37 0 49 0 0 0 0 0 0 0 0 0 16 54 0 0 0 65 0 0 0 0 10 0 96 0 0 10 0 60 0 0 0 0 0 0 14 0 0 0 0 0 75 0 79 0 0 0 53 0 61 0 0 0 0 0 65 0 16 0 74 0 51 0 0 0 0 0 0 0 0 0 0 0 84 0 20 71 0 0 15 90 0
0 0 0 0 0 0 59 0 0 0 0 0 0 0 0 0 51 0 0 0 0 0 0 0 0 0 0 0 0 0 100 15 0 0 25 0 0 66 0 0 0 41 0 0 0 0 68 0 0 0 0 0 47 0 20 78 0 32 19 13 0 36 0 26 6 0 22 0 9 0 62 65 0 0 45 0 46 0 44 0 0 0 0 7 0 0 0 0 80 89 0 0 0 0 0 0 0 0 0 0 0 0 3 9 0 0 0 0 54 26 0 0 0 0 0 0 0 0 0 23 0 0 0 98 0 0 0 93 4 35 0 0 38 26 92 71 0 0 0 0 0 0 0 0 0 0 0 0 0 0 0 0 0 0 34 0 30 0 0 0 0 19 0 0 59 8 73 0 0 41 0 0 0 0 0 0 0 0 11 0 0 61 0 0 0 0 85 0 0 0 81 3 72 0 0 49 0 0 0 0 85 0 0 0 0 0 0 0 0 0 4 0 92 0 0 0 34 34 42 85 0 0 0 0 0 0 0 0 0 55 0 22 81 0 0 0 8 29 0 0 0 0 30 0 0 0 0 0 0 0 0 0 39 0 0 13 0 0 30 0 0 0 0 0 0 0 5 0 79 0 0 0 0 0 0 3 0 14 0 0 0 0 0 73 43 0 0 0 0 36 0 84 0 0 0 0 98 8 0 1 0 0 0 0 0 0 0 0 0 0 65 0 0 0 0 0 0 0 0 0 0 0 0 89 1 0 0 0 47 43 0 22 0 0 49 0 9 0 0 0 0 0 0 0 0 76 0 0 0 0 0 16 0 0 0 0 0 0 0 32 23 44 0 0 0 0 0 0 0 0 0 0 0 0 96 0 14 0 0 42 0 0 0 0 0 0 0 0 0 26 0 0 39 54 0 0 99 0 0 0
0 52 0 0 0 34 0 0 1 0 0 51 0 91 0 0 0 0 55 0 12 0 0 0 0 0 1 0 0 89 0 0 0 46 0 0 0 0 0 0 0 0 58 0 2 56 0 7 0 0 99 0 0 0 0 30 0 0 0 0 0 0 0 0 0 8 0 0 0 0 0 0 0 0 27 0 90 0 58 0 81 0 67 0 0 0 0 0 0 100 67 0 0 0 87 0 0 0 5 69 0 71 77 80 0 0 0 38 36 0 90 0 59 0 9 0 0 0 0 0 63 83 0 0 94 0 0 99 0 0 0 0 0 59 0 0 0 0 0 0 0 89 0 16 0 0 0 0 0 0 0 27 0 0 0 0 0 0 19 57 0 0 0 0 0 25 0 0 0 98 0 0 0 0 0 0 0 0 0 0 32 0 72 0 0 0 0 0 0 70 0 0 0 0 94 0 14 0 0 0 4 23 0 0 0 0 0 0 84 0 85 0 0 80 0 0 0 0 0 0 82 0 0 0 0 60 35 0 0 0 0 0 0 0 49 0 0 75 0 0 0 0 0 74 84 0 45 0 0 44 0 0 16 34 0 96 76 0 0 59 0 0 0 0 0 0 0 0 0 0 0 87 0 71 0 0 0 93 98 0 0 0 0 0 0 58 99 27 0 98 0 0 0 0 86 0 0 0 0 0 96 83 0 0 51 69 0 0 0 0 0 0 68 83 78 26 0 0 0 50 0 41 100 0 0 0 38 0 69 0 0 66 0 0 0 0 27 52 0 0 0 36 0 0 70 49 0 0 0 0 0 0 0 0 58 0 0 0 0 0 0 0 0 0 0 0 0 40 0 0 0 0 0 0 0 0 51 0 0 0 49 0 0 0 0 0 100 0 0 0 60 0 16 0 0 0 12 0 0 77
50 6 0 0 80 66 0 0 55 0 0 0 0 0 0 0 0 0 0 64 95 43 0 0 93 40 0 0 0 17 32 0 0 0 22 17 0 29 0 0 0 0 0 0 0 0 0 0 0 97 77 41 0 84 0 0 0 0 50 0 32 0 0 70 0 0 0 0 0 0 0 50 0 80 0 0 0 0 0 0 0 0 0 0 0 53 0 0 0 64 0 0 0 10 69 0 0 0 0 0 0 0 0 0 86 0 0 67 0 0 0 93 0 39 0 0 0 91 24 0 47 37 0 0 98 0 52 0 0 0 0 25 0 0 0 0 0 70 0 0 0 0 83 0 0 0 0 0 0 0 65 8 0 0 99 0 0 0 0 0 0 0 0 0 72 0 0 0 0 0 0 0 0 0 0 14 0 0 94 9 0 0 0 0 0 0 0 64 43 0 0 0 0 0 19 0 0 0 29 0 0 0 0 0 0 0 0 0 96 0 0 0 31 0 0 0 0 87 0 46 0 0 64 99 90 0 60 15 0 14 1 0 20 0 27 0 86 0 0 0 0 0 0 0 0 19 0 0 0 0 0 0 0 99 0 0 35 0 0 0 0 0 0 0 0 16 0 0 0 0 0 77 0 99 0 0 0 0 0 0 0 63 16 0 83 0 0 0 0 0 86 17 0 23 0 0 0 0 0 0 0 0 0 0 47 0 0 0 0 37 0 59 72 0 0 0 0 0 0 0 20 12 0 97 0 0 0 0 0 64 89 0 31 0 0 0 0 0 71 19 0 0 0 0 97 0 0 0 0 0 0 0 0 48 18 0 0 0 0 24 0 0 0 0 9 0 0 0 93 0 0 0 0 0 0 0 0 0 0 23 32 0 59 0 0 0 0 44 0 0 0 0 87 0 0 0 0 6 0 62
0 0 0 0 0 0 0 36 0 47 0 0 54 0 0 0 0 0 0 0 0 0 0 0 0 54 0 0 0 0 0 0 0 0 34 74 0 0 0 0 47 43 0 13 0 19 0 76 77 0 0 0 0 0 0 43 0 0 0 0 91 0 0 0 15 0 0 0 17 0 33 6 57 93 46 0 0 0 0 34 66 0 25 0 98 0 0 0 0 0 0 0 0 0 0 12 0 0 0 81 0 0 83 0 77 0 0 0 0 0 0 0 78 0 0 0 0 83 0 0 29 0 0 0 0 0 0 0 0 0 55 26 0 0 0 0 0 0 76 0 0 0 0 0 0 0 0 68 0 0 0 0 53 18 0 35 0 0 84 0 0 23 16 2 66 0 0 0 0 0 0 0 84 0 0 0 0 23 0 0 0 0 0 0 0 0 0 0 0 0 12 0 0 0 0 53 0 71 0 0 45 0 24 0 0 15 0 0 0 0 0 94 5 0 0 56 0 0 34 11 0 0 0 21 0 0 52 0 0 0 79 0 0 0 0 0 0 91 96 0 81 0 0 0 0 13 0 0 0 0 48 0 0 0 20 0 0 0 0 0 0 0 0 0 0 0 0 0 0 0 0 0 0 0 0 0 0 0 84 0 15 0 0 0 0 0 0 0 75 0 0 0 0 0 0 0 0 0 0 0 0 0 0 0 70 0 0 0 0 0 0 5 0 0 29 0 0 0 0 0 6 0 0 0 0 0 64 11 0 0 0 0 0 0 0 0 0 0 0 0 0 0 41 0 0 0 82 0 0 0 0 0 0 0 0 15 0 69 0 14 0 0 0 0 0 63 6 0 0 67 48 69 0 0 0 0 0 48 0 0 0 0 0 0 84 0 0 63 0 11 0 42 0 0 0 0 73 0 0 0
0 0 0 71 74 96 18 0 27 0 0 0 0 0 0 65 0 0 0 0 0 0 84 0 77 0 0 0 0 0 34 0 0 0 0 0 0 87 0 0 0 0 76 19 0 0 0 0 0 74 0 0 33 0 44 0 0 0 0 0 0 0 0 1 0 0 0 0 7 96 0 0 51 67 0 85 0 37 0 0 25 0 94 0 0 0 0 0 0 7 0 7 63 1 0 0 0 54 0 0 0 63 0 38 0 20 0 0 0 0 31 0 0 0 0 0 0 0 20 53 0 0 0 0 0 0 0 13 59 0 20 0 0 0 0 0 0 25 89 0 0 23 95 0 39 0 92 0 0 0 0 0 0 0 0 0 70 0 0 13 0 10 0 0 0 0 33 13 0 0 36 0 55 0 0 0 0 0 0 8 63 0 0 62 37 69 0 0 0 0 38 57 98 0 39 0 0 0 0 0 0 0 0 0 0 0 0 0 0 0 0 0 0 0 0 0 0 0 0 0 0 0 72 0 0 71 0 0 0 0 79 0 86 0 64 0 0 0 71 78 0 0 0 0 0 0 0 0 0 0 0 0 0 0 0 0 10 0 0 47 41 98 0 0 40 0 0 0 0 0 0 83 0 0 0 7 0 0 0 75 0 0 0 0 0 0 0 0 0 0 3 0 0 0 0 0 0 0 0 0 0 0 41 0 2 8 48 0 0 0 0 0 0 81 0 0 0 0 10 26 64 0 11 0 0 0 0 0 0 0 0 0 87 0 0 0 8 0 0 60 17 0 0 82 0 89 38 0 94 88 0 23 40 0 0 56 0 0 0 0 50 0 0 0 0 0 0 72 0 0 0 0 0 0 61 0 0 93 92 95 0 34 0 56 0 0 0 70 0 0 0 0 0 0 0 0 0 86 0 0
0 0 0 0 0 0 0 0 0 0 0 64 11 0 0 0 74 0 0 0 97 3 0 14 0 69 0 25 0 0 0 0 10 65 0 100 0 0 0 0 0 0 0 25 0 0 0 0 0 0 0 0 0 0 0 0 0 0 0 0 18 0 0 0 0 22 0 0 0 0 0 55 0 0 92 0 0 31 0 8 0 0 0 0 0 0 0 0 91 29 9 0 0 0 0 0 0 0 94 0 0 0 0 0 74 14 0 0 0 61 0 0 57 0 56 0 0 0 0 0 0 62 0 0 49 0 0 0 88 30 0 0 37 0 0 88 0 0 0 0 79 0 76 0 0 0 0 0 0 0 0 0 10 0 13 44 47 0 0 0 0 0 0 32 0 0 0 0 0 0 0 0 0 0 62 87 0 0 77 0 0 0 0 0 0 0 0 87 84 0 0 0 30 59 0 82 0 0 0 0 0 55 0 0 0 0 81 0 0 0 0 0 0 0 95 0 0 0 88 0 0 0 41 0 0 0 0 45 11 0 0 0 0 0 20 0 0 0 0 0 0 0 0 0 0 0 0 71 0 55 76 84 46 67 0 0 0 49 0 0 0 0 0 0 0 0 0 56 0 78 83 0 73 0 0 100 0 72 0 0 62 78 0 0 0 0 58 16 0 0 0 0 42 0 0 0 49 0 0 0 0 0 58 0 0 28 0 0 0 0 76 0 0 52 0 0 0 48 0 0 0 0 0 0 0 0 8 0 0 0 60 0 58 4 0 0 0 55 0 24 0 0 13 0 0 99 0 0 0 0 0 93 45 0 0 45 0 51 0 0 1 0 0 0 15 0 0 0 0 0 0 0 5 0 0 0 0 0 0 0 0 0 82 0 0 0 0 0 0 0 0 0 0 0 0 0 0 0 0 0
0 0 0 29 0 0 20 0 0 0 59 16 0 0 0 61 38 33 0 0 0 0 7 98 0 0 83 0 0 0 0 0 0 0 0 0 27 86 0 25 0 41 0 0 0 39 72 0 0 0 0 0 0 0 2 0 0 0 0 0 74 0 91 0 71 0 24 0 0 0 95 0 0 75 0 0 0 32 0 0 0 68 0 38 0 0 0 0 0 0 0 0 0 0 62 0 42 0 0 0 0 0 30 36 0 62 0 36 0 0 79 19 0 35 0 0 0 0 0 80 0 0 0 20 93 0 0 87 0 0 0 0 0 27 0 0 0 0 0 0 0 55 68 0 0 0 0 0 0 97 0 0 66 82 0 0 0 0 0 0 0 0 37 0 0 13 0 93 0 0 0 0 0 0 0 0 0 0 0 0 87 0 0 0 0 0 0 0 0 0 0 39 0 0 0 0 0 0 0 0 71 91 77 0 0 21 0 0 10 0 0 0 0 91 9 0 0 0 0 0 0 0 0 0 7 69 76 0 42 0 0 84 0 0 83 0 0 0 0 0 0 0 0 0 0 0 0 0 0 0 0 0 0 0 12 0 0 18 0 0 73 0 0 0 24 2 0 77 0 0 0 0 0 0 0 0 0 67 0 88 0 0 20 0 0 0 0 0 0 0 3 0 0 0 0 0 0 20 0 0 0 0 0 0 0 40 0 0 0 50 42 0 32 0 86 2 0 84 0 11 53 71 0 0 0 0 32 0 0 0 0 0 0 0 0 0 0 0 0 36 0 12 37 0 0 0 0 0 0 0 0 33 0 0 35 0 84 0 0 86 12 0 0 5 0 0 80 64 0 0 0 0 0 0 0 0 0 0 0 0 0 0 0 0 0 0 0 29 0 0 0 0 63 0 0 0 0 0 0 0
0 26 0 0 0 0 0 14 0 15 0 0 0 0 0 0 0 0 35 40 51 0 0 34 0 0 0 0 0 4 0 0 0 0 0 0 0 56 0 0 0 0 43 0 40 0 0 44 0 56 0 47 98 92 0 0 0 0 0 0 0 0 0 0 0 0 0 10 0 0 0 0 0 0 0 24 0 0 17 0 9 0 26 0 0 0 0 79 0 0 0 69 0 0 0 0 0 0 25 18 0 0 0 23 0 0 0 0 0 0 0 0 66 86 4 0 0 0 0 0 47 0 0 99 0 0 54 37 0 83 0 0 0 0 61 0 0 48 0 0 0 0 0 0 0 48 0 0 0 0 0 0 0 5 0 0 0 0 85 0 0 0 0 0 0 0 51 0 0 0 0 0 0 0 93 0 9 90 0 92 0 0 0 12 0 0 0 0 26 0 0 0 0 0 0 0 0 46 0 0 0 0 27 0 0 1 0 0 0 0 0 0 0 0 0 93 0 58 0 45 60 48 88 99 26 26 0 38 0 0 56 0 0 0 60 97 0 0 0 63 0 0 38 0 87 27 75 0 100 0 0 0 0 0 0 0 70 0 0 0 0 87 0 58 0 0 66 23 0 90 0 0 0 0 0 0 0 0 0 0 0 0 0 44 0 0 66 72 9 0 0 0 0 0 0 0 32 0 76 35 0 0 0 0 0 80 0 0 0 0 0 0 0 0 0 0 71 0 14 0 58 0 46 0 0 4 0 0 0 0 0 0 0 0 0 0 0 0 0 0 0 21 0 6 0 0 0 0 0 47 0 0 97 0 0 0 0 0 0 65 0 57 54 0 0 99 0 0 0 0 68 0 0 0 0 0 0 0 0 66 0 0 0 0 0 0 0 0 25 88 0 0 0 0 0 0 0 0 7 74
83 0 0 0 0 0 68 0 0 0 0 0 0 33 0 52 0 0 0 0 0 0 0 0 0 0 0 0 0 0 0 0 33 0 0 0 0 0 0 0 0 0 0 0 0 0 0 0 0 0 0 0 78 57 0 0 0 0 0 0 0 0 0 1 0 0 0 61 0 0 9 0 60 0 0 0 0 0 38 0 0 0 0 36 0 0 26 2 0 0 0 0 0 47 0 11 0 0 0 0 0 0 0 0 0 0 65 0 86 0 0 0 17 0 0 0 0 0 0 37 0 0 29 0 0 0 0 0 0 0 0 0 0 0 23 0 0 69 60 0 73 64 0 0 69 0 0 0 0 0 0 0 9 55 42 0 0 0 0 0 0 0 0 91 0 53 0 0 0 0 0 0 0 6 0 0 20 81 0 0 53 69 84 20 0 0 0 0 0 91 96 0 41 0 0 0 0 0 76 0 0 0 0 16 0 0 37 39 0 0 0 54 0 0 12 0 0 0 53 66 0 0 0 0 0 35 0 66 0 5 38 0 0 0 0 0 0 0 0 41 0 0 0 0 0 0 0 0 0 100 0 0 0 0 0 40 11 0 0 46 49 0 0 0 2 0 0 0 0 84 0 45 0 21 0 0 0 0 0 47 0 0 0 37 37 0 0 4 17 75 0 0 0 0 20 0 0 0 0 68 0 0 0 0 0 0 0 0 0 0 0 0 0 56 0 0 0 0 0 52 0 0 0 0 0 0 0 0 26 83 0 0 0 0 0 56 0 0 0 0 0 0 0 0 0 0 96 0 0 0 34 0 55 74 0 31 69 0 36 0 0 53 0 0 22 0 25 0 0 0 18 0 0 0 0 0 0 0 0 0 0 84 4 18 91 0 0 49 0 0 0 0 0 0 0 0 99 25 0 0
71 0 0 0 0 0 68 0 0 80 0 0 0 0 0 0 49 0 0 0 0 0 0 75 0 0 0 0 0 0 0 0 0 0 0 0 20 0 0 0 36 84 0 38 0 0 0 0 0 0 0 0 0 0 95 0 0 0 0 61 0 0 0 0 0 0 4 67 0 85 0 56 0 5 0 0 0 0 5 13 0 0 0 0 0 0 0 0 0 0 0 0 0 91 0 73 0 0 0 0 0 0 0 0 0 14 55 0 0 0 0 0 0 0 33 49 0 67 0 0 0 0 0 62 0 0 23 0 0 0 0 0 0 0 0 0 0 0 0 0 0 0 0 0 0 0 0 0 0 0 0 0 0 0 36 0 0 0 0 0 77 0 0 0 0 0 24 0 13 0 0 19 0 0 0 0 0 81 0 0 0 72 0 55 0 0 0 88 0 0 0 0 0 59 29 0 61 0 0 8 57 0 0 0 0 96 0 0 0 89 0 0 0 0 0 0 0 0 0 65 75 0 90 0 0 0 0 0 0 0 45 0 74 0 0 0 0 78 0 1 0 0 0 85 0 74 0 0 0 47 0 0 0 96 0 0 0 0 0 0 0 0 0 62 0 0 0 25 0 0 91 0 0 0 0 0 0 0 0 0 0 0 0 0 17 0 0 0 30 0 0 12 22 0 0 47 0 0 0 0 89 29 0 80 8 0 0 0 0 0 57 0 0 0 0 0 92 41 2 0 49 62 0 0 0 37 0 0 0 0 0 0 69 39 0 0 0 0 49 0 0 0 90 0 0 0 0 0 0 0 73 0 0 0 0 83 61 0 0 0 0 0 0 0 0 0 0 0 0 0 0 0 0 0 0 0 0 50 0 0 0 17 0 28 0 0 31 0 0 0 0 0 0 40 98 0 0 25 0 0
0 0 0 0 0 0 40 0 0 0 66 84 30 0 0 0 26 0 0 0 0 72 0 76 0 0 0 0 0 0 89 0 0 0 0 0 16 0 56 0 0 83 0 0 0 0 0 0 0 0 0 48 0 57 0 21 0 0 0 0 15 66 2 0 0 0 0 0 0 0 0 0 0 0 48 0 52 0 79 66 0 0 0 98 56 68 95 0 0 40 55 0 0 0 21 0 0 0 0 0 0 66 0 74 0 0 0 0 52 17 0 0 0 0 0 0 0 0 0 0 0 0 0 0 67 0 0 42 38 0 8 59 26 0 0 0 53 0 0 0 0 99 16 0 0 0 0 50 0 0 0 0 0 0 60 75 0 26 0 0 0 0 0 0 91 0 0 98 0 24 0 0 0 63 23 65 95 0 55 0 0 25 0 0 0 0 0 0 71 99 0 0 0 0 0 0 0 0 0 0 0 0 0 0 69 0 0 3 0 73 0 0 0 8 0 10 0 0 93 0 0 42 0 59 0 13 0 0 41 0 0 58 0 0 74 0 0 45 2 0 0 69 87 0 0 0 0 0 0 9 0 0 0 0 0 0 0 0 0 0 20 0 0 0 0 0 32 0 57 0 0 45 0 0 1 86 39 17 94 0 22 0 0 74 19 0 0 0 15 0 79 0 0 0 0 0 74 0 0 0 79 92 0 0 0 0 68 81 0 13 2 0 0 0 0 0 0 64 0 34 0 0 0 17 16 0 0 0 0 0 27 0 4 0 0 11 0 0 95 36 0 31 25 0 0 0 0 0 0 0 0 0 0 82 0 0 77 98 0 67 0 0 0 0 0 25 0 0 0 0 51 30 0 0 29 0 0 0 0 0 72 0 67 25 0 42 0 0 18 57 0 18 0 0 0 0 0 77 6 61
18 89 0 57 79 0 0 0 0 29 0 4 0 0 63 0 18 62 64 68 79 0 0 0 0 0 0 0 78 0 96 0 0 88 0 0 0 32 0 0 0 0 81 41 0 41 0 0 0 0 0 0 0 0 0 0 0 0 47 0 0 0 0 81 0 21 0 0 51 0 0 0 0 0 0 0 58 0 0 5 0 0 0 0 0 0 0 29 0 0 0 0 0 0 0 0 0 0 43 0 74 0 0 0 0 86 0 0 86 0 99 0 0 0 0 0 0 0 0 0 0 88 53 22 0 0 0 0 0 0 0 0 15 0 0 0 51 0 0 0 0 0 0 0 0 0 0 0 0 0 0 0 72 0 50 0 0 0 0 0 0 96 0 0 0 0 0 0 0 0 0 0 0 81 0 73 0 0 58 0 84 35 0 0 0 0 0 0 0 0 0 23 96 0 0 0 0 0 14 0 0 44 0 0 0 0 0 0 0 0 0 52 14 0 8 0 0 0 0 0 0 0 0 3 0 0 1 0 0 84 0 0 0 79 0 0 11 0 0 31 0 64 0 0 47 0 0 32 0 0 0 0 0 0 0 0 0 6 36 71 0 91 75 0 0 3 3 7 84 61 0 0 71 0 0 84 37 89 0 0 0 46 0 0 76 0 0 84 0 0 0 0 0 28 0 0 14 23 75 91 0 78 0 49 0 0 71 0 0 67 0 0 0 0 96 93 72 0 0 0 0 0 0 0 0 70 0 0 0 94 0 0 53 53 0 0 0 0 0 68 0 74 0 0 7 0 0 4 0 0 0 0 39 0 0 0 0 0 28 0 0 61 0 0 0 0 0 86 46 0 0 0 0 33 0 0 0 0 77 0 0 0 0 0 0 92 0 45 0 0 14 0 0 30 0 0 70 0 0 74
0 0 0 0 26 0 0 0 0 0 0 0 0 0 0 68 0 59 0 0 0 0 84 0 0 0 6 30 10 0 8 0 0 0 0 15 0 0 0 0 0 37 0 0 58 0 0 0 0 0 0 0 17 0 0 0 0 0 0 0 50 0 0 25 49 0 0 0 45 0 0 0 0 13 0 42 0 0 0 0 71 0 0 0 0 0 92 0 0 33 0 23 0 0 7 0 0 0 0 0 0 0 0 29 0 8 0 74 34 0 0 0 0 11 0 6 0 0 0 0 100 0 0 0 0 0 0 0 0 0 0 0 0 0 0 0 0 96 0 0 0 0 82 0 0 33 0 0 0 0 0 0 65 0 0 0 0 0 0 59 0 0 0 51 0 0 0 0 0 0 0 12 0 0 0 0 0 0 0 31 0 52 15 19 0 0 0 49 0 0 0 0 0 0 51 0 0 0 0 4 33 0 65 95 89 0 90 0 87 0 0 83 0 0 0 0 0 0 33 5 49 0 0 0 0 0 0 0 43 96 82 0 0 75 0 82 0 0 0 0 0 0 0 0 0 33 12 0 0 0 0 0 0 98 0 47 9 0 24 75 0 0 0 0 84 63 0 0 0 0 0 0 21 0 0 0 0 3 0 0 0 0 0 93 0 65 73 0 8 0 0 0 0 0 0 0 0 0 0 0 0 8 0 0 6 0 0 0 95 0 0 0 16 85 32 0 0 0 0 17 0 0 0 48 81 0 0 0 0 78 21 0 0 0 53 0 0 40 0 57 0 0 85 0 0 0 0 0 0 0 0 0 0 0 0 0 80 58 10 81 0 0 0 0 0 0 0 70 0 7 87 0 63 0 90 0 0 0 83 0 0 0 0 0 0 0 0 0 66 0 0 0 70 36 0 84 78 0 0 83
0 90 0 0 0 0 0 0 0 90 0 0 78 2 0 0 0 31 0 0 0 0 0 13 0 0 0 0 0 0 0 0 0 0 0 0 0 0 0 0 0 0 0 0 77 0 0 0 0 0 0 0 0 0 90 0 0 0 85 0 0 55 0 0 0 0 0 55 0 0 80 0 0 0 0 0 89 0 0 0 0 0 0 0 0 0 0 0 0 92 0 0 0 79 0 0 0 0 0 0 0 0 0 0 96 0 57 15 0 92 0 6 0 0 0 26 48 0 0 0 0 11 0 0 0 36 94 0 0 0 0 0 0 0 79 0 0 0 16 0 87 0 0 49 88 4 0 0 0 0 0 0 0 0 0 87 0 0 0 39 0 0 0 22 0 0 31 0 0 0 59 0 0 0 15 0 0 0 0 0 97 0 0 0 61 0 10 0 0 31 0 0 0 0 0 0 0 0 0 0 0 0 97 0 0 0 32 0 0 0 56 0 0 0 0 100 49 0 0 0 63 0 0 0 78 0 8 0 0 0 50 0 9 43 65 0 0 0 0 2 17 0 0 0 0 71 0 0 0 0 0 100 0 51 0 0 0 0 0 0 97 0 45 83 0 0 0 0 0 0 42 19 0 94 79 7 0 0 41 25 0 0 0 0 0 0 0 0 0 0 0 0 0 0 67 0 0 52 0 0 0 0 0 0 0 0 95 0 0 0 9 0 0 16 0 0 0 0 71 78 0 0 0 8 0 0 0 0 4 0 0 0 0 0 0 28 50 0 0 0 0 0 91 0 0 63 0 0 0 0 0 0 90 0 0 0 0 87 0 0 0 21 0 0 0 0 0 11 0 0 0 0 0 0 0 0 0 0 0 0 0 0 0 0 0 0 0 0 0 0 0 92 0 0 0 0 0 0 0 0
0 0 0 0 0 0 0 89 55 0 0 53 0 0 0 0 0 0 62 14 80 28 1 0 0 0 0 0 94 70 0 0 0 0 0 89 0 27 79 25 0 0 33 0 0 0 0 0 27 0 0 0 0 0 0 0 0 24 0 0 6 0 0 0 0 0 0 0 38 86 0 0 0 0 0 0 13 0 0 0 0 0 0 0 96 0 0 0 0 18 0 43 0 0 0 0 0 0 0 0 61 0 0 0 0 0 0 0 85 0 0 0 0 0 2 59 17 0 88 0 0 0 34 0 26 95 0 41 0 0 0 0 0 0 0 0 31 0 77 40 0 39 0 0 0 32 0 0 0 0 12 0 85 0 0 0 0 0 79 0 0 0 74 55 0 0 0 0 45 0 43 0 0 0 0 0 0 0 0 3 0 0 88 0 0 0 0 0 0 68 0 81 0 0 0 0 0 16 0 0 50 0 0 0 0 0 0 0 0 0 0 0 0 0 0 0 0 0 64 0 0 7 0 43 0 45 0 0 0 0 44 0 0 0 0 0 0 0 0 0 0 30 70 67 0 50 0 19 0 0 48 95 99 58 0 26 0 0 51 0 0 0 0 0 0 0 73 0 0 0 0 0 0 75 0 0 21 0 0 73 0 0 6 0 50 0 0 0 0 0 0 0 0 0 0 21 0 0 0 14 0 17 0 0 39 0 35 0 0 0 0 0 0 0 0 0 0 0 0 0 94 0 0 0 25 0 0 0 0 0 0 78 56 3 82 0 0 17 29 0 0 22 75 66 0 0 0 0 0 80 0 39 0 0 73 0 0 0 0 0 0 0 0 0 0 0 0 0 0 6 0 0 0 33 0 0 0 0 9 0 0 0 0 0 0 0 0 48 0 81 39 0 0 0 0 0 0 0 0 0
10 0 0 29 0 0 0 30 0 0 31 0 0 91 59 0 0 0 0 0 0 79 0 0 61 0 0 64 0 0 0 4 0 0 0 0 0 38 0 0 0 0 0 62 0 0 0 0 0 0 83 0 0 0 0 0 0 0 0 57 0 0 0 0 45 0 0 0 0 16 0 0 0 0 0 0 0 0 0 0 0 0 81 74 0 97 0 0 0 80 0 0 38 0 82 21 87 0 0 0 0 0 0 0 82 0 0 0 0 0 0 79 79 0 69 0 0 0 0 0 0 0 0 74 0 0 75 0 0 94 0 0 0 84 0 5 93 0 0 0 66 65 0 0 0 11 0 0 0 0 0 1 0 0 0 61 36 0 46 0 84 0 0 0 75 0 0 0 19 4 0 91 0 52 0 49 0 0 0 0 60 98 1 0 0 0 0 0 0 58 0 0 0 0 0 15 0 0 51 0 0 5 0 0 0 0 0 0 0 0 0 23 0 0 0 0 0 60 0 0 0 48 54 82 0 16 83 0 0 0 0 0 0 0 23 0 79 0 16 0 82 0 0 0 0 0 0 0 0 74 15 0 0 0 0 0 18 0 0 0 0 7 44 46 0 0 0 0 0 0 0 0 16 0 0 0 0 67 39 0 49 0 0 0 0 0 42 0 54 0 0 0 38 0 0 35 0 0 87 95 0 0 0 24 0 0 0 0 0 0 0 55 0 0 0 7 0 0 0 0 0 10 80 0 0 0 0 0 0 9 0 0 34 0 0 100 74 0 70 0 0 0 0 0 0 0 0 0 89 96 0 0 0 0 35 0 64 0 0 0 0 0 0 0 0 0 0 0 0 0 0 0 26 29 0 0 95 0 0 29 0 0 0 0 0 0 0 24 0 0 0 0 80 8 0 0 53 0 35 0
0 0 0 0 0 0 0 0 0 0 0 0 0 84 98 0 0 0 0 80 0 3 0 0 0 0 38 74 0 89 0 86 27 0 5 0 0 42 0 30 0 0 0 17 81 21 0 47 0 0 0 0 16 74 0 0 0 0 49 0 0 81 0 0 82 0 0 0 0 0 0 0 0 0 48 0 0 0 0 0 0 0 0 0 68 0 0 0 0 0 0 43 0 0 0 0 0 12 0 92 0 0 0 0 0 2 66 0 0 0 0 0 0 0 29 0 25 0 0 0 0 28 0 0 0 0 0 0 95 0 0 0 12 0 0 48 0 0 0 0 0 0 0 0 70 18 47 0 0 0 0 0 0 92 0 82 30 0 0 0 0 46 56 0 78 0 16 0 0 0 69 0 0 77 0 0 0 67 0 0 22 0 0 0 0 0 0 0 0 0 0 0 0 0 31 0 0 0 0 0 0 0 0 36 98 0 0 0 35 0 0 0 0 20 0 0 0 0 0 41 0 8 0 59 0 0 0 9 0 0 0 23 0 46 0 0 0 0 0 0 0 0 0 0 0 39 0 0 0 0 67 17 0 0 0 0 0 0 0 0 0 0 0 0 0 0 0 0 21 20 0 51 63 0 0 0 0 80 0 21 0 0 0 0 0 0 0 0 83 0 0 0 0 0 0 0 87 0 61 0 0 0 0 0 0 0 0 59 0 65 4 0 0 0 0 77 0 55 0 0 17 0 0 90 0 0 0 0 0 0 0 0 0 78 0 0 0 0 0 0 46 0 0 0 69 0 0 0 0 71 0 0 0 0 0 0 0 90 79 0 4 0 0 78 0 0 0 0 0 0 7 0 60 95 0 0 22 0 0 29 87 0 0 0 99 0 0 0 35 38 0 0 0 0 0 0 0 0 0 0
0 0 0 0 0 0 84 0 54 0 0 0 0 0 0 13 0 65 0 0 21 0 0 42 0 0 44 10 0 0 0 4 0 0 83 97 0 0 0 0 2 0 0 0 0 0 0 0 10 83 0 0 0 72 55 98 0 25 0 0 0 0 3 0 0 0 0 78 24 0 0 14 0 0 0 0 89 0 0 4 0 0 76 0 0 0 0 0 0 0 0 0 0 0 6 0 37 29 0 0 0 0 0 0 0 26 0 93 35 0 0 46 0 0 0 0 0 32 85 26 0 0 0 53 0 0 0 0 0 0 0 0 0 0 0 0 0 8 7 0 0 0 5 0 0 0 0 0 0 0 0 0 0 68 25 18 0 0 0 0 0 44 0 15 0 0 0 0 73 0 0 0 0 0 4 0 7 0 0 0 0 0 12 0 0 0 12 0 0 8 0 0 0 0 62 88 0 0 0 58 0 0 0 0 0 7 0 53 0 0 84 0 27 0 0 61 0 0 0 0 0 0 0 84 0 0 0 0 26 54 0 0 0 0 0 0 69 0 0 0 0 0 0 0 39 17 0 57 0 0 0 0 0 88 0 0 0 0 0 0 76 0 0 61 0 0 0 3 0 0 0 14 63 0 64 0 0 22 0 0 97 10 0 0 37 0 0 0 0 0 0 27 0 0 93 14 0 0 0 0 0 0 84 0 74 51 0 0 0 40 0 0 0 0 0 0 0 0 0 77 12 0 0 0 0 0 0 0 0 0 0 0 0 0 0 68 19 0 0 56 0 1 33 10 6 0 0 0 34 0 60 0 0 0 0 59 0 0 0 0 0 0 0 0 4 0 0 0 0 0 72 0 0 0 0 0 10 0 0 78 0 0 0 34 0 0 0 0 0 0 20 0 0 0 0 0 0 0 0 0
0 0 42 0 67 0 0 0 0 0 0 0 0 14 0 7 0 0 89 0 16 87 0 0 0 0 0 0 0 0 0 0 93 39 0 0 93 0 17 0 47 0 0 0 0 20 72 27 0 0 60 0 0 0 0 46 94 0 0 0 0 65 0 48 0 0 0 0 0 0 0 0 65 0 0 19 0 18 14 0 0 53 0 24 0 72 0 0 0 0 0 0 0 0 0 0 0 0 0 0 0 0 0 0 0 0 83 0 0 80 0 0 5 0 0 0 0 54 0 0 5 0 0 0 0 0 0 0 0 0 0 0 0 0 0 0 0 24 0 0 0 0 98 0 0 0 0 58 0 0 6 0 0 0 0 82 43 0 0 0 0 0 0 0 0 0 0 0 0 0 77 0 0 0 0 0 0 17 0 0 26 93 44 98 0 0 0 0 0 0 0 0 0 0 93 0 0 0 0 0 0 76 70 0 0 0 0 0 0 1 0 30 0 0 0 0 0 0 0 0 75 0 0 0 0 93 49 0 0 53 0 0 84 0 0 0 0 77 43 0 54 82 0 0 0 0 0 0 32 0 0 48 0 38 0 10 15 74 1 0 0 96 0 0 85 0 0 0 55 8 0 0 0 11 0 0 0 0 0 0 0 88 66 0 0 0 0 0 0 0 0 0 0 0 0 0 0 0 0 0 0 0 0 71 31 0 0 93 98 0 50 79 0 0 0 0 0 0 0 0 0 88 0 0 0 0 90 0 0 0 47 0 0 0 0 0 0 0 0 0 66 0 0 30 0 0 0 38 0 12 0 0 0 0 83 0 0 0 0 0 0 0 0 0 0 0 0 0 0 0 0 0 0 0 79 0 0 0 0 0 0 0 0 0 0 0 0 0 0 0 0 0 0 0 92 0 0 0 0 0
0 0 0 0 0 0 52 89 0 0 0 44 0 20 0 0 76 0 37 7 0 0 0 0 0 0 0 0 0 54 0 38 0 0 0 6 0 0 0 0 0 0 0 0 0 0 0 0 0 0 0 0 0 0 6 0 0 0 0 5 0 0 80 0 0 0 0 0 0 0 23 46 0 5 0 97 65 0 100 0 0 0 0 0 0 0 0 0 53 0 0 0 0 0 39 0 0 0 0 0 0 0 0 0 0 53 0 86 0 0 45 0 28 100 0 49 0 65 0 0 80 0 0 87 0 23 55 72 73 0 0 0 0 0 95 100 0 0 0 0 0 0 13 0 0 0 0 44 0 0 0 0 49 91 21 0 0 78 0 0 0 0 0 0 92 0 0 0 0 0 0 0 85 0 0 81 0 53 0 68 0 0 0 0 0 0 0 24 37 0 0 25 0 7 0 0 0 0 0 0 0 0 65 0 0 0 0 0 0 45 41 53 64 0 0 13 0 0 0 0 0 95 0 0 0 0 98 0 0 0 0 0 38 0 0 100 0 0 31 0 0 0 0 23 70 0 0 0 0 0 0 55 0 0 0 0 0 0 26 0 0 0 0 0 0 0 6 53 0 12 0 0 0 0 99 0 0 58 0 17 0 39 0 0 0 0 0 0 0 0 0 0 20 0 0 0 70 0 0 0 0 13 0 25 56 0 0 47 0 0 0 0 68 22 62 20 0 0 0 1 0 88 0 0 0 0 59 3 0 0 0 68 71 0 0 0 0 0 0 38 96 79 0 0 0 0 0 0 0 0 0 0 0 0 0 0 0 13 0 0 84 0 0 0 48 20 88 27 0 0 0 0 14 0 0 0 77 42 0 72 0 0 21 0 30 0 0 0 54 0 0 0 98 0 0 0 68 0 0 0
0 0 94 0 0 25 0 0 54 0 0 0 50 0 0 0 0 0 0 0 0 0 80 0 0 0 0 0 0 0 0 0 0 10 0 0 0 0 0 0 0 0 0 81 0 0 0 19 0 0 0 0 0 0 0 0 18 0 0 52 0 0 69 0 0 0 0 0 0 0 0 0 0 0 0 19 0 0 0 0 50 27 72 24 83 8 0 66 0 0 72 0 0 0 0 88 0 0 55 11 77 0 0 0 0 0 0 0 0 74 0 0 0 0 0 0 0 0 41 0 0 0 0 42 0 0 45 0 0 0 25 46 0 80 0 0 0 0 0 0 83 82 0 26 0 0 20 0 36 0 0 0 0 0 54 68 51 0 66 0 25 0 83 0 35 18 75 0 0 70 0 77 0 3 0 0 0 0 0 0 0 0 0 0 0 0 0 0 0 0 9 0 69 0 83 0 0 0 0 0 0 0 0 0 0 0 0 0 83 0 0 0 0 0 0 0 0 37 0 0 67 73 0 28 0 0 69 0 0 71 0 0 0 0 0 0 0 61 0 0 0 0 0 0 0 0 0 0 0 0 0 19 12 0 0 0 0 0 0 0 0 49 0 0 6 0 4 0 0 0 0 0 23 0 0 0 0 0 0 0 88 0 0 12 0 0 0 0 0 0 0 0 0 0 38 0 0 71 0 0 0 48 61 94 86 32 0 12 0 0 0 0 0 57 0 7 22 0 0 0 87 0 0 0 45 0 0 0 44 34 42 0 0 0 0 0 0 0 0 0 0 0 0 0 94 0 0 0 0 1 61 0 0 0 0 0 0 0 0 13 0 0 76 10 0 0 0 0 0 0 0 0 17 0 0 0 47 19 0 0 0 0 0 5 61 0 0 0 51 0 0 0 0 0 0 0 0 0 0 0
0 0 25 0 0 0 22 0 0 0 57 0 0 0 23 35 0 0 0 0 0 0 0 0 0 0 32 0 0 35 0 15 42 81 0 0 0 0 68 0 0 14 89 0 0 0 0 0 0 0 0 0 0 0 70 0 0 0 0 56 0 0 15 0 45 73 0 53 0 7 75 0 0 0 0 0 33 0 44 0 0 0 68 0 11 0 0 0 68 0 0 0 34 0 0 0 0 66 75 0 83 0 0 21 0 87 100 0 0 0 0 0 0 62 0 24 47 0 0 0 0 0 49 28 0 0 0 0 0 0 0 6 59 0 0 0 0 0 63 22 0 69 0 54 0 0 0 0 10 4 49 39 0 0 69 68 0 0 0 0 0 0 83 0 0 0 0 0 0 0 0 0 0 0 0 0 0 0 0 0 0 26 0 0 0 0 5 0 7 0 0 0 0 0 0 0 0 0 0 0 26 0 0 0 0 19 0 0 0 0 0 0 64 0 0 0 0 96 0 0 0 0 0 0 6 0 62 0 0 0 0 0 0 0 0 27 0 0 50 0 0 0 0 0 0 0 0 0 0 0 0 29 0 0 0 0 0 0 0 0 6 0 0 0 0 0 52 0 0 0 0 80 0 0 0 0 93 0 11 0 0 0 0 0 0 0 90 0 64 0 0 0 0 0 0 0 15 69 0 0 0 100 0 27 0 0 12 0 0 45 94 0 0 20 65 0 0 0 24 0 0 0 0 0 0 0 3 19 87 0 0 0 0 0 0 0 88 0 0 78 0 0 48 60 15 30 0 0 0 0 0 0 0 0 0 0 0 0 0 27 0 0 0 0 0 4 44 0 0 0 9 0 0 0 0 0 0 0 0 94 66 53 0 0 8 0 0 0 0 30 87 40 0 0 75 0 0 0 8 32
0 61 0 0 0 0 0 62 0 0 0 7 13 0 0 0 81 16 61 0 0 0 0 0 0 18 0 0 6 0 0 0 25 0 0 75 96 43 0 0 0 0 0 7 0 0 0 0 51 0 0 0 0 37 9 0 0 0 0 0 0 0 0 0 15 0 0 29 0 0 0 0 0 0 0 0 0 0 0 0 0 0 16 0 0 0 0 0 0 0 0 0 0 0 0 0 20 31 0 0 0 0 0 0 0 96 0 0 0 73 0 37 74 0 0 0 0 98 0 0 0 0 0 0 44 4 0 0 0 0 0 0 0 42 0 0 45 0 16 76 0 41 0 79 0 0 0 0 0 0 0 0 0 0 0 0 0 0 0 90 84 0 0 0 91 0 0 77 0 0 0 0 0 0 45 0 0 41 14 0 0 0 0 0 0 14 0 28 0 0 89 0 0 0 0 35 0 0 4 0 0 0 0 2 30 0 0 3 0 89 0 0 40 0 0 0 0 0 0 0 58 0 0 0 0 0 41 0 0 55 30 0 0 0 0 0 0 63 0 0 0 0 0 0 0 89 97 0 0 0 0 0 93 0 0 0 0 0 0 0 0 0 0 0 0 91 0 0 39 73 0 82 0 0 0 0 96 0 56 0 0 0 90 42 0 0 97 51 0 0 0 46 16 0 0 0 0 0 0 69 0 0 34 0 80 0 16 0 0 0 70 39 0 0 0 0 0 0 0 22 0 0 0 0 0 0 0 78 0 0 0 0 0 75 0 0 0 84 10 0 32 97 3 0 42 0 0 61 0 10 58 0 0 0 0 0 10 0 44 0 0 0 0 29 0 0 0 33 0 0 53 0 77 0 0 0 0 0 77 0 44 86 0 0 64 0 45 0 0 51 0 0 0 0 65 0 0 0 0 32
55 0 0 0 0 3 75 77 0 0 0 0 0 0 0 0 0 0 0 0 78 0 0 0 0 0 38 80 0 70 23 0 0 26 64 0 0 0 0 0 0 70 0 37 47 0 96 0 0 0 0 0 0 85 0 0 0 0 79 0 0 0 0 0 28 25 46 0 0 30 0 0 0 0 0 0 0 0 0 0 0 0 0 97 67 0 28 65 0 0 0 0 0 9 28 41 0 0 36 72 0 0 0 0 0 0 0 0 100 23 100 0 0 65 45 0 0 0 0 0 80 0 0 0 0 0 0 0 0 0 0 0 0 0 0 25 56 64 85 25 0 0 64 11 0 0 27 0 0 0 35 0 0 0 0 88 0 0 0 0 0 0 0 0 0 0 0 0 0 0 0 48 0 18 0 41 0 0 26 0 0 0 0 0 0 0 0 0 0 100 0 0 0 0 58 20 0 0 0 0 0 0 0 26 0 0 0 0 0 0 0 0 0 0 0 43 0 0 0 0 0 0 91 0 0 9 0 0 0 0 0 0 0 0 0 59 80 0 0 0 0 7 31 0 0 0 0 99 0 0 0 0 0 0 0 0 0 0 0 40 0 0 0 0 0 0 0 0 26 0 0 0 0 0 0 0 0 41 10 0 75 0 98 53 0 0 0 36 0 0 0 88 88 0 8 0 0 0 0 0 0 0 0 0 0 0 0 0 72 10 0 0 0 0 0 68 39 0 0 0 0 0 0 0 75 0 0 22 31 0 0 0 0 0 0 0 0 0 0 20 0 0 0 0 0 0 0 0 0 0 50 60 0 0 0 0 0 0 74 0 0 0 0 0 0 0 0 0 0 0 0 0 0 0 0 89 67 15 9 44 0 0 0 39 48 0 39 0 0 0 51 2 29 85 0 46 0 0 55 0
28 0 0 0 0 0 0 0 74 19 0 0 0 0 0 31 0 0 0 0 0 0 97 93 75 0 20 0 0 0 0 0 32 0 0 0 87 0 0 0 0 34 0 98 43 0 0 55 0 0 0 0 0 0 8 0 0 0 49 0 0 0 20 0 0 0 0 0 0 0 59 0 0 0 0 0 0 0 0 0 0 0 18 0 0 0 0 0 6 0 0 0 88 0 68 3 0 0 0 0 74 0 0 26 0 0 0 0 0 0 0 0 0 42 0 0 54 0 0 0 84 0 0 0 0 0 0 66 75 0 100 88 0 0 0 0 0 0 0 0 0 0 0 0 0 0 0 0 0 0 57 73 52 0 0 48 71 0 0 15 46 0 0 0 0 0 0 0 100 0 0 0 0 74 55 0 0 4 0 0 0 85 0 0 0 35 0 0 0 99 0 0 0 61 0 0 0 0 0 0 0 0 0 0 73 32 0 0 33 0 0 0 0 0 0 0 0 0 0 92 0 0 0 0 0 0 0 0 95 100 0 0 0 62 0 0 0 0 0 51 0 0 0 0 0 0 0 0 0 0 0 27 0 0 0 0 0 33 0 0 79 2 0 82 0 0 14 0 0 0 73 0 0 0 0 0 0 0 0 0 0 0 0 0 0 4 0 0 0 0 0 0 0 0 78 0 0 0 0 0 29 0 25 59 0 0 0 0 0 39 13 0 0 0 0 0 0 0 0 0 0 0 0 0 0 0 22 0 37 63 23 48 0 60 0 0 0 57 20 0 0 0 0 0 0 61 8 67 0 0 0 0 0 0 68 82 0 0 87 0 24 0 0 0 0 10 0 0 0 61 0 100 0 0 0 0 0 0 11 0 75 17 83 19 0 0 0 0 0 0 0 0 0 0 0 61 90 0 0 0
0 0 0 48 0 0 0 0 83 0 0 0 0 96 79 0 0 0 47 0 0 0 0 89 0 0 0 0 0 95 0 0 0 0 0 0 70 0 23 0 0 0 0 0 0 0 72 0 61 0 0 70 0 0 0 0 0 0 73 0 0 0 0 0 0 0 0 90 98 0 0 0 0 0 0 0 0 0 0 0 0 80 0 0 0 59 92 0 0 0 0 87 0 0 0 0 35 0 0 88 0 0 36 88 35 0 0 0 0 0 0 0 0 0 0 0 0 0 0 0 70 0 0 0 0 0 0 79 0 0 26 0 0 0 0 0 0 0 0 0 0 0 0 0 0 0 0 2 0 0 0 0 0 0 0 27 0 0 0 79 0 0 0 67 0 0 54 0 5 81 0 0 0 69 0 0 0 0 0 0 0 65 0 0 0 0 0 1 0 22 20 3 0 0 0 0 0 0 0 0 0 0 0 0 0 0 20 0 0 0 69 88 0 0 74 0 0 16 0 49 87 0 0 0 44 0 0 0 53 0 0 30 0 0 0 0 0 0 28 0 0 0 0 0 0 0 75 0 0 86 0 0 81 0 0 0 0 0 0 36 0 0 0 0 0 0 0 0 0 0 0 0 0 0 0 0 0 0 0 0 0 0 0 0 0 21 64 54 0 78 0 0 0 0 0 0 10 55 0 71 0 0 79 10 0 0 0 0 0 93 0 0 40 0 0 0 0 0 0 26 0 0 0 0 0 0 0 96 33 0 0 0 0 0 0 30 0 0 0 0 0 0 0 0 6 23 0 0 0 86 0 0 0 0 0 80 97 0 0 44 0 0 0 0 0 0 0 0 0 0 0 0 0 0 83 0 0 24 0 0 0 0 0 43 0 0 0 0 0 0 0 0 0 0 0 0 0 59 0 0
100 0 0 0 0 41 0 0 71 94 0 0 15 0 0 0 0 0 0 9 0 42 53 47 58 0 0 65 0 0 8 0 0 82 0 0 0 0 44 0 0 92 0 0 30 29 0 0 87 0 0 0 0 72 0 0 0 0 0 60 0 0 0 0 0 0 0 0 0 0 0 0 0 0 59 48 0 0 0 0 0 0 1 0 0 0 0 0 0 3 0 0 0 0 0 0 0 3 6 10 0 0 58 35 70 1 0 0 0 0 0 0 0 78 0 94 6 0 0 0 39 0 63 0 0 0 0 0 0 0 0 0 0 14 0 0 0 0 0 98 80 76 0 0 0 0 0 86 0 0 0 0 0 0 0 0 15 0 0 0 0 0 0 83 0 0 44 0 0 0 0 0 0 0 0 0 0 27 0 0 0 0 84 0 0 71 0 0 7 0 0 0 0 0 0 0 0 0 0 0 6 0 5 0 0 0 0 0 0 0 0 0 6 0 0 0 0 0 70 0 0 0 52 21 92 0 0 0 0 72 52 0 0 0 0 39 0 0 0 0 86 0 0 0 0 0 0 0 0 0 0 0 0 0 12 0 0 11 0 92 0 31 0 61 16 0 83 0 0 0 68 0 11 0 0 0 1 0 0 0 0 0 0 74 38 0 5 0 0 0 93 0 0 65 0 0 0 0 0 0 0 0 0 92 0 0 0 16 0 0 0 0 0 0 0 0 67 0 58 0 54 0 0 15 0 0 0 0 0 58 44 0 0 0 0 0 13 0 46 0 0 6 0 0 32 0 0 0 0 0 0 8 0 39 19 0 0 0 0 0 0 0 0 0 0 0 0 0 96 0 0 0 0 0 0 0 46 0 0 0 0 0 25 0 21 0 65 0 0 0 0 0 0 0 0 0 0 0 60 100
0 26 94 0 0 0 0 0 0 0 0 68 0 62 0 93 97 0 0 0 0 0 0 0 0 0 43 84 0 0 0 0 0 0 0 0 0 0 0 0 93 0 0 0 0 0 0 74 0 10 0 0 0 0 0 0 0 0 0 65 0 0 0 0 0 0 0 98 0 0 41 0 0 0 0 0 0 82 41 0 0 0 0 0 0 0 0 0 0 14 17 0 0 0 0 46 0 0 0 68 0 0 45 11 0 0 0 0 0 0 0 0 15 0 0 0 0 0 84 35 81 99 69 6 51 0 0 0 0 0 0 0 0 0 49 91 0 0 0 58 0 0 0 79 5 0 0 6 0 0 0 0 66 58 2 0 0 0 33 42 91 68 0 0 0 1 30 0 0 0 97 71 0 29 0 0 0 0 0 0 0 0 0 0 0 0 99 0 28 38 0 0 0 2 0 0 0 0 0 0 0 93 0 87 0 0 0 0 0 0 83 0 31 91 0 0 0 1 0 0 0 0 0 71 65 0 0 0 0 36 0 51 0 0 0 0 51 26 29 0 12 0 0 0 0 0 0 0 44 0 0 0 0 0 0 0 88 0 0 0 0 0 0 0 0 0 0 55 0 0 0 0 0 0 0 0 99 63 30 23 45 0 39 97 19 0 0 59 0 27 0 0 0 0 0 46 0 0 19 0 25 0 0 69 0 46 0 0 6 0 0 86 0 0 0 73 0 0 0 0 93 0 0 0 0 62 93 0 0 0 0 0 0 0 0 0 0 0 0 0 0 0 56 0 54 0 0 0 0 0 0 100 0 62 0 94 0 0 0 0 0 72 0 0 0 0 0 27 0 0 0 0 0 0 77 0 0 0 0 0 0 10 0 0 0 0 0 0 0 0 0 0 0 0 84 0 3 0 1 0
15 95 0 0 0 44 33 0 43 0 0 0 0 0 0 0 0 0 0 0 0 0 0 0 0 0 0 0 0 0 0 51 0 0 98 0 0 65 0 86 8 0 16 35 0 0 0 60 0 0 0 90 0 0 0 0 0 0 0 0 0 78 26 6 0 31 34 0 0 0 0 97 0 0 0 0 0 0 5 55 62 0 0 14 0 0 0 0 10 0 0 0 0 0 0 0 61 0 0 54 0 0 0 0 0 0 88 0 0 0 0 0 0 0 0 90 7 0 0 0 42 63 0 0 0 0 26 0 0 0 0 0 71 11 0 33 25 0 65 0 0 74 0 0 10 95 0 0 0 0 0 0 0 0 0 87 0 0 0 0 0 0 23 0 0 46 6 38 40 0 0 0 0 0 0 0 0 0 61 0 0 0 6 0 0 0 0 0 0 0 94 0 0 60 51 0 0 0 0 0 0 0 83 0 0 0 24 0 0 0 0 98 0 0 0 0 0 0 0 0 90 83 0 0 0 0 0 14 0 0 0 0 0 46 0 0 0 50 0 0 0 0 0 0 66 0 0 0 0 0 97 93 63 0 20 100 0 4 0 0 66 0 0 0 0 0 0 0 85 0 0 0 0 0 0 0 34 0 73 0 13 0 0 0 0 0 69 0 0 75 0 0 0 0 0 0 9 0 0 0 67 0 0 0 0 0 0 0 0 0 0 92 33 0 81 0 0 0 0 0 0 0 0 0 0 0 0 0 71 0 0 40 0 0 0 0 0 0 0 0 0 0 0 0 0 72 0 0 0 50 0 0 14 0 0 72 0 86 25 0 25 33 98 37 0 7 0 53 38 0 0 60 34 0 99 24 9 75 0 0 0 0 0 0 0 0 31 67 0 45 17 28 0 0 13 0 0 0 0 0
0 0 69 0 84 0 0 0 0 0 57 82 42 0 0 66 0 0 0 0 66 0 0 13 0 0 0 0 0 0 0 63 0 0 0 0 21 0 24 0 32 0 0 0 0 0 0 2 0 0 58 0 0 0 0 0 0 0 0 0 59 0 72 48 0 0 59 69 0 0 49 0 0 0 0 0 0 78 0 65 0 0 0 0 0 0 0 0 100 80 0 0 0 29 0 0 0 0 0 0 0 0 84 0 21 0 0 0 0 0 0 31 47 0 2 0 0 0 0 0 0 0 0 0 0 0 0 0 0 0 0 0 0 0 0 0 0 0 0 0 0 42 0 0 32 0 0 0 0 36 0 0 0 0 0 0 0 49 0 0 0 31 0 0 0 0 0 0 0 0 28 0 0 0 30 68 9 0 3 57 98 0 0 0 0 0 63 0 0 0 0 0 0 0 17 49 0 39 0 0 22 0 0 0 71 0 0 0 0 15 88 14 0 0 100 25 99 0 0 0 0 0 0 31 0 0 0 48 76 0 0 0 0 0 0 0 0 0 0 0 0 0 0 57 0 0 0 0 0 0 0 0 0 0 0 0 0 0 56 0 89 0 0 95 10 0 8 0 0 0 0 0 0 0 0 0 46 0 0 48 0 0 0 0 0 0 0 0 80 0 0 0 0 0 0 12 0 100 0 0 0 0 0 0 16 0 0 0 60 0 0 0 60 0 67 0 0 0 0 0 0 0 44 0 0 0 0 0 90 13 0 23 0 0 0 0 0 10 84 0 0 0 1 11 0 0 17 95 0 0 0 0 28 0 0 21 96 0 0 0 0 0 88 0 0 43 0 0 0 62 0 0 86 0 0 51 90 47 0 0 0 6 57 0 0 0 0 0 0 27 0 0 0 0 0 0 0 0 0 0
0 0 0 0 52 0 0 84 0 0 0 0 0 0 84 0 0 0 0 0 76 64 0 37 0 69 0 62 0 0 0 0 0 0 6 0 89 0 60 0 0 0 0 0 0 0 0 82 0 0 0 48 0 0 0 0 73 0 36 0 0 0 43 20 3 0 0 0 79 0 0 71 0 0 0 0 0 0 0 92 0 13 0 0 0 0 0 0 96 0 0 0 0 82 40 90 0 0 0 0 0 0 88 0 0 1 0 0 43 72 0 0 0 10 0 0 0 0 0 0 0 91 96 0 0 0 19 0 0 0 0 90 0 0 0 0 0 0 0 32 37 0 0 0 0 0 87 0 0 49 0 0 0 0 0 41 0 37 0 0 0 0 0 3 0 0 0 0 0 0 0 0 10 0 0 0 0 0 0 0 0 52 0 0 0 0 0 42 0 63 0 98 0 0 0 0 0 0 0 92 0 0 0 31 0 0 0 15 63 0 0 0 0 0 0 0 69 0 0 0 0 32 41 34 0 0 0 47 0 0 49 11 0 0 0 0 39 20 0 76 0 58 15 0 0 0 79 0 0 0 0 0 86 0 0 0 0 0 0 64 0 0 0 0 0 90 0 0 0 24 0 0 0 78 0 70 0 0 0 0 0 0 64 87 53 0 0 0 3 0 0 40 0 30 0 5 0 0 0 88 73 40 0 0 0 0 0 14 0 0 0 0 0 0 0 14 88 0 0 71 0 25 0 0 0 0 30 0 0 0 0 0 0 0 0 0 45 7 58 49 36 0 81 0 0 0 0 0 8 0 0 0 61 0 0 0 0 0 47 87 74 24 2 0 0 0 0 45 0 58 0 0 83 0 0 34 0 0 0 82 0 0 0 0 0 0 0 0 75 98 0 0 0 0 0 0 0 0 0 0
0 55 0 51 63 0 0 0 0 0 0 0 0 0 0 0 0 0 0 0 0 0 0 0 3 0 0 0 0 0 0 0 95 0 0 62 0 0 0 77 0 0 0 13 0 0 0 0 0 0 0 38 0 0 0 0 52 0 0 0 0 0 0 0 8 0 0 0 0 16 0 38 92 0 0 0 0 29 0 0 94 0 0 0 0 0 33 0 0 0 0 0 0 0 0 26 0 0 0 98 0 0 0 0 0 0 0 30 0 0 0 95 7 0 0 8 0 0 13 0 0 0 0 0 0 0 0 0 0 0 0 24 0 83 0 0 0 0 67 19 0 74 23 0 24 44 0 0 0 0 0 21 6 0 0 0 0 0 0 53 0 0 0 0 0 42 0 0 0 18 0 0 0 0 0 0 0 72 0 26 0 85 53 0 0 0 0 60 0 0 0 0 0 81 95 0 0 73 86 0 0 0 0 0 84 0 0 24 0 0 0 0 75 0 87 78 0 0 0 0 0 0 0 0 0 0 42 0 0 0 0 0 0 0 0 0 0 0 0 0 0 0 92 0 0 0 0 0 0 0 0 78 0 0 40 0 0 97 43 0 0 0 0 0 63 0 0 22 0 0 4 0 8 0 12 0 14 94 0 0 0 0 0 0 0 0 0 0 0 0 31 0 0 0 0 0 52 6 0 0 0 0 0 0 0 91 45 0 0 0 0 0 0 0 36 0 0 0 3 0 5 0 0 0 0 0 72 0 0 0 0 0 11 0 0 0 0 0 0 53 41 0 0 0 0 0 0 0 0 0 99 100 0 0 0 0 20 34 0 0 0 0 0 0 14 51 48 0 0 4 0 0 0 0 0 0 87 0 29 0 0 0 42 89 53 0 0 0 59 0 74 0 0 0 0 84 96 0 0 0
0 0 25 0 0 0 0 0 68 0 0 0 0 0 0 0 0 0 0 0 0 53 0 0 36 0 0 0 0 0 0 0 43 0 0 0 0 0 0 0 0 73 0 0 66 0 72 0 0 66 0 0 0 0 0 15 0 0 0 0 0 43 0 0 0 0 0 97 0 0 35 0 0 0 0 0 0 19 0 0 0 58 80 0 88 0 0 60 51 0 22 0 0 0 0 96 0 0 0 0 0 0 92 0 0 0 83 2 0 0 0 87 52 0 0 0 0 0 0 0 0 0 51 34 98 0 0 0 0 0 0 0 0 0 0 7 31 0 0 0 0 14 86 0 1 0 0 0 0 0 85 0 100 0 0 0 0 0 0 0 0 0 0 0 40 5 0 0 0 67 0 0 0 0 0 60 0 0 0 100 0 0 0 82 0 0 0 0 0 0 0 0 0 0 33 98 76 79 0 0 0 0 0 0 27 0 0 76 0 0 0 0 0 98 0 0 0 59 0 0 0 0 85 0 0 0 62 0 0 0 0 0 0 0 0 0 0 0 48 0 0 0 0 0 0 0 0 36 0 0 71 42 58 0 0 65 0 0 8 0 0 33 0 45 0 98 34 0 0 0 0 84 0 0 46 0 0 0 0 0 11 0 0 0 0 90 40 18 0 10 41 67 56 0 0 0 53 53 0 0 0 0 0 26 0 0 0 0 0 0 0 51 7 6 15 16 0 0 0 54 0 35 0 44 0 0 88 0 0 32 0 0 0 0 0 0 0 0 0 66 0 0 53 0 0 97 54 0 0 0 0 22 99 0 0 0 0 0 0 0 65 0 0 76 0 0 0 0 0 0 34 0 0 0 0 0 0 0 0 0 58 0 0 0 0 0 0 0 0 0 28 0 74 0 0 0 0 0 0 1
0 0 0 0 0 0 0 0 0 21 0 75 0 57 0 0 0 0 0 0 0 0 96 95 0 0 0 0 0 0 0 33 0 0 40 31 76 25 0 42 97 0 46 0 39 0 0 0 39 79 0 0 0 33 0 80 0 0 0 0 0 88 0 0 0 0 66 0 0 54 90 0 0 0 63 0 0 0 0 0 0 93 27 14 0 0 0 0 0 0 0 6 0 0 0 0 0 39 0 0 67 32 0 0 0 32 0 0 13 44 0 0 81 0 25 0 0 0 92 0 0 0 0 0 44 0 0 0 0 0 22 0 0 0 0 80 0 0 0 0 0 0 84 0 0 0 0 31 0 87 0 17 61 0 0 0 0 0 42 0 0 0 0 0 0 0 9 0 0 96 0 0 27 0 0 0 0 0 0 0 0 0 0 0 0 0 0 0 0 0 0 0 0 0 0 14 0 0 0 0 9 55 0 0 0 0 0 0 57 0 0 0 0 0 0 25 0 84 75 0 0 42 55 0 0 0 76 0 0 0 0 23 0 0 78 73 0 30 11 0 55 0 0 0 0 0 0 0 0 0 0 24 0 0 0 0 0 0 20 0 0 0 29 54 0 0 0 0 0 0 0 0 0 0 0 28 0 93 28 0 0 0 0 0 0 51 93 86 0 20 0 88 0 0 0 0 0 0 15 3 0 0 0 0 0 0 0 0 0 0 0 0 0 94 77 82 17 0 0 0 0 0 61 0 0 0 0 0 0 82 0 66 0 0 0 0 91 0 0 0 59 43 0 0 0 0 0 0 63 0 0 0 26 31 0 0 0 0 47 0 0 0 0 0 0 0 0 9 85 0 0 0 0 0 0 78 0 0 0 0 90 0 0 0 0 0 0 0 55 0 0 0 0 0 0 0 100 0 30 0
0 0 98 0 40 0 0 0 59 7 0 0 65 92 52 0 0 0 0 0 0 0 8 90 0 0 0 0 0 0 0 0 0 0 0 0 0 0 0 0 0 15 0 0 0 44 73 0 0 0 0 6 0 0 0 0 0 99 0 0 0 86 0 0 0 0 11 6 0 0 0 0 68 86 0 7 82 0 49 0 0 70 0 0 0 30 97 0 49 35 0 41 0 96 0 0 0 0 0 0 0 0 40 0 0 0 79 0 0 57 0 0 10 0 0 0 33 0 23 0 91 0 0 24 71 0 0 0 0 0 62 0 0 0 31 0 0 0 0 92 0 0 0 0 91 0 0 93 44 0 0 0 0 0 0 0 0 0 0 0 0 0 0 0 100 0 0 39 0 0 0 0 0 0 80 0 0 0 0 0 0 0 31 0 0 0 0 70 0 0 0 0 0 0 0 0 23 0 0 71 0 0 57 50 0 0 0 0 0 0 0 0 0 0 0 0 65 0 0 8 12 0 0 0 0 0 0 0 8 5 0 0 29 65 0 71 0 0 99 0 0 0 99 0 0 21 2 0 0 0 0 0 0 0 0 62 0 0 0 0 46 92 0 0 3 0 0 1 0 0 0 0 0 0 0 0 0 97 0 0 0 0 0 0 0 0 97 0 28 15 0 0 92 0 0 0 0 0 0 0 0 91 0 0 0 0 37 0 64 0 0 0 59 0 0 0 83 0 46 14 0 0 0 0 0 0 4 0 0 24 0 0 0 65 0 28 0 0 0 0 0 0 22 0 0 0 28 0 0 0 62 0 59 0 0 0 87 0 86 0 0 1 0 0 42 0 0 38 0 0 95 0 0 25 0 0 0 0 0 0 73 0 0 47 0 34 0 0 0 0 67 1 0 0 0 61 0 0 0 0
0 0 0 0 0 0 0 0 0 18 63 0 61 0 82 0 0 0 0 0 0 0 0 0 0 0 0 0 54 48 0 0 0 0 94 85 69 12 0 0 0 0 0 37 0 0 7 0 0 0 0 0 0 0 44 31 24 0 46 0 65 0 0 0 0 0 0 0 0 0 0 64 0 12 12 79 0 0 0 0 0 0 0 0 90 40 0 0 0 0 0 0 0 13 0 0 0 0 0 12 0 0 0 0 0 0 0 64 67 0 0 0 46 0 0 0 0 0 0 88 0 0 0 0 0 0 0 22 59 0 0 0 0 0 72 0 0 0 0 0 99 0 0 0 0 0 0 0 0 0 46 0 0 0 0 0 0 99 49 0 86 0 0 0 0 0 0 10 77 0 0 0 0 0 0 59 4 0 0 0 88 0 1 0 0 0 99 0 28 0 0 0 0 64 0 0 0 0 0 0 0 0 0 0 96 0 59 0 0 0 0 0 0 0 0 49 0 83 0 0 0 0 0 0 0 0 80 0 0 68 26 0 4 34 0 29 0 14 0 27 0 0 0 0 6 0 0 45 0 0 36 0 0 0 0 0 88 54 33 43 0 0 0 0 0 0 0 0 0 0 31 89 0 9 0 84 0 0 0 0 0 0 0 0 0 0 15 47 0 0 0 0 0 0 0 91 0 0 38 0 0 0 0 29 0 0 0 0 42 0 0 82 91 0 0 0 0 15 42 3 0 0 0 0 0 0 26 0 0 0 0 0 0 0 26 0 0 72 81 0 0 0 0 0 0 0 0 0 0 0 15 42 28 0 0 0 0 0 36 0 0 51 0 0 24 22 0 0 0 0 96 0 0 0 0 0 0 47 51 0 0 0 3 0 22 93 0 0 57 0 0 0 0 0 50 68 0 0 0 0
0 0 0 0 97 0 0 0 0 0 0 0 0 0 91 0 0 0 0 0 0 66 72 0 0 0 0 0 0 0 0 0 0 41 0 0 74 0 67 0 0 0 0 0 0 0 0 0 0 0 8 77 0 0 0 0 0 0 0 0 0 0 0 0 75 39 0 96 0 52 0 0 0 0 23 0 11 9 0 0 0 0 0 0 14 0 0 35 0 0 0 0 5 46 52 0 0 0 29 0 0 69 31 0 72 41 0 0 0 19 0 0 99 0 0 0 0 0 0 0 0 0 0 0 0 0 0 4 0 0 0 0 0 34 0 0 75 0 76 0 0 26 0 76 0 63 43 0 0 0 0 0 52 0 0 0 0 0 0 0 0 61 0 0 0 0 0 0 0 0 0 1 0 25 0 57 0 2 59 0 86 0 0 0 0 0 21 0 0 73 81 0 0 0 0 0 0 0 0 0 92 0 33 0 0 0 84 0 27 0 0 0 40 62 0 0 0 0 92 0 19 0 0 27 7 0 0 0 0 0 0 0 0 38 0 0 0 0 0 0 16 0 0 0 24 56 0 0 0 81 0 70 0 0 50 25 0 0 26 38 0 0 89 96 0 0 0 0 0 54 80 0 93 0 0 0 83 17 66 0 0 34 0 0 0 0 0 0 0 0 0 0 72 0 0 81 0 55 0 0 48 0 0 0 0 0 0 0 0 99 0 12 73 0 0 81 55 0 13 0 0 0 0 0 6 70 0 0 70 0 0 0 82 0 0 0 65 0 0 0 0 14 58 99 0 0 0 0 0 87 0 0 0 0 0 0 0 0 0 0 0 0 0 0 0 0 89 0 0 0 77 0 0 82 70 0 0 0 81 0 0 0 0 5 0 0 0 58 0 0 59 0 0 0 0 0 0 61 0 0
0 0 19 0 69 0 0 0 0 0 44 12 0 62 0 52 0 0 39 0 0 0 47 0 0 0 0 0 0 73 0 80 51 0 0 96 0 0 0 0 0 60 0 70 0 0 0 30 0 88 99 0 0 0 0 0 99 0 0 0 0 0 0 0 0 89 0 94 0 75 90 0 0 0 72 0 0 0 28 0 0 0 0 0 2 38 0 0 48 88 0 0 0 0 0 0 0 0 0 0 98 0 0 68 0 0 0 60 0 0 0 0 0 0 0 0 0 0 0 0 0 0 0 58 0 20 0 0 0 57 0 0 0 58 0 0 19 0 0 74 0 0 0 0 81 0 0 0 49 0 71 0 0 0 0 63 0 0 0 0 28 0 0 0 39 0 90 0 0 0 0 0 0 0 0 0 0 0 0 0 0 91 0 0 0 81 0 0 0 0 0 0 0 98 0 0 99 52 0 0 5 0 0 0 0 0 12 0 0 65 0 0 0 0 0 0 0 0 0 0 73 7 0 0 75 0 0 0 0 0 0 0 0 30 0 0 0 0 0 0 37 0 0 0 0 76 0 0 0 0 79 0 0 0 0 8 37 0 0 0 0 0 8 41 0 0 0 100 0 0 0 0 58 0 0 0 0 0 0 0 0 0 0 0 0 0 0 0 0 0 0 0 44 0 0 0 10 0 0 0 0 0 0 96 0 0 23 0 0 0 27 0 7 0 0 0 0 0 0 0 0 0 0 53 0 67 0 86 0 0 67 78 43 0 2 0 0 0 24 0 0 0 0 14 13 31 0 0 0 0 0 0 0 75 0 0 0 0 0 0 0 8 0 0 0 11 0 0 0 0 0 0 56 0 69 0 3 0 0 0 0 0 0 86 0 0 0 0 0 2 0 0 0 0 0 55 0 0 0 0
0 0 81 0 0 0 0 0 6 60 35 100 6 0 0 0 0 61 0 0 0 50 0 0 0 0 0 0 0 0 0 0 0 0 0 0 0 0 0 0 0 3 0 47 0 0 0 0 0 0 34 0 0 16 0 0 0 30 43 0 16 0 60 0 0 11 0 0 0 0 10 0 94 0 93 34 0 80 0 0 0 58 94 56 27 0 0 0 0 80 0 0 0 0 0 65 0 0 0 0 0 0 0 70 0 0 0 0 0 57 0 0 51 0 0 0 0 0 0 0 0 0 35 0 0 0 0 0 80 16 0 0 0 0 67 0 0 86 0 0 0 44 0 0 0 0 0 0 0 0 66 25 71 0 0 0 0 39 73 0 85 0 0 44 0 0 0 32 0 0 0 68 0 3 0 0 0 0 0 16 1 0 0 0 0 0 69 39 0 0 0 0 0 78 0 0 0 0 45 0 0 0 0 0 0 0 0 0 0 0 58 0 0 32 0 0 0 0 0 4 0 0 23 0 0 0 57 16 11 0 0 0 43 0 97 51 0 0 0 30 76 0 0 0 0 40 44 0 78 36 0 0 37 0 0 0 0 0 0 0 0 0 0 0 0 0 0 1 92 0 32 79 0 0 0 0 0 66 0 0 0 71 0 0 0 95 0 0 33 0 0 30 0 0 43 0 0 0 0 41 0 22 0 20 0 68 80 26 0 96 0 0 0 0 0 0 0 0 0 0 0 0 0 0 0 0 0 0 0 88 0 0 0 37 0 0 11 0 0 0 0 0 0 10 11 0 0 51 0 0 0 0 0 27 0 0 77 0 52 58 77 0 0 0 50 0 0 76 100 0 81 0 91 0 0 0 0 0 0 35 36 0 0 20 0 0 96 0 50 7 43 0 0 86 64 18 0 42 0 12
0 0 0 71 87 0 0 99 99 0 0 0 0 0 0 9 77 0 0 87 0 0 0 74 0 0 0 0 0 78 0 0 0 63 0 26 55 0 0 0 48 73 17 0 0 0 0 62 15 49 0 14 0 0 21 0 0 0 44 0 0 38 19 0 0 0 0 0 0 0 0 0 0 0 0 2 68 0 38 97 0 86 0 0 0 0 0 0 0 0 0 0 0 17 0 0 69 17 70 4 0 0 0 21 0 0 0 0 99 34 77 30 0 69 92 0 0 37 0 0 0 81 38 0 0 0 0 0 0 0 30 0 67 0 59 44 62 0 0 0 0 0 0 0 0 0 0 0 0 0 0 0 0 0 55 0 0 0 0 0 5 0 90 17 50 0 0 0 0 0 0 0 0 0 0 0 0 64 0 0 0 95 0 72 0 62 11 0 74 0 0 62 33 0 0 0 0 0 0 0 0 0 46 0 0 0 0 59 0 0 0 0 3 0 0 0 27 0 0 0 0 0 0 0 0 0 0 0 0 0 0 0 0 44 0 0 0 0 94 98 0 19 0 0 0 0 89 36 0 0 0 0 52 0 0 0 0 84 0 80 0 0 0 0 75 0 0 0 0 0 0 0 0 0 0 64 0 0 0 0 0 0 0 91 0 0 0 0 0 0 0 0 32 0 0 0 0 0 0 94 0 71 60 0 0 0 0 99 52 0 0 0 0 6 0 0 0 0 0 29 0 0 0 0 0 0 0 0 0 6 0 0 0 18 68 19 0 97 19 0 75 76 41 30 0 0 0 0 0 0 49 39 0 0 0 44 0 0 0 0 0 0 0 0 0 54 0 0 0 66 0 0 0 0 0 75 0 60 0 0 0 0 0 0 0 67 0 0 56 75 78 0 0 0 0 0 0 0 5 0
0 0 0 45 0 0 0 0 14 0 51 0 0 13 0 0 0 0 97 40 0 31 84 0 0 0 0 0 0 0 0 30 72 97 0 8 0 0 0 0 0 39 99 0 53 0 0 39 0 23 71 0 0 0 0 0 92 0 0 0 48 0 39 41 27 17 78 0 63 0 0 0 0 0 0 3 0 0 4 61 0 0 51 0 18 0 38 0 62 0 53 0 80 0 0 0 0 0 0 88 0 0 0 0 0 31 9 58 0 0 0 21 0 0 0 87 0 0 0 0 20 0 76 0 0 42 0 0 0 0 91 0 0 0 36 0 0 0 0 0 0 0 0 0 0 0 43 53 88 46 0 0 0 0 0 0 0 0 0 0 0 20 0 0 0 92 35 51 0 52 0 0 0 0 0 21 0 0 0 21 6 0 0 0 38 28 6 0 0 0 47 68 0 0 0 0 0 0 23 0 0 0 0 88 0 0 0 0 0 0 0 0 5 0 0 0 0 0 97 0 0 0 0 0 100 0 0 0 0 0 0 0 0 62 10 0 0 0 0 0 0 0 0 0 0 0 93 82 0 0 0 0 0 69 0 0 0 0 0 0 0 0 50 21 0 4 51 16 0 0 0 0 0 0 0 0 0 0 13 23 38 0 0 0 1 30 0 0 0 67 36 90 32 11 18 0 0 0 0 0 0 0 0 96 86 20 0 0 0 0 0 0 10 0 62 0 0 0 52 0 0 50 93 45 0 0 0 6 41 0 2 0 0 0 62 0 0 79 0 0 0 0 0 0 0 0 0 0 0 0 87 0 51 0 9 90 0 0 0 0 0 0 51 0 53 14 0 0 0 96 95 93 0 0 30 0 0 0 0 0 49 0 21 0 0 0 0 78 66 0 0 0 0 0 0 0 0 0 71 0
82 0 66 0 56 0 0 0 0 0 0 0 7 39 0 0 0 0 80 0 0 71 0 0 0 52 0 0 0 60 0 0 0 44 0 25 0 0 24 0 1 83 0 0 0 55 0 0 0 0 0 83 0 0 0 85 0 0 42 0 0 0 0 0 0 0 13 0 0 0 0 0 0 0 0 0 0 67 0 0 0 0 0 0 0 91 0 0 0 0 0 0 0 0 0 0 44 14 0 0 0 0 0 0 0 0 0 0 0 0 0 0 0 74 0 0 0 0 0 0 0 9 0 0 0 80 0 0 0 0 0 99 0 0 0 56 0 0 0 0 69 0 70 0 0 0 0 51 0 0 0 0 0 0 0 0 0 0 0 0 0 0 0 0 0 0 77 53 0 0 0 0 0 28 0 0 76 0 52 0 0 0 0 20 0 0 76 0 0 0 0 0 0 0 0 0 2 0 17 0 0 0 88 93 67 0 65 0 0 0 0 0 0 0 0 0 32 14 48 0 18 0 0 0 0 7 44 30 89 0 80 0 0 0 0 97 64 0 0 0 0 0 94 0 0 3 38 81 0 2 0 0 0 0 0 0 0 0 23 0 0 0 0 0 0 0 0 0 0 0 0 0 12 0 0 0 94 0 68 0 0 0 34 0 0 0 0 0 0 47 0 0 0 0 0 0 8 0 0 0 0 0 54 0 0 0 38 0 0 52 92 0 0 0 0 0 0 76 95 0 0 0 0 26 0 0 9 63 0 53 60 0 0 77 0 0 0 0 15 0 0 0 0 0 0 0 0 0 0 0 84 0 0 0 0 0 0 10 0 15 0 2 0 0 97 0 0 10 0 0 56 0 0 0 0 0 68 0 0 0 51 0 0 0 0 50 42 0 100 0 0 0 90 0 0 0 0 0 0 41
0 0 0 0 0 19 45 0 0 3 3 0 0 22 0 84 27 0 96 0 0 0 0 0 0 32 0 0 39 0 0 0 0 0 57 99 0 0 0 0 0 0 0 13 0 0 0 0 0 0 0 85 0 0 0 89 0 93 0 0 0 6 0 0 0 0 6 0 56 0 0 15 0 63 0 0 27 0 0 0 93 0 0 0 0 0 0 0 0 0 0 0 0 54 0 0 92 0 0 0 21 0 0 0 42 0 99 0 0 13 0 0 0 83 0 32 0 0 0 0 0 0 0 57 16 65 16 0 22 0 0 0 0 0 0 0 76 76 0 0 0 0 0 0 0 0 41 0 84 0 0 29 0 0 0 32 0 0 9 97 0 0 0 0 0 0 49 0 0 0 0 0 0 0 0 94 0 0 0 0 0 60 66 77 12 82 0 0 93 0 59 0 0 0 0 0 0 0 74 0 0 0 0 0 0 0 0 0 87 0 0 26 6 0 0 0 0 0 55 77 8 23 0 0 0 13 10 0 98 47 0 0 0 67 0 0 0 63 65 0 0 95 91 0 0 0 0 83 0 0 0 0 45 0 0 0 0 0 80 0 0 27 0 0 0 0 0 0 0 0 0 0 0 0 0 47 72 0 0 0 0 0 46 14 0 0 0 0 0 0 0 95 0 0 0 93 0 59 0 66 0 0 0 0 0 0 90 59 20 0 0 45 21 73 0 0 0 0 0 0 0 65 0 0 90 0 0 0 0 0 0 0 0 0 0 4 12 0 0 59 0 0 0 0 0 0 0 0 0 0 0 40 0 0 0 0 0 57 95 62 0 0 0 0 0 0 0 11 0 0 0 65 11 0 0 0 5 91 0 0 57 0 8 0 0 0 0 0 63 77 16 49 0 0 0 0 0 0 0 0
44 0 0 0 0 0 0 0 0 0 0 0 0 54 0 0 32 50 0 0 0 52 0 0 0 50 0 0 0 0 0 29 0 0 0 0 55 0 0 0 0 0 3 5 0 0 9 0 0 0 37 0 0 76 0 60 0 0 0 0 0 0 0 0 0 37 0 0 0 0 47 45 0 0 0 0 0 0 0 0 0 0 0 0 0 0 10 0 0 0 97 6 66 0 12 0 0 0 0 0 0 0 0 73 57 0 50 0 0 23 0 0 0 0 78 0 0 55 0 0 0 0 0 0 0 0 0 0 0 8 81 0 69 0 0 88 0 0 91 0 0 0 0 0 0 32 0 0 13 0 0 0 0 45 10 0 0 16 0 40 0 0 0 0 34 0 0 0 21 0 0 27 0 91 92 0 33 0 0 96 91 2 0 0 0 0 47 0 0 94 84 0 0 0 0 0 0 57 12 0 45 33 100 18 78 69 60 0 65 0 0 0 0 86 9 0 0 0 0 0 0 0 58 0 0 91 0 0 0 0 0 0 0 28 0 0 0 0 0 0 26 33 74 0 0 75 82 0 12 0 0 0 65 14 0 51 0 0 37 0 0 89 0 0 69 12 0 97 0 0 0 0 0 2 0 0 0 49 0 0 0 0 0 0 0 0 0 1 0 27 0 0 57 59 0 0 15 0 0 0 80 0 0 0 6 40 55 0 16 0 74 4 13 0 0 59 0 0 0 62 0 100 23 0 84 0 0 0 47 0 82 0 60 0 90 0 0 0 0 0 0 0 9 0 0 0 68 61 84 0 0 0 0 0 0 0 0 0 79 0 0 0 0 0 0 1 77 0 0 0 0 0 21 0 24 50 0 0 23 0 0 0 0 0 0 0 90 0 0 0 46 0 0 0 0 0 6 0 0 0
0 48 14 0 0 0 0 26 0 0 0 0 0 4 0 87 0 22 0 0 0 0 73 0 0 46 0 0 0 0 0 0 97 0 0 46 0 0 0 67 0 52 0 0 93 24 0 48 0 0 43 4 0 0 72 14 28 0 0 68 0 22 0 0 0 0 0 0 73 0 75 0 76 99 0 0 0 64 0 0 0 0 0 0 0 0 0 0 24 0 0 0 0 0 0 0 0 0 0 0 0 0 0 0 34 0 77 0 0 0 0 0 0 0 0 0 0 16 0 0 0 0 0 0 0 0 0 0 51 0 0 0 67 31 0 0 3 0 0 0 0 0 21 65 0 0 0 57 0 98 0 84 0 0 17 0 0 0 7 0 11 0 0 53 47 0 0 0 0 0 0 0 0 34 0 0 0 95 0 39 0 0 0 62 0 0 25 0 0 0 0 6 0 0 35 0 0 0 0 0 0 0 0 0 0 0 74 74 0 0 0 0 85 0 0 0 0 18 0 0 0 0 16 55 0 0 28 0 0 0 0 0 0 0 0 0 7 0 41 0 0 93 0 0 18 59 0 0 0 78 87 0 0 0 0 0 0 0 0 0 0 0 40 0 3 0 0 0 0 0 0 7 0 0 0 0 0 0 94 93 0 0 0 0 15 0 0 52 12 0 15 24 0 0 0 0 0 75 0 70 0 0 0 0 0 0 0 44 0 0 0 0 0 76 0 86 0 0 78 0 41 0 85 0 0 0 19 14 0 0 62 0 0 0 0 0 0 0 0 0 0 0 0 0 63 0 0 14 0 0 0 93 0 0 0 0 0 0 0 0 0 0 11 0 75 0 0 0 0 12 0 0 0 20 17 0 86 0 64 0 0 0 0 0 0 89 51 29 0 0 0 31 0 0 0 0 21 0 0 0
0 93 0 0 71 0 18 44 0 20 0 0 0 0 0 25 0 0 0 10 0 0 0 94 0 0 23 85 82 34 93 64 53 55 0 25 91 0 88 0 0 19 0 0 0 0 0 0 0 0 61 0 0 98 0 0 0 0 0 0 0 0 97 0 0 62 10 0 0 0 0 0 36 0 0 0 0 0 38 93 0 0 0 12 21 0 0 0 0 0 0 0 5 0 33 0 0 0 0 66 77 35 0 0 4 85 0 75 0 0 0 0 0 0 0 23 0 0 0 0 0 58 0 0 0 0 78 5 14 14 0 0 0 0 0 0 0 0 0 0 0 0 0 83 97 0 0 0 0 0 73 17 0 0 0 90 30 0 0 0 70 0 89 0 84 25 0 0 0 4 0 0 0 54 0 0 0 91 0 0 0 0 0 0 0 0 83 0 33 0 0 0 0 0 0 0 0 0 0 0 71 38 0 0 0 68 0 0 0 0 0 0 0 0 0 0 45 0 29 0 0 0 0 35 0 0 83 0 0 0 0 0 0 0 0 0 0 0 0 46 0 0 0 0 0 77 0 96 22 0 35 11 0 0 0 0 36 0 50 33 0 0 0 70 43 0 0 69 0 0 0 0 0 0 0 0 0 0 0 0 0 47 0 0 0 0 24 0 18 38 0 0 0 0 0 0 0 0 0 0 5 19 59 0 0 0 0 0 0 0 0 57 0 45 0 42 4 0 0 0 0 0 0 23 0 62 26 0 77 84 11 0 0 0 0 0 0 17 0 0 0 0 0 0 0 0 0 0 0 0 0 0 0 0 39 0 0 0 0 0 0 0 76 0 0 0 0 0 57 0 0 0 0 0 83 0 0 0 0 0 0 0 0 72 0 0 0 0 0 46 0 0 28 99 0 34 37 0 0 0
0 10 0 0 0 68 0 0 0 0 0 0 57 63 40 0 3 0 0 0 0 78 99 0 73 0 0 91 3 0 74 71 0 94 0 0 0 55 0 0 0 86 0 0 13 0 0 0 0 0 54 0 0 58 0 0 69 0 0 0 3 0 0 5 0 0 0 0 0 0 0 0 0 0 0 0 0 0 68 0 0 97 0 0 0 0 61 91 0 33 83 21 0 0 0 0 0 0 0 0 21 89 0 91 0 0 51 0 0 72 0 0 0 0 0 87 81 0 0 78 97 0 0 64 0 38 0 0 0 0 0 65 0 79 0 0 20 0 0 0 0 0 0 72 0 0 0 0 0 0 0 0 0 57 0 98 0 0 0 0 0 75 0 0 0 0 82 0 0 0 0 88 0 0 31 0 92 0 0 0 0 72 0 26 0 96 0 0 0 0 0 0 0 0 0 0 0 0 41 0 0 0 36 11 0 0 68 0 0 25 0 0 0 0 0 0 79 0 0 0 0 0 0 0 0 0 0 0 0 0 42 32 18 0 0 32 0 65 0 0 0 0 0 0 0 0 0 42 0 0 0 0 0 0 0 0 0 0 0 0 65 0 0 88 45 29 0 32 0 0 0 0 0 0 0 0 0 0 0 0 0 16 0 0 78 51 0 0 0 0 0 0 0 0 0 64 51 36 77 0 0 1 67 0 12 0 0 0 0 84 76 50 0 0 0 0 0 0 0 0 0 0 0 0 0 0 0 0 0 0 0 0 0 0 0 0 41 25 0 3 0 49 7 0 0 0 0 0 0 18 2 8 0 0 7 0 0 0 0 0 0 60 0 0 42 0 98 0 0 0 52 0 0 0 16 0 0 89 0 0 0 0 0 71 0 0 0 0 81 0 0 0 0 0 0 77 0 67 0 90
0 0 2 64 49 0 85 0 89 0 55 63 0 1 0 0 75 0 46 0 52 0 0 17 0 0 0 0 0 0 0 0 0 0 26 0 0 0 18 0 0 0 49 0 0 0 0 0 0 0 0 0 0 36 0 0 0 47 0 0 0 0 0 0 4 0 0 0 34 75 0 51 36 77 0 0 0 0 0 0 0 0 32 0 45 0 32 0 0 14 31 0 0 0 0 0 0 65 27 0 0 24 0 87 0 11 57 59 0 4 0 0 0 0 0 0 0 0 0 0 0 0 1 0 6 0 71 0 0 0 42 93 0 0 8 0 0 0 44 96 0 0 62 0 0 0 0 0 55 0 0 0 0 0 0 0 42 0 45 0 0 0 0 62 52 0 0 14 0 20 57 0 80 0 0 0 0 0 0 0 37 4 74 0 0 0 38 0 0 0 0 0 56 93 50 0 3 0 0 66 0 50 19 19 0 0 0 0 0 0 0 0 45 0 0 52 5 16 10 0 0 0 35 0 77 90 0 0 0 0 0 0 0 0 0 0 0 0 36 74 0 0 0 0 44 0 26 0 0 98 0 12 11 0 0 0 0 9 100 0 22 0 0 62 0 0 0 0 0 0 0 0 0 0 0 0 0 0 61 0 2 34 0 0 54 30 0 0 89 0 0 0 0 0 8 0 0 89 0 0 0 25 0 0 0 0 0 0 0 0 0 0 0 0 0 0 0 0 0 0 0 49 0 19 0 0 0 0 0 0 0 0 80 0 0 13 0 94 0 0 0 99 0 0 0 0 0 0 0 0 0 32 0 0 0 17 0 0 0 0 27 91 0 90 72 16 0 0 34 0 0 25 0 0 17 0 0 32 0 0 61 0 0 0 0 0 0 0 0 0 99 0 0 0 4 3 0 0 0 0
34 0 44 14 0 0 0 0 87 0 12 0 37 0 98 0 81 41 0 0 0 0 27 71 0 0 0 0 0 0 0 0 0 0 0 0 14 0 59 15 0 0 58 98 0 0 0 0 59 0 53 0 0 0 0 0 0 0 0 0 96 0 0 69 0 0 0 0 0 0 0 24 0 0 52 56 0 0 0 0 0 0 0 15 0 0 0 0 0 0 0 66 0 98 0 0 0 5 73 0 14 0 34 46 0 0 0 0 0 0 0 74 66 30 0 0 0 32 64 0 0 89 0 0 0 0 0 0 0 0 0 96 2 0 0 0 0 0 0 0 0 0 21 0 0 0 0 0 0 0 0 0 0 0 0 0 0 0 42 0 0 0 66 0 0 0 0 0 0 0 0 0 8 83 0 80 15 0 0 30 0 0 0 0 0 0 65 0 0 0 0 68 97 0 0 28 78 0 0 0 0 0 97 100 0 0 0 62 0 0 0 0 0 89 0 1 15 63 0 0 0 0 0 0 0 0 80 0 0 0 0 0 0 0 0 0 0 0 0 0 0 0 0 16 0 0 0 88 0 0 0 0 0 0 0 0 0 0 0 59 0 0 0 0 68 0 0 0 0 0 0 0 0 0 81 0 0 0 0 0 0 0 0 0 0 0 0 0 80 0 0 72 0 0 0 0 0 0 0 0 3 0 0 4 0 0 0 0 0 28 0 0 78 0 0 0 0 67 27 0 0 22 49 0 0 0 52 0 0 0 0 0 0 0 70 60 0 0 0 74 0 77 0 0 0 0 53 0 0 19 0 0 0 0 0 96 0 0 0 0 0 0 0 0 93 0 0 0 0 55 0 0 0 0 0 0 83 86 0 0 82 0 0 0 97 9 0 27 0 0 0 47 0 2 0 0 0 0 0 0
0 0 0 0 0 0 0 0 0 7 0 0 0 33 0 0 0 36 0 0 0 0 0 0 0 0 0 0 0 0 0 0 0 0 0 0 0 0 0 0 96 26 0 0 0 0 0 74 79 0 0 0 0 0 45 37 0 0 0 0 54 0 7 0 0 0 33 0 84 0 0 0 86 0 20 0 0 0 0 0 53 0 0 39 95 0 0 0 0 0 0 48 0 23 0 0 0 87 72 0 0 0 0 0 0 0 0 0 0 0 0 0 57 0 0 63 0 0 40 51 0 0 0 10 35 0 0 0 0 0 0 0 0 0 0 52 77 0 0 0 0 0 0 0 46 0 0 0 0 0 100 0 0 0 78 0 62 0 16 0 0 30 0 0 0 21 0 0 0 0 0 0 0 0 0 0 0 0 0 0 0 60 15 0 0 0 0 0 0 0 0 0 0 0 0 59 0 26 0 0 0 0 77 26 0 0 0 0 0 0 0 0 0 98 0 0 62 0 0 0 71 13 0 0 57 0 0 0 0 0 0 0 76 0 95 0 66 0 0 74 0 0 0 0 59 0 0 0 40 0 0 0 0 94 0 0 0 0 0 10 0 53 0 0 0 65 0 0 41 0 63 0 73 54 0 0 63 0 0 0 0 0 6 0 0 67 0 0 99 16 0 0 0 0 0 0 0 0 0 0 46 0 0 46 0 0 0 0 0 0 75 0 0 63 0 0 0 0 0 0 0 46 44 2 0 0 84 0 0 0 0 0 0 0 0 0 0 0 0 0 0 0 0 88 24 0 31 0 0 0 0 0 0 24 0 0 44 61 0 0 0 1 0 0 0 0 99 0 0 0 7 0 43 27 0 0 80 0 16 0 0 0 0 0 0 87 99 0 0 0 0 0 0 42 84 0 0 0 0 0
0 0 75 5 0 0 0 0 0 0 0 0 0 0 0 0 92 0 0 29 0 0 51 0 0 0 0 64 86 0 59 49 49 0 36 57 0 0 0 22 0 28 41 49 0 0 98 0 0 12 12 0 29 0 0 0 0 0 0 2 0 69 70 71 0 70 0 0 0 0 0 0 0 4 0 0 0 0 0 38 55 0 0 0 0 92 0 0 19 0 0 41 0 0 0 0 0 14 92 0 0 52 0 0 48 0 0 67 100 0 0 0 0 66 0 0 0 19 0 21 59 0 0 28 0 0 32 0 17 0 0 0 0 0 0 34 0 46 0 0 0 0 0 0 67 0 0 0 0 0 60 0 0 9 0 0 0 18 0 0 0 0 0 90 0 0 0 0 0 87 55 0 0 17 66 0 0 0 73 44 0 0 0 0 0 0 0 77 38 0 0 18 0 0 0 0 0 0 0 0 0 0 0 0 0 37 70 76 0 0 35 0 0 0 0 0 0 20 0 53 36 0 42 82 0 62 0 0 0 0 34 81 0 94 0 0 0 0 0 0 29 0 0 0 0 0 0 37 0 0 0 0 0 0 0 0 0 94 0 0 0 0 58 0 0 61 0 0 0 0 0 0 58 0 0 0 0 0 80 0 0 0 77 0 0 30 0 84 0 18 77 0 22 65 0 0 0 0 0 36 0 0 0 0 0 48 0 51 0 0 0 0 0 0 78 0 15 0 95 0 0 0 0 0 0 0 85 0 0 0 0 0 0 0 0 0 0 0 0 0 79 0 76 0 83 0 0 0 0 0 55 0 0 0 0 42 71 0 0 0 0 0 40 0 0 0 92 0 0 0 0 0 0 17 0 0 0 0 0 0 0 97 0 0 0 56 0 0 0 0 0 96 0 0 0 57 58 0 0 0
0 0 88 47 0 0 0 0 0 0 0 0 0 0 55 0 0 0 0 0 0 37 49 0 57 0 7 0 83 86 0 0 0 0 0 0 6 0 59 0 0 0 0 0 0 0 0 82 93 0 54 58 0 34 0 0 96 20 78 0 89 0 0 0 47 0 0 0 0 0 61 0 0 0 0 0 0 0 2 57 0 0 0 0 0 20 0 0 0 10 0 48 0 0 0 0 0 0 0 0 0 51 0 0 0 0 0 62 0 72 7 99 0 0 98 40 0 0 0 0 18 2 0 0 0 0 0 0 0 0 0 0 0 60 0 0 87 0 0 0 0 85 0 0 0 0 0 0 0 0 0 0 0 0 16 80 0 0 0 60 0 0 0 0 0 0 0 0 8 55 0 0 0 0 0 71 0 0 0 0 0 0 0 0 0 0 1 0 25 0 0 0 0 0 81 0 0 0 12 0 18 0 62 0 26 0 0 0 0 0 91 0 8 0 15 0 0 0 0 0 0 0 96 0 0 0 0 0 0 86 0 0 0 64 0 0 0 0 0 61 0 0 0 0 0 0 96 95 0 0 0 0 0 0 0 0 0 97 0 0 0 0 13 66 69 0 0 79 0 0 0 32 11 40 6 0 0 0 0 16 62 0 0 0 0 0 0 0 32 0 0 77 0 33 3 55 0 0 0 0 0 0 42 35 0 0 0 81 0 18 0 60 0 0 0 0 0 0 21 0 0 0 0 15 0 0 0 0 0 0 0 0 0 0 71 0 0 0 20 0 0 0 20 50 0 94 0 15 0 98 51 0 0 0 0 0 62 0 0 0 0 0 26 0 0 0 0 0 0 0 0 0 0 49 56 36 0 0 0 0 0 0 0 0 0 0 68 10 55 0 0 0 9 0 0 50 0 0 0 0
0 0 68 49 0 0 79 0 0 0 35 25 0 0 0 0 0 61 0 0 19 0 81 0 0 0 16 31 0 0 0 0 0 0 0 22 0 0 0 0 0 0 0 56 1 0 0 0 3 0 0 38 83 0 0 88 0 0 0 0 0 0 70 0 0 0 0 0 0 0 0 0 0 71 26 0 0 0 59 0 0 0 0 0 0 0 0 0 0 0 0 0 0 73 0 98 0 16 25 0 0 0 12 0 5 0 0 0 17 0 0 0 73 0 0 0 0 0 0 0 78 0 0 0 0 0 0 0 0 90 0 0 0 0 0 88 0 0 0 0 0 0 0 0 0 0 0 72 50 92 81 0 0 0 0 0 0 35 0 0 0 0 0 66 0 57 50 0 0 0 34 0 28 0 0 0 0 0 0 0 0 0 22 0 0 0 0 0 0 0 0 0 75 31 0 99 0 0 0 46 0 0 0 0 0 0 57 93 0 5 0 79 0 0 69 0 28 0 0 0 16 0 61 54 0 0 0 0 77 0 0 0 0 0 0 0 0 28 0 0 0 0 0 23 32 32 0 0 0 0 42 0 0 0 0 0 51 0 0 19 12 0 0 0 0 0 0 0 6 84 0 0 62 0 0 0 0 0 0 0 0 0 0 0 0 0 79 0 0 0 0 0 0 80 0 0 0 0 0 0 7 0 0 0 0 0 0 5 96 0 0 26 0 0 0 38 0 40 0 72 0 0 0 0 0 69 0 0 0 0 0 0 9 0 73 0 27 0 0 0 0 0 0 88 0 0 0 0 0 0 0 0 0 0 0 0 0 0 0 0 49 89 0 0 0 71 2 0 0 0 2 0 0 0 0 0 0 0 0 96 0 0 0 0 0 0 53 0 0 0 0 0 0 0 26 67 0 0 0 0
0 0 0 0 0 0 0 0 0 34 0 0 0 0 0 0 0 0 0 90 42 0 74 77 0 0 39 0 0 0 0 47 98 0 86 0 0 0 0 0 27 0 47 0 0 0 0 0 0 0 0 16 0 71 0 0 91 28 0 0 87 40 0 0 0 0 0 4 0 0 0 0 0 0 0 0 37 60 0 0 43 55 0 0 0 56 0 50 73 0 0 0 0 0 20 0 75 0 67 0 51 0 0 0 18 0 0 0 0 0 4 0 0 0 0 0 0 0 41 0 0 64 0 0 0 53 0 0 29 0 17 0 0 91 0 0 0 0 0 0 0 0 0 0 0 64 0 0 79 0 31 0 0 0 0 0 72 0 26 0 0 0 67 38 0 0 63 0 76 0 0 2 54 88 0 41 42 61 0 0 0 0 40 0 78 0 0 0 0 0 56 0 0 0 0 0 0 0 0 0 67 97 0 53 75 0 84 0 0 0 0 0 0 0 0 0 0 14 0 0 19 0 0 0 0 0 0 0 0 28 0 77 0 90 0 0 0 0 0 0 29 0 0 0 0 0 8 0 0 0 0 6 0 0 56 0 0 0 0 0 0 0 0 15 0 0 3 0 0 0 0 21 0 0 0 44 0 0 0 74 92 51 0 0 20 89 0 6 0 0 0 0 0 0 47 0 0 0 0 0 10 0 0 0 0 0 67 0 0 0 0 0 31 47 0 79 23 0 0 0 0 4 35 68 75 0 0 0 1 0 12 0 0 0 0 0 22 67 87 91 0 26 10 0 0 60 0 0 0 54 0 0 0 69 0 0 0 55 0 0 0 0 12 0 0 0 18 71 4 0 0 0 4 54 0 0 0 0 0 0 99 0 0 0 0 22 0 0 0 0 0 0 0 0 0 0 67 0 0 0
0 0 0 0 0 0 0 0 0 99 0 0 0 0 0 66 0 0 0 0 0 0 0 93 0 0 0 0 0 0 0 0 0 0 0 0 23 0 0 15 0 0 70 0 0 0 0 0 0 0 41 0 57 5 0 54 0 83 0 0 0 0 0 0 76 86 0 0 0 0 0 27 9 0 0 0 0 8 0 0 0 0 0 50 25 0 0 0 38 0 69 0 0 0 0 0 0 0 0 0 41 51 69 0 10 0 10 0 0 0 59 0 0 69 0 0 0 0 39 0 0 0 0 0 0 93 0 0 31 0 0 0 0 0 0 0 0 0 0 0 0 0 91 0 0 0 0 92 0 0 0 0 0 0 45 0 0 0 0 0 74 0 0 0 39 0 85 0 0 0 0 0 87 0 0 0 0 0 0 0 0 48 0 0 0 4 0 0 0 0 30 0 0 0 0 0 73 0 0 0 0 0 0 0 96 20 0 15 50 0 0 0 0 0 0 0 0 0 0 0 0 0 79 0 0 25 0 0 22 0 65 0 0 0 0 0 0 0 0 0 48 0 0 0 0 0 0 0 76 12 0 0 0 30 0 0 70 0 5 51 0 0 75 0 0 0 0 0 0 0 0 0 0 77 48 0 0 0 0 0 0 0 0 0 0 0 0 89 0 0 43 0 0 0 0 0 49 0 0 0 0 0 0 0 0 0 79 77 5 48 0 0 0 88 0 32 0 82 0 0 0 81 0 0 0 0 0 18 78 25 0 0 0 0 0 0 35 0 12 97 0 0 10 55 95 0 5 0 0 0 0 12 0 78 0 0 0 0 0 0 0 0 0 47 0 0 0 0 75 0 0 0 19 0 0 44 0 0 29 0 87 0 0 0 84 0 40 0 0 0 0 0 0 0 0 0 0 0 52 0
0 0 90 0 0 27 0 0 0 0 0 0 5 86 0 0 0 0 0 14 73 0 0 0 67 0 0 50 72 80 56 90 0 0 16 0 0 20 0 0 78 0 0 0 4 0 76 45 0 0 0 0 37 0 68 96 0 0 29 0 0 71 0 0 0 0 0 0 0 0 0 0 0 0 0 0 89 0 0 0 0 0 0 0 78 0 53 0 5 0 3 0 0 0 0 0 0 0 0 0 0 0 71 0 0 0 0 0 0 0 0 0 3 5 5 0 0 16 0 25 67 0 0 0 0 60 42 0 0 0 40 70 0 0 83 77 0 0 0 58 87 0 0 8 0 0 0 0 0 0 0 0 0 35 0 0 0 0 58 0 0 0 4 0 0 0 21 0 0 0 0 34 0 0 0 0 34 0 92 0 0 0 0 83 3 0 0 75 0 20 0 19 0 0 0 0 0 0 0 83 0 0 65 0 0 94 0 0 82 0 0 0 0 92 0 0 49 0 0 79 0 0 0 0 11 27 0 0 0 0 0 0 0 0 0 0 0 8 48 0 0 0 0 0 0 0 0 0 0 0 0 0 0 0 0 0 0 0 61 0 0 0 0 46 0 0 0 0 0 0 0 0 0 0 27 0 0 0 0 0 0 19 0 0 0 0 30 0 0 0 0 50 0 0 53 58 0 0 69 0 100 0 0 0 0 0 0 6 0 0 89 0 0 0 14 0 62 0 0 0 0 0 0 0 0 20 24 0 63 24 9 0 0 0 45 61 9 0 0 0 0 0 0 68 99 0 0 0 0 0 41 0 0 28 0 0 0 0 0 0 0 0 83 0 0 0 0 35 0 0 0 0 0 72 0 0 0 0 0 0 0 0 35 0 6 0 10 0 0 17 0 0 0 0 0 0 0 69 94 0
22 7 36 10 0 0 0 0 0 0 0 0 3 0 0 0 0 0 0 0 0 33 90 0 0 0 0 0 0 0 0 59 0 0 0 0 0 0 0 99 0 0 0 0 0 37 0 0 85 91 84 0 0 75 55 0 0 79 0 0 0 56 0 0 0 0 0 0 0 0 0 0 0 0 0 0 0 0 0 0 17 0 0 0 0 63 0 63 0 0 0 0 0 0 92 0 0 0 0 0 0 0 0 0 0 0 0 69 0 0 56 0 0 54 23 0 0 0 0 0 0 0 0 0 0 77 0 22 65 0 0 0 0 4 0 13 0 0 0 0 0 0 54 0 49 0 0 0 0 81 0 0 55 0 0 0 0 44 0 99 37 0 0 0 0 81 92 9 24 0 0 0 0 0 0 0 0 0 0 0 0 0 0 0 60 96 54 51 41 0 0 0 0 0 0 27 0 38 42 0 0 0 7 0 0 24 0 14 97 0 0 70 0 64 0 96 0 0 0 0 0 0 0 33 0 0 0 0 0 4 81 0 0 0 0 0 0 0 0 0 0 0 51 0 0 0 0 0 0 0 0 0 0 0 92 0 0 0 0 0 0 0 0 0 0 0 0 0 0 5 0 0 0 0 69 0 0 52 0 0 0 72 0 18 12 0 0 0 27 0 0 29 49 0 0 0 0 6 0 0 2 0 0 0 0 82 0 30 0 10 68 0 0 0 90 0 0 0 51 0 13 0 0 5 60 0 0 39 0 69 41 0 0 0 0 0 63 0 18 0 0 0 0 0 0 0 0 0 0 87 2 0 50 55 0 0 0 0 77 30 0 0 0 0 0 66 0 3 34 81 0 0 0 0 69 0 0 0 3 0 0 0 0 0 0 0 0 0 0 0 0 0 59 0 0 0 0 0 53 0
0 0 0 41 0 57 0 43 0 0 0 75 0 0 0 0 0 17 0 0 0 0 97 0 0 0 0 0 88 0 85 0 76 55 0 0 0 0 0 0 0 0 0 0 0 0 0 0 0 0 0 0 0 0 0 100 0 0 0 70 0 0 30 0 0 0 0 0 33 7 85 0 0 0 75 0 36 50 0 0 15 0 0 0 0 0 0 0 0 89 0 0 0 0 0 0 94 0 0 0 60 0 0 0 0 0 33 0 0 0 0 36 0 0 0 0 0 15 0 0 91 77 11 57 10 0 26 96 89 0 0 68 45 0 0 0 0 50 0 0 0 0 0 0 0 0 0 0 0 0 0 0 71 40 0 82 0 0 0 84 0 0 73 0 0 0 0 75 0 98 68 0 19 0 0 92 45 0 21 0 82 0 0 16 0 33 0 0 80 0 0 0 88 0 0 0 0 3 0 0 100 87 53 0 0 0 0 0 0 0 0 0 38 81 0 0 18 50 0 0 84 53 76 0 23 0 0 0 0 0 0 0 0 90 68 0 0 0 0 52 0 0 50 0 0 0 0 0 58 22 11 0 0 25 0 0 55 47 0 0 0 0 0 0 0 0 0 0 0 0 42 0 0 0 0 0 0 0 0 46 0 0 0 0 66 0 42 0 0 50 0 0 0 0 0 88 0 0 0 0 0 0 0 0 33 0 0 0 4 0 0 0 92 0 0 0 36 0 0 0 0 0 0 0 14 0 0 0 86 27 0 0 0 88 0 0 0 0 0 0 4 0 0 0 5 0 0 0 2 0 0 0 0 0 0 69 86 0 0 0 0 0 0 0 24 0 0 46 21 0 39 0 0 1 51 0 0 0 0 0 0 92 0 0 0 0 0 34 0 0 0 0 0 0 0 32 0 0 0 0
33 0 0 0 0 0 0 0 0 0 0 0 6 0 0 0 0 0 0 0 0 97 0 0 0 0 0 0 9 0 15 1 0 0 0 38 0 0 32 0 43 82 0 14 0 0 0 0 63 0 25 73 34 0 0 52 0 13 0 95 0 0 92 0 0 0 0 0 10 0 78 0 0 0 0 54 0 0 0 0 78 86 0 0 0 0 0 0 26 0 94 31 85 75 0 0 0 0 0 45 0 0 0 0 0 0 0 0 87 0 0 0 0 57 0 0 66 0 0 0 10 92 0 0 0 0 0 14 0 0 40 95 0 0 0 0 0 0 0 0 9 0 49 0 0 0 0 0 0 0 27 0 0 7 0 0 0 0 94 36 0 0 14 0 0 0 0 0 0 85 0 0 0 0 47 0 0 0 5 27 8 0 0 0 90 0 37 0 0 0 0 0 0 0 0 0 0 0 0 0 0 0 0 0 0 91 71 0 0 0 0 86 76 0 0 0 0 0 0 0 61 0 0 0 0 0 78 0 61 0 0 9 0 0 0 0 0 68 0 0 0 75 39 0 0 25 0 24 0 0 0 0 0 0 0 0 0 85 0 0 0 0 0 0 0 2 0 0 36 0 0 45 0 83 0 0 0 59 0 0 0 0 54 0 0 0 0 27 0 0 0 0 0 0 98 0 0 0 0 88 9 0 0 0 61 0 0 0 0 0 0 0 0 0 0 62 0 51 0 39 81 0 0 7 0 0 0 0 0 0 0 34 0 0 0 0 0 0 0 0 100 49 0 0 0 0 73 78 0 0 0 63 36 0 93 0 0 0 0 0 0 0 0 0 0 0 90 0 0 0 41 0 0 0 0 0 21 0 0 0 0 52 0 0 2 0 1 0 0 0 0 0 56 0 0 0 62 0 0 43
0 0 0 0 0 27 0 57 0 0 0 7 0 0 0 0 0 0 0 0 0 0 0 0 54 0 0 0 0 32 57 0 0 0 0 0 36 0 0 0 78 14 0 0 0 0 89 0 0 39 42 0 0 0 0 0 0 21 47 69 60 0 0 0 0 0 0 71 0 92 0 0 0 0 0 28 95 48 0 0 1 8 0 0 0 83 0 0 0 0 0 0 42 0 0 0 0 0 30 0 0 0 0 0 0 1 0 0 0 0 0 0 0 0 0 0 0 0 0 0 0 0 0 0 0 0 85 0 0 0 0 0 0 9 0 27 0 0 0 79 0 0 0 25 0 0 0 0 0 32 0 0 0 0 0 0 0 0 0 0 0 0 0 0 0 0 0 0 0 0 0 0 0 0 66 0 0 0 0 45 70 0 0 0 0 90 69 80 0 0 78 0 0 0 0 98 0 0 0 89 0 0 12 0 0 0 0 0 6 0 0 0 24 0 26 0 0 0 0 0 20 0 0 0 0 0 54 37 39 93 0 0 72 0 0 0 0 0 0 0 65 0 0 0 30 0 0 0 21 14 0 0 0 0 0 33 0 80 28 0 0 75 0 51 0 11 0 0 0 97 0 0 5 0 0 0 0 19 0 67 0 0 0 41 0 0 0 0 0 0 0 0 0 52 38 27 88 0 0 0 0 0 0 18 0 72 0 0 0 0 11 0 0 0 0 0 0 0 0 0 60 0 0 0 0 0 0 0 0 0 48 0 0 0 0 0 51 53 0 2 66 50 0 0 0 5 15 0 0 0 0 0 0 0 0 0 0 36 83 0 0 0 0 0 0 0 0 0 0 33 69 0 0 54 0 0 0 0 87 0 71 0 0 0 92 0 0 0 0 0 0 18 0 0 69 0 0 37 0 49
0 62 0 0 0 0 0 0 87 0 57 7 0 0 0 0 0 0 0 64 86 0 0 0 88 0 79 0 91 0 0 0 0 32 0 0 0 0 0 0 31 0 0 48 30 0 0 0 2 0 0 0 0 0 95 0 0 0 0 0 0 85 0 0 0 49 0 93 19 0 0 83 0 0 48 0 0 0 0 44 0 46 0 72 0 0 0 0 0 0 86 89 0 41 0 0 0 0 0 17 0 0 0 77 0 0 69 0 0 59 0 0 13 0 0 0 0 97 0 0 0 0 0 0 0 31 0 59 0 0 0 0 86 66 0 0 0 0 0 0 20 0 0 0 0 0 0 0 49 0 0 0 0 0 36 0 0 0 0 0 0 0 4 0 0 0 0 41 0 0 84 91 47 0 0 0 0 0 0 0 0 0 0 0 60 63 0 92 29 0 0 68 48 0 0 0 0 0 0 0 74 0 0 0 0 0 0 69 0 0 45 0 14 0 0 0 0 0 49 0 0 0 0 0 0 0 25 0 0 0 0 70 0 0 0 0 18 0 0 0 0 0 0 0 0 57 0 0 0 0 0 0 0 0 0 16 0 0 0 31 86 0 11 0 0 0 81 0 0 0 100 0 0 43 0 60 0 0 0 0 0 0 0 20 0 99 64 0 99 0 7 0 0 0 0 0 0 0 65 0 0 0 0 71 22 0 0 0 0 25 0 0 50 0 0 0 0 0 0 0 0 0 0 0 0 0 0 0 0 0 86 0 0 0 0 0 59 64 0 0 0 93 0 55 0 27 0 0 47 81 0 23 0 0 0 0 0 0 0 0 40 2 0 49 0 37 0 0 0 0 0 0 0 99 0 0 0 58 93 0 0 0 0 53 22 0 0 0 34 0 0 0 0 0 0 0 68 0 0 12
0 61 64 0 0 0 25 0 0 0 1 0 0 0 0 0 0 0 51 0 76 0 0 81 0 0 0 0 0 0 23 0 0 0 36 93 0 68 0 0 27 0 20 0 97 0 0 43 25 50 17 0 0 0 32 8 77 0 61 0 0 0 0 0 69 0 26 0 31 0 0 0 72 0 0 91 45 0 0 0 74 5 0 47 0 0 0 45 0 0 0 0 96 0 0 0 0 12 30 0 0 0 0 85 97 99 0 0 0 85 0 69 0 0 0 0 0 0 0 0 75 74 38 21 37 0 28 0 0 0 0 0 85 0 0 32 0 0 79 0 0 80 0 90 0 0 0 67 0 0 80 0 0 0 0 86 5 0 89 0 0 52 0 0 0 0 18 0 0 49 0 0 0 0 0 19 2 0 0 30 63 0 30 0 62 0 43 0 0 0 56 32 82 0 0 34 0 59 0 0 0 55 0 0 0 0 0 49 0 0 0 27 0 0 0 0 0 0 27 0 11 10 0 0 0 38 0 0 39 0 0 0 0 0 15 0 8 0 87 97 0 0 0 0 0 0 20 0 0 0 0 0 74 0 0 35 0 0 79 0 0 0 0 0 0 0 33 98 0 0 0 0 0 0 68 0 0 0 0 0 9 0 0 0 0 0 0 0 0 0 0 25 0 55 0 0 0 80 0 0 0 0 67 0 0 63 0 93 0 0 0 0 0 0 0 0 0 14 0 0 27 0 0 0 29 0 53 0 0 0 0 0 16 0 0 0 0 0 75 52 74 0 0 0 0 12 0 31 52 0 0 0 79 0 2 0 0 0 0 0 0 56 0 0 85 53 0 87 8 0 0 40 0 98 0 0 28 0 0 0 93 74 0 0 0 0 0 0 5 0 0 94 0 52 0 46 0 0 20 0
21 0 0 0 0 0 24 0 19 0 35 0 96 0 0 0 0 73 0 100 35 0 0 16 26 0 0 0 0 0 71 0 0 0 0 41 0 0 68 0 0 42 0 0 21 0 0 0 0 0 0 0 16 0 0 58 0 0 0 0 0 0 0 68 62 0 0 0 0 0 0 0 0 3 0 0 9 0 0 25 11 0 0 0 29 0 0 0 0 0 0 0 0 19 0 0 0 0 0 54 0 0 24 66 0 0 0 0 0 45 24 3 0 0 61 0 0 0 52 0 0 0 0 74 0 0 0 0 0 0 100 0 0 0 21 9 0 0 0 0 18 0 0 37 0 0 0 59 12 0 10 47 0 84 0 0 0 0 19 0 0 0 0 0 5 0 0 0 0 64 0 48 0 0 0 0 43 0 0 62 0 0 78 0 0 81 0 59 0 0 0 0 0 0 0 0 2 50 0 0 0 89 0 0 0 0 0 0 29 0 52 0 36 94 0 0 0 0 0 90 0 0 0 0 15 0 0 0 5 0 4 0 64 36 0 50 0 0 0 0 0 0 0 0 78 0 0 0 0 25 47 0 0 0 54 0 54 0 78 0 0 0 65 0 0 0 0 0 18 0 0 0 39 0 0 0 0 0 95 0 30 0 0 0 0 0 0 11 40 0 0 0 50 0 0 0 0 0 0 0 0 0 0 0 0 0 0 0 0 73 0 0 0 40 0 0 36 3 0 0 0 0 0 0 0 0 0 0 0 0 77 0 0 20 90 0 0 52 78 36 0 76 49 45 0 0 0 0 0 42 20 62 0 73 0 0 0 0 0 0 0 0 0 0 0 0 0 0 0 0 0 0 0 0 0 0 0 0 0 0 0 64 0 11 0 0 0 69 0 8 8 0 0 57 0 0 0 0 0 16
0 0 0 0 0 0 0 0 0 0 0 25 0 0 0 0 0 0 0 0 0 0 0 53 0 0 0 64 80 59 0 0 0 0 0 0 0 0 0 0 0 0 61 8 7 0 69 0 0 94 0 0 0 0 0 0 0 0 96 0 18 35 0 0 0 0 0 99 0 0 0 0 45 0 0 7 0 14 0 0 0 0 0 0 66 0 23 0 86 82 40 0 0 64 0 9 0 0 29 41 0 0 94 0 86 0 0 0 88 0 0 0 0 0 0 0 0 0 59 42 0 0 92 95 0 0 0 0 18 7 0 0 0 0 0 0 0 0 0 0 0 0 0 50 0 0 0 10 12 0 0 0 0 0 0 0 0 0 0 0 0 0 0 0 0 16 0 0 0 0 0 0 0 39 15 0 0 0 0 0 0 78 5 0 0 35 43 0 96 0 0 49 0 0 53 0 75 1 0 0 0 0 84 0 0 0 0 0 93 0 0 0 35 97 0 0 0 0 0 0 69 0 0 0 0 0 0 0 0 0 0 0 0 0 57 0 20 94 0 75 0 0 95 0 0 0 0 27 0 0 0 52 0 0 48 0 0 55 0 0 0 0 0 94 0 61 0 0 0 11 0 0 0 0 0 0 0 0 0 50 0 7 0 0 63 0 0 0 0 0 0 90 0 0 0 0 0 88 0 35 35 84 80 0 0 0 0 44 35 0 0 0 0 25 0 0 0 56 0 0 0 0 0 0 0 0 87 0 0 0 0 0 0 98 0 0 82 0 0 0 0 0 0 65 0 0 0 15 0 0 0 0 0 97 0 0 0 0 0 89 0 0 0 0 4 0 0 0 0 68 0 0 0 0 0 0 0 0 0 0 0 0 97 46 68 0 0 0 0 0 0 56 0 0 27 0 0 0 0 34
7 0 0 0 0 15 0 78 0 0 0 0 0 0 0 0 0 0 0 0 0 0 0 0 0 0 0 14 0 21 0 82 21 77 0 0 0 99 30 0 28 0 0 0 0 7 0 63 29 0 0 0 0 0 0 0 0 5 76 0 48 86 73 0 0 48 0 0 0 14 97 0 0 0 0 12 0 24 0 0 0 0 0 0 0 77 0 0 0 0 99 49 0 0 0 91 93 0 0 0 0 26 79 0 0 85 25 83 52 0 0 0 0 0 47 0 0 0 59 0 0 0 0 0 0 0 0 90 0 0 51 0 0 4 0 59 0 0 0 0 0 0 0 69 0 41 11 0 88 0 0 0 0 3 0 0 0 0 0 0 0 0 0 0 12 0 0 0 0 0 0 83 0 0 0 0 0 10 0 0 0 0 0 0 93 0 0 0 0 0 0 0 17 2 0 0 79 0 0 62 0 0 0 0 0 0 0 77 0 0 88 0 69 0 0 0 0 0 36 99 0 0 0 0 0 0 2 0 0 0 0 0 0 0 0 0 0 0 0 82 0 0 0 0 0 0 99 0 14 0 0 22 0 31 0 0 0 0 0 0 91 0 0 0 0 46 0 0 0 0 81 0 0 0 70 32 58 0 0 0 0 0 0 0 0 0 56 0 0 2 5 0 0 0 0 0 0 0 0 0 0 0 37 0 0 0 0 0 1 47 0 35 92 0 0 0 0 89 0 80 0 0 0 0 0 0 0 0 0 0 0 29 0 68 18 0 0 0 21 0 0 13 19 0 0 0 0 11 0 60 0 14 0 0 0 0 0 0 0 67 0 0 0 0 9 0 0 0 24 44 0 0 0 38 0 0 0 3 0 0 0 0 0 27 0 46 0 0 0 0 0 51 0 0 0 78 18 0 0 9
0 0 0 0 40 0 0 0 0 0 0 47 90 0 63 0 0 0 0 0 0 0 0 44 0 0 0 19 69 0 0 29 0 0 0 0 0 0 0 0 0 0 0 69 1 0 0 0 0 0 0 78 0 24 31 0 0 0 62 0 74 0 0 0 0 0 0 59 0 88 0 0 0 56 0 57 0 2 79 0 0 60 0 0 0 0 86 9 56 0 15 0 87 0 0 0 0 0 0 0 86 0 95 0 0 0 0 0 0 0 0 0 17 0 0 0 23 0 0 55 0 0 0 0 0 47 91 87 0 0 51 0 0 0 0 0 0 0 0 0 0 0 24 0 0 0 88 0 42 33 80 0 0 0 3 49 0 0 0 32 0 0 0 26 0 79 0 0 0 0 0 0 0 67 92 14 0 0 0 0 0 0 0 0 0 0 0 0 0 0 27 0 0 0 76 0 0 0 0 0 0 0 0 0 0 0 0 0 0 0 0 0 0 0 0 0 0 0 0 0 0 0 0 29 43 0 0 0 0 0 0 0 0 0 11 12 0 0 16 0 73 54 0 0 0 7 0 0 0 10 0 0 65 77 0 0 0 0 0 0 0 0 0 0 0 0 0 0 19 0 0 42 0 0 0 36 0 0 23 0 0 0 0 0 0 0 0 0 0 53 88 0 0 0 0 0 0 0 70 0 0 60 56 0 0 44 0 30 0 0 0 0 43 0 0 0 0 0 0 68 83 0 0 0 0 0 95 14 0 0 0 0 0 0 61 0 0 0 10 0 0 0 23 17 89 0 0 0 0 0 0 0 52 0 0 0 0 0 0 0 0 0 0 0 0 99 0 0 0 59 0 0 0 0 0 96 0 0 0 0 0 0 35 0 0 0 0 0 0 50 0 0 0 0 0 0 0 0 0 11
0 0 0 0 0 0 32 83 77 0 0 0 0 0 0 0 0 33 0 0 100 0 43 0 0 0 99 0 0 0 23 0 0 0 0 0 0 0 0 29 36 0 0 0 93 0 0 71 0 66 24 0 0 83 82 0 0 0 0 0 0 0 0 0 0 0 88 0 0 0 58 0 0 0 21 0 0 0 0 0 0 0 2 69 0 0 0 97 0 0 0 15 0 0 0 0 0 38 47 1 0 0 14 85 56 40 50 0 0 0 0 0 0 65 19 0 0 0 0 0 0 0 89 94 0 0 0 20 0 78 0 0 0 28 0 52 0 0 66 0 0 0 0 91 91 0 0 0 88 0 0 0 0 0 0 0 0 0 0 96 0 0 0 0 0 0 49 0 50 96 86 0 0 71 56 0 0 0 0 0 36 0 24 0 0 10 0 3 0 89 40 0 0 15 0 10 0 0 45 68 0 0 0 0 0 0 0 69 0 0 0 0 64 0 0 0 7 0 0 97 0 0 0 0 88 0 67 0 1 0 0 97 0 0 0 0 15 0 0 24 58 65 0 0 0 0 0 82 0 0 0 76 93 0 0 15 65 0 0 0 0 0 0 0 0 40 0 0 0 0 0 0 0 0 0 0 0 0 0 0 0 80 44 0 0 0 0 40 43 98 0 0 0 0 0 0 0 0 0 0 0 0 0 0 0 0 0 100 35 58 0 0 65 77 0 3 0 0 0 0 0 0 0 16 0 0 0 0 0 3 0 0 90 93 16 0 73 0 0 0 0 0 0 0 0 0 0 85 0 0 83 0 0 23 0 0 0 0 75 0 0 0 0 59 0 0 0 0 0 0 0 0 0 0 0 5 25 0 0 0 0 0 0 0 57 0 78 0 78 15 0 0 0 45 78 59 0 32 0 0
0 0 0 0 93 0 44 0 0 60 73 100 0 100 73 0 53 0 0 67 0 0 0 34 0 0 0 0 76 0 33 92 83 0 0 0 0 53 99 53 74 0 0 0 0 0 15 0 17 36 0 7 0 0 0 89 42 0 10 90 0 0 0 0 67 88 0 0 0 0 0 0 0 0 0 0 0 0 39 0 0 0 0 0 71 0 32 0 0 0 0 0 0 0 0 0 0 0 0 0 0 43 11 0 81 0 0 0 15 0 0 0 0 0 52 0 0 0 20 0 0 0 57 0 0 5 0 0 0 1 0 28 0 0 0 0 0 0 0 0 0 0 62 0 0 0 92 0 0 0 4 47 0 0 84 0 0 53 79 0 0 0 0 0 0 0 0 0 0 0 0 0 86 37 0 26 0 16 95 0 38 0 0 0 0 0 0 0 0 0 93 0 0 0 0 0 0 0 5 90 0 0 0 0 0 0 0 92 0 0 0 0 0 0 95 10 4 0 63 0 0 0 0 92 0 0 0 13 42 0 0 0 0 0 18 0 0 67 89 0 0 0 0 0 7 0 0 35 0 0 0 0 0 0 0 0 0 68 0 0 0 14 85 18 0 0 0 0 0 71 81 0 0 0 0 0 0 0 59 0 0 0 0 0 0 0 0 0 40 0 0 0 0 0 0 0 0 23 0 0 0 0 0 0 34 0 0 0 41 0 0 0 0 0 0 63 0 0 0 22 0 0 67 0 51 0 0 0 59 0 0 0 0 0 23 15 0 0 0 0 0 0 71 0 0 0 69 0 0 0 0 0 34 0 0 0 0 0 0 0 0 0 5 53 18 0 0 6 0 0 0 0 0 0 0 0 0 83 0 0 0 60 79 0 53 0 51 0 57 22 0 0 90 58 0 0 0 0 0 0
0 0 96 0 0 0 0 0 0 0 0 0 0 0 51 0 0 0 0 0 0 0 0 0 13 0 0 29 6 0 0 0 0 34 0 0 0 11 0 0 0 29 0 55 0 0 0 0 0 0 0 0 0 0 0 48 36 0 0 0 0 0 0 0 56 0 0 0 12 41 0 23 0 33 0 0 0 58 0 0 0 0 42 0 0 96 0 0 91 0 0 84 51 0 0 0 34 46 0 0 0 0 0 0 0 0 0 0 0 0 14 0 0 0 0 0 0 76 61 20 0 0 0 98 0 0 0 0 0 0 0 14 0 18 2 0 0 83 25 85 0 0 0 43 0 0 100 0 77 0 0 51 19 7 0 0 0 0 0 88 32 0 0 0 0 0 0 0 0 54 66 0 3 42 0 0 0 0 0 85 90 0 0 68 0 0 0 0 45 58 13 0 0 0 0 0 63 0 24 0 0 0 0 0 0 0 0 0 0 0 0 73 0 0 0 0 0 0 0 0 0 0 0 23 0 0 0 0 0 0 0 0 0 0 0 0 0 0 15 0 0 0 20 92 0 27 68 51 0 0 0 0 20 0 0 0 0 0 0 0 0 4 0 0 0 0 78 0 66 0 0 0 0 54 0 0 0 0 0 0 0 0 0 32 0 67 0 35 0 0 0 0 0 0 0 0 0 90 0 0 0 0 47 0 0 0 0 0 0 0 0 0 0 0 81 0 0 0 0 100 0 0 0 0 0 0 0 0 0 16 0 0 1 0 0 0 0 0 0 0 0 0 0 0 0 0 0 0 77 63 0 63 0 0 0 0 0 0 0 54 0 0 0 0 0 0 0 0 0 0 12 0 0 0 0 0 0 0 0 34 0 0 0 0 0 0 0 0 0 0 0 0 0 81 0 0 0 20 0 0
0 0 0 50 0 0 18 0 91 81 0 0 75 84 7 15 10 0 15 0 0 31 0 0 0 75 0 0 0 0 0 0 0 0 0 43 0 0 0 0 0 0 0 0 74 0 0 15 14 0 0 0 0 0 54 51 0 33 0 0 67 0 0 0 0 0 16 20 0 0 71 0 0 40 0 0 0 0 0 0 0 0 0 0 0 0 30 0 0 18 0 0 0 71 32 0 0 16 0 0 0 0 0 0 0 81 0 12 0 0 61 34 24 0 0 0 68 79 0 27 0 0 0 0 0 0 0 0 58 0 0 0 92 0 0 0 0 0 0 0 0 0 80 0 54 13 0 14 0 0 35 13 0 0 65 0 0 0 0 8 0 0 0 0 10 0 88 0 0 0 63 32 0 0 0 46 0 0 0 0 0 0 0 0 0 0 0 0 0 0 17 0 0 0 34 0 0 0 0 0 82 0 0 0 0 0 0 0 0 16 75 0 0 0 0 0 0 95 0 0 0 98 0 0 92 0 0 0 0 0 0 0 0 0 0 0 0 0 91 45 0 0 67 0 0 45 0 0 0 0 0 0 0 0 26 0 0 0 0 10 91 0 0 0 0 0 44 0 33 0 0 0 0 0 0 0 58 98 0 0 0 0 0 13 0 0 0 99 23 0 0 0 2 37 53 0 62 0 0 0 0 0 0 56 0 0 0 0 0 90 59 71 3 0 0 0 19 0 0 0 24 0 0 0 30 0 0 0 0 0 0 0 0 0 0 0 0 54 32 0 0 0 0 0 26 0 0 11 62 0 0 0 0 0 0 52 70 0 0 0 0 0 0 0 0 50 14 31 0 33 0 0 0 0 0 0 0 0 0 0 0 25 0 0 0 0 0 0 0 82 27 0 0 0 0 0 0 30 0 79
2 0 85 0 0 0 2 0 0 29 0 0 0 0 51 0 76 0 0 0 78 74 0 0 0 80 0 0 74 0 0 0 26 0 0 25 0 12 0 0 0 0 85 75 0 0 94 0 54 0 0 0 0 0 0 0 6 0 0 81 0 0 0 0 51 0 0 94 0 2 0 0 0 96 0 0 0 0 0 0 0 7 0 0 26 0 0 0 48 0 16 0 0 0 0 0 0 0 0 0 0 0 56 0 0 41 0 81 0 0 8 29 0 0 0 0 0 46 0 0 0 0 84 0 0 0 4 0 75 0 0 0 0 75 0 0 0 13 0 0 51 72 0 0 0 93 0 0 0 50 0 0 0 0 26 84 0 86 0 0 0 0 0 0 0 0 0 0 84 63 0 0 0 0 17 75 0 0 0 92 0 0 0 0 3 0 0 0 0 0 0 0 0 17 41 0 0 0 0 0 0 0 61 0 93 0 0 0 57 0 0 0 0 0 0 0 36 0 0 0 28 0 0 72 0 0 0 0 0 0 0 0 0 0 24 49 0 0 80 0 0 0 0 0 0 0 0 0 0 0 0 0 0 0 0 0 0 0 54 83 0 0 0 91 0 86 0 0 0 0 0 0 86 0 0 0 8 0 0 0 60 0 0 76 0 0 0 0 0 55 52 0 0 0 90 0 0 0 0 34 0 70 0 0 0 0 0 0 12 0 0 0 65 0 0 0 0 67 60 0 88 0 0 0 0 0 0 0 23 85 23 40 0 0 94 56 0 0 76 0 0 92 0 0 0 16 0 0 0 0 0 0 0 0 0 0 0 59 0 0 0 0 0 0 0 44 0 0 0 0 0 0 0 0 0 0 0 96 0 0 66 24 30 0 0 0 0 92 0 0 0 65 0 0 49 0 0 28 0 92
51 100 0 0 0 0 42 51 0 0 0 45 0 0 0 61 55 96 96 82 0 0 43 74 0 0 0 0 0 0 0 0 0 32 0 0 0 0 0 51 0 58 0 0 0 6 92 0 0 0 0 19 0 46 89 0 0 97 0 0 17 0 0 0 40 0 0 0 63 0 79 0 0 0 82 0 0 0 34 79 0 0 29 0 19 0 0 0 0 78 0 0 0 0 13 0 0 0 0 0 0 0 0 0 0 0 95 0 0 0 83 0 0 0 0 0 0 0 0 0 0 0 69 0 0 63 59 0 0 0 0 0 0 95 0 0 34 0 0 0 13 0 0 0 41 81 0 0 81 0 0 0 0 0 0 0 0 0 0 17 0 0 0 55 0 0 0 0 32 61 40 0 0 0 0 0 0 0 0 0 0 70 0 0 67 0 0 0 0 99 0 0 0 92 0 65 28 37 2 0 0 0 0 0 0 0 99 0 68 27 0 0 0 19 0 54 0 0 0 0 0 0 66 65 0 0 0 0 0 0 0 87 0 0 35 21 0 0 0 64 0 0 40 0 0 0 0 0 0 46 0 0 0 0 0 0 0 0 69 0 0 0 0 0 0 8 60 0 93 83 87 0 0 0 0 0 0 68 0 96 0 0 65 0 0 5 0 0 0 40 0 0 0 0 0 0 0 0 0 0 0 0 0 24 0 78 25 60 0 0 0 0 0 0 0 0 0 0 0 0 0 0 0 0 0 0 0 0 37 71 0 0 0 0 0 0 0 21 0 100 0 5 0 0 0 29 0 91 0 0 0 0 0 0 0 0 0 5 65 0 7 72 3 56 0 0 0 0 41 0 0 0 0 0 0 0 0 0 0 0 0 0 0 0 66 0 0 0 17 74 0 0 0 0 40 70 0 0 0 0
30 0 0 0 0 0 0 0 0 98 0 0 0 97 0 0 0 7 0 0 76 0 0 0 0 0 69 0 0 0 0 0 0 0 80 78 81 0 0 0 0 0 23 0 0 0 0 0 0 0 0 0 0 40 0 23 0 2 0 0 0 0 0 80 0 0 0 0 0 0 0 0 0 0 91 0 45 0 0 0 0 0 47 28 0 21 0 0 0 0 0 90 0 0 0 0 48 43 45 0 51 0 0 0 0 0 0 92 63 43 0 0 0 17 25 0 0 0 0 0 0 0 0 0 0 0 0 0 0 100 0 0 90 16 0 0 0 0 0 18 40 0 0 0 0 64 0 7 0 25 0 4 0 0 19 72 0 0 0 0 0 0 0 0 0 0 0 0 77 0 0 69 0 0 0 0 0 0 0 0 0 0 0 0 88 93 33 0 0 0 0 0 16 0 0 0 92 23 0 0 0 0 0 1 0 0 0 0 0 0 0 0 0 0 0 0 0 69 0 0 27 58 36 0 0 52 0 0 0 0 0 78 10 62 0 65 20 0 22 0 0 92 0 0 10 45 62 0 0 61 0 0 0 26 89 0 37 0 0 0 62 0 38 12 0 91 0 0 0 0 0 0 0 0 0 21 0 0 0 0 0 5 0 0 0 0 98 0 0 98 0 17 0 0 0 87 0 33 9 0 13 43 0 0 0 0 0 0 0 0 0 0 0 0 0 0 0 12 0 0 51 0 33 36 0 0 0 0 18 0 0 0 5 0 0 0 0 100 0 53 93 0 60 0 0 0 0 0 0 0 0 0 0 60 0 0 0 0 0 6 0 6 57 9 0 0 43 0 0 0 0 38 24 0 0 0 0 0 0 0 0 0 0 0 0 0 0 0 0 0 0 0 0 0 0 0 39 23 0 0
0 0 0 35 0 0 0 0 89 0 0 0 0 0 0 0 44 0 0 37 0 1 23 0 0 79 0 0 0 0 0 0 0 0 0 0 0 76 0 0 96 0 0 0 0 0 0 0 79 0 0 48 0 16 0 76 0 0 83 0 0 0 24 0 0 0 0 0 0 0 7 0 0 0 80 0 91 56 0 81 0 27 0 0 0 0 0 0 0 0 0 0 0 0 0 0 0 0 0 0 89 0 0 0 0 0 0 39 66 98 0 0 0 0 0 0 32 0 0 43 0 0 0 0 91 0 0 0 52 0 0 0 0 74 0 51 0 0 0 19 0 0 0 0 0 34 0 82 0 0 0 0 0 75 0 0 0 0 0 0 86 0 0 0 0 0 86 5 93 92 0 0 0 0 0 0 0 74 0 0 53 0 0 0 0 0 86 0 0 0 0 0 0 0 0 0 81 0 0 96 0 0 0 70 0 0 0 0 0 0 0 0 0 0 0 0 0 0 0 0 0 0 0 50 0 0 0 1 0 23 0 32 0 0 41 92 0 0 52 0 0 0 0 0 18 87 0 12 0 0 0 0 0 27 0 0 0 76 0 0 0 0 60 92 0 0 0 0 0 0 0 0 0 0 64 0 54 61 0 0 0 0 0 0 0 0 0 30 0 0 0 16 0 0 0 0 0 99 60 83 31 66 0 0 0 47 0 0 0 0 25 54 30 70 24 0 0 0 6 0 0 0 0 0 0 0 0 0 0 1 0 0 67 94 0 0 0 0 57 0 86 0 0 76 51 65 0 0 0 0 94 0 32 7 55 50 84 0 0 0 57 0 58 0 0 0 0 19 0 0 0 29 0 0 0 0 0 0 0 0 0 24 0 0 0 0 75 0 0 0 0 0 0 0 0 0 0 93 0 0
0 0 0 0 2 0 11 11 0 0 0 0 27 0 0 0 0 0 0 19 0 0 3 0 0 81 0 0 0 0 0 37 0 0 0 0 0 0 0 0 0 0 0 0 0 61 0 0 71 31 76 0 57 0 16 0 67 0 12 100 0 0 0 0 0 0 0 79 0 0 93 0 0 0 0 0 0 0 0 0 0 0 32 0 0 0 48 0 0 0 0 0 0 0 0 0 66 0 73 0 0 0 0 0 0 0 0 0 0 0 0 0 0 53 0 89 0 0 18 99 0 37 0 0 0 0 0 0 69 0 0 0 0 0 1 0 34 0 0 0 0 0 0 0 0 0 61 94 53 0 0 0 43 12 0 0 0 0 93 0 0 0 0 0 0 40 0 0 0 0 0 10 0 60 0 0 0 11 0 30 0 0 0 53 0 0 95 0 17 0 0 0 22 19 2 0 0 100 0 0 0 0 9 0 0 0 0 0 62 0 0 0 62 0 0 0 0 42 0 0 28 0 0 0 51 62 18 26 0 0 0 0 8 44 0 0 19 0 0 0 0 73 89 0 0 73 0 56 9 0 0 0 0 0 0 0 0 0 0 0 0 0 0 0 0 0 0 39 0 97 59 98 11 62 0 80 0 0 0 0 0 61 90 25 0 0 0 0 0 0 0 0 91 0 0 0 0 0 84 0 33 66 0 0 73 37 29 0 0 71 6 0 48 0 0 0 96 0 0 68 0 14 0 0 8 75 0 0 0 0 0 17 59 0 71 0 0 0 26 0 0 0 81 0 0 0 0 0 0 0 0 0 0 0 0 0 88 0 0 45 0 0 95 6 0 0 0 0 0 49 0 0 37 0 59 0 76 37 0 0 31 0 0 0 0 0 0 0 58 0 98 0 0 0 0 0 0 0 98 0
0 68 0 0 0 0 64 0 0 2 0 49 0 48 83 0 0 99 0 0 0 0 0 0 0 0 0 0 61 75 0 0 0 0 0 0 0 0 16 0 0 0 78 32 0 0 0 0 0 0 0 0 1 0 0 0 0 0 0 15 0 0 0 0 0 0 78 63 0 90 0 59 0 65 0 0 0 0 65 0 0 17 0 0 77 0 0 0 0 0 0 0 0 0 0 89 0 0 0 0 11 0 0 0 0 0 0 57 0 24 0 0 0 0 0 0 0 31 0 0 0 0 0 0 0 0 0 0 0 0 0 0 99 0 100 0 0 0 9 0 0 0 0 0 81 49 0 0 0 0 44 0 89 99 0 0 0 83 0 0 0 84 0 7 0 100 72 0 0 45 0 0 0 0 18 65 0 69 0 0 39 0 0 86 0 0 5 0 8 0 0 57 0 86 46 0 0 4 0 0 55 0 0 0 0 92 0 0 0 0 77 0 13 0 0 0 92 0 42 0 78 9 22 0 0 0 0 0 0 87 0 30 8 22 60 0 0 0 0 62 0 0 0 40 96 87 0 0 95 0 0 0 72 0 0 41 0 19 0 0 59 0 0 58 33 0 74 100 0 45 0 29 0 0 0 0 0 0 0 0 0 0 0 0 0 35 0 92 0 0 0 0 36 95 5 0 0 0 0 0 0 0 0 33 0 0 0 58 0 58 0 0 39 0 0 26 0 17 33 0 45 0 0 33 0 0 82 0 0 36 0 26 0 0 0 0 0 0 0 18 51 0 0 0 28 0 0 0 0 0 0 25 0 0 0 0 34 39 0 0 0 0 0 44 55 0 0 0 0 0 0 85 56 0 0 0 0 83 37 0 71 19 0 0 0 0 0 67 0 84 16 35 0 0 41 0 0 0 0 76
0 97 0 0 0 0 0 0 42 54 0 0 0 0 57 0 0 0 0 0 0 0 0 0 32 0 93 0 0 0 0 0 51 0 0 0 0 0 0 0 0 0 0 0 0 89 0 0 0 0 0 95 0 77 0 73 0 0 0 0 33 0 0 0 0 25 0 0 0 49 0 51 0 0 30 19 100 0 43 0 0 0 0 0 0 79 0 0 88 0 0 0 0 0 37 0 67 0 0 0 0 72 0 0 0 21 0 58 0 32 0 0 47 0 47 0 0 0 0 0 0 0 38 0 72 0 0 0 56 0 0 0 0 0 0 0 0 0 0 0 0 80 0 0 0 0 0 43 0 41 0 7 0 0 0 0 80 0 0 0 0 42 68 42 0 0 0 0 0 0 98 0 0 0 39 0 0 0 65 100 0 39 0 0 28 0 0 0 0 61 0 0 40 0 0 0 0 0 5 0 0 0 0 0 0 0 0 0 0 0 0 25 0 0 0 0 0 0 0 0 0 0 0 0 0 0 0 0 0 0 0 26 0 68 0 0 0 0 0 0 0 0 0 0 0 0 0 0 0 0 7 0 0 0 0 0 0 0 0 0 0 0 84 0 0 0 0 0 0 0 0 0 0 0 0 0 0 0 0 27 0 0 0 0 61 88 0 0 0 0 0 0 0 0 0 0 0 0 0 43 0 0 43 0 0 0 0 0 0 65 9 0 0 0 0 0 0 0 47 0 0 0 0 0 0 0 0 92 0 0 0 14 24 0 0 32 53 64 0 0 0 0 0 0 0 0 0 89 0 0 0 0 0 0 8 94 0 0 0 11 2 0 0 97 0 0 0 0 67 0 0 0 0 0 0 86 0 69 0 0 13 0 0 44 0 0 0 0 0 0 0 0 0 0 0 0 62 0 0 0
6 0 0 0 0 0 0 35 0 0 0 0 48 0 0 0 0 0 0 0 0 81 0 0 0 0 33 87 0 0 35 0 0 0 0 94 0 39 0 0 0 59 0 0 0 0 0 0 0 0 0 55 0 0 78 0 0 0 0 0 0 0 2 0 0 0 0 100 0 0 7 45 0 0 30 0 0 0 99 0 0 0 0 11 0 54 0 0 0 0 82 0 0 0 0 0 0 0 0 34 0 0 0 2 0 54 0 0 0 70 0 0 0 0 39 0 0 0 0 0 0 0 75 0 0 0 0 0 0 0 0 0 68 0 0 0 56 0 0 0 0 0 27 0 0 91 98 0 71 0 0 0 29 59 30 0 0 0 0 0 0 90 0 0 17 0 0 0 0 0 0 0 72 0 0 0 0 0 0 0 0 0 0 0 0 0 0 0 0 0 41 0 0 0 0 0 0 91 0 0 0 0 0 0 53 0 64 0 0 0 0 0 0 0 0 0 0 0 0 0 73 97 0 0 0 0 0 0 32 0 8 0 0 0 37 0 0 0 0 0 52 0 0 67 0 46 0 0 67 0 100 0 0 0 0 0 0 0 0 0 0 0 0 0 30 0 18 0 23 0 0 0 8 0 0 0 0 0 0 0 0 36 0 0 5 0 0 0 0 0 0 0 28 0 0 0 0 0 0 0 27 34 0 84 8 81 23 0 13 0 0 0 0 48 57 0 0 40 0 0 0 0 0 0 0 0 0 0 0 0 0 0 0 69 0 0 0 86 0 0 0 0 0 56 100 0 43 0 63 17 0 0 55 0 0 0 74 0 0 0 0 0 0 0 0 0 0 0 0 0 0 0 0 0 0 0 0 0 0 0 0 77 0 0 0 0 0 0 0 0 86 67 0 54 0 0 78 96 0 0
0 0 38 0 1 47 0 0 78 0 0 0 0 0 0 0 77 0 0 63 0 0 0 0 0 0 0 0 0 99 0 0 0 56 95 0 26 25 0 0 0 0 31 0 44 0 35 0 0 83 0 0 0 0 0 0 0 52 0 0 96 0 34 0 0 0 0 0 0 0 63 55 0 0 0 0 2 0 0 40 0 0 7 0 0 0 45 0 0 43 25 0 0 0 29 0 0 95 100 0 0 0 0 0 0 56 91 0 0 0 0 0 0 84 0 16 0 0 0 0 0 63 0 0 0 0 0 0 0 0 21 0 87 0 0 31 0 0 0 0 0 0 82 0 10 0 0 0 97 0 0 61 19 0 0 46 0 0 0 76 16 34 0 11 0 0 0 0 0 0 0 0 0 0 0 71 0 0 0 79 0 0 0 16 0 0 0 0 0 0 0 0 0 6 0 0 0 0 0 0 0 15 0 0 22 0 0 64 0 0 0 0 0 0 0 0 0 0 0 0 2 0 0 0 0 46 0 0 0 63 99 0 0 62 45 73 89 0 0 0 0 0 0 0 0 0 27 28 0 0 0 56 0 0 0 0 0 0 0 0 0 97 0 0 51 74 0 0 0 6 0 0 0 0 8 0 0 0 0 0 10 0 80 76 0 71 0 8 0 0 0 0 0 0 0 0 26 0 0 0 0 0 37 0 0 72 0 0 0 0 0 0 0 36 0 0 10 0 97 40 0 0 41 0 0 0 0 0 0 0 0 0 0 0 0 0 84 28 0 0 0 0 0 71 0 0 0 54 45 0 0 0 0 75 0 70 0 0 0 0 0 0 0 0 0 0 0 0 0 3 0 0 0 0 38 58 0 0 0 0 0 0 0 0 0 0 0 0 10 0 0 0 28 0 0 53 0 0 0 0
0 0 0 0 0 12 68 14 0 1 30 0 0 0 0 0 0 0 0 0 80 0 0 0 0 0 0 0 0 0 0 0 0 97 10 0 0 0 39 0 68 0 0 79 0 0 0 0 10 0 0 0 0 0 0 0 0 0 39 0 0 0 0 0 0 0 0 55 58 0 0 51 37 0 0 100 0 0 0 0 0 91 0 0 0 94 58 0 0 31 70 0 0 23 0 0 0 0 16 11 38 0 0 86 0 0 0 27 0 0 0 24 0 0 0 0 0 0 0 0 0 71 0 0 0 0 69 0 0 89 80 0 0 0 37 0 15 47 0 0 0 0 0 0 0 11 0 0 0 0 0 81 0 0 0 84 0 0 68 0 0 0 0 0 0 0 0 15 0 0 0 40 0 67 0 0 71 15 0 0 0 0 35 0 0 0 0 67 0 0 67 47 0 0 8 0 0 0 0 97 0 33 0 0 27 0 0 0 0 0 15 0 0 0 51 71 0 0 0 0 0 0 7 21 0 30 0 76 0 99 42 0 0 0 50 0 0 63 0 0 83 0 0 0 0 0 42 0 0 0 77 0 0 0 0 20 0 11 0 0 0 69 0 0 0 0 0 86 0 0 3 52 0 82 0 39 0 0 0 0 0 55 0 0 79 0 91 0 58 0 0 0 0 0 89 0 0 91 0 0 0 0 0 0 0 0 0 0 0 15 0 0 0 0 0 32 0 0 0 37 0 0 56 34 0 57 0 0 34 0 4 85 0 0 0 0 0 0 54 0 47 66 0 90 0 87 60 0 0 0 0 0 0 0 74 0 27 0 0 17 0 0 72 0 66 0 91 0 0 0 0 0 0 0 0 35 22 0 0 0 0 0 6 0 60 0 0 80 63 0 0 0 99 0 86 0 36 0 0 46
0 0 0 0 0 26 0 0 98 0 14 0 0 12 0 0 16 0 0 79 0 90 13 0 14 0 15 0 80 0 0 0 0 8 0 0 0 87 5 71 0 0 76 0 0 0 0 0 0 0 0 59 0 89 0 86 55 0 97 0 0 0 0 0 0 0 0 0 0 0 0 0 0 0 0 0 0 0 0 0 0 0 0 0 0 0 0 0 10 0 0 0 85 0 0 0 0 0 0 0 0 0 0 0 0 6 0 0 8 0 87 9 0 0 0 0 87 11 75 0 0 0 0 0 0 0 0 0 50 0 0 0 0 0 19 98 29 0 5 0 0 0 0 85 0 0 82 0 0 0 0 53 0 0 91 0 88 9 0 0 0 0 45 30 0 0 0 0 0 0 0 0 73 0 0 0 0 0 12 6 0 0 19 0 0 66 0 0 0 0 0 0 0 0 14 0 0 0 0 0 75 0 98 89 0 0 0 0 0 0 0 84 86 39 0 0 0 68 0 0 0 0 0 0 0 0 0 0 0 0 0 0 0 14 0 11 0 0 96 0 0 0 35 0 64 77 0 86 0 0 0 0 0 0 30 0 0 0 0 0 0 3 0 0 80 0 0 17 0 0 0 0 64 0 0 0 0 0 0 46 94 0 76 36 0 0 0 0 0 0 0 0 98 0 41 0 0 83 49 0 0 0 0 0 0 0 0 39 0 56 0 0 0 74 0 0 0 0 0 0 42 0 0 51 0 0 43 27 0 0 0 62 66 0 91 6 0 0 0 0 47 23 0 46 10 0 0 0 91 0 0 0 0 0 0 8 58 87 0 0 0 0 0 0 0 0 0 17 0 16 0 79 0 0 0 0 95 0 0 86 0 81 0 0 0 0 7 0 40 0 0 0 0 0 0 59 0 0 0 0
0 0 0 0 0 0 0 54 56 0 0 0 0 56 48 0 0 62 0 88 0 0 0 86 0 0 70 79 0 74 75 0 0 3 0 0 0 0 0 0 51 36 0 0 11 0 38 0 18 0 0 0 26 0 0 0 0 0 0 0 0 57 0 0 0 0 0 99 0 0 99 0 0 0 24 0 0 0 77 0 0 82 0 16 0 0 0 0 0 0 0 0 0 0 0 0 0 0 0 95 0 27 58 53 0 0 0 17 0 0 91 0 0 60 0 0 0 0 0 100 0 0 0 0 0 0 74 60 84 0 0 0 0 0 0 0 0 0 0 0 91 0 0 5 89 0 0 0 0 50 47 0 0 0 12 0 55 0 94 61 0 0 0 0 0 0 0 0 35 0 0 46 0 94 30 0 25 0 88 0 0 0 0 0 0 0 34 0 20 0 0 0 0 0 0 0 7 0 0 0 0 0 0 76 0 0 0 95 0 0 0 38 0 0 0 0 35 91 0 49 0 87 0 22 0 0 83 0 0 0 0 0 0 0 75 0 0 0 0 0 0 0 0 8 0 0 0 70 0 45 0 0 0 30 0 0 63 0 76 0 0 0 0 79 0 0 0 0 0 0 16 0 0 0 40 0 0 0 0 54 0 0 0 0 0 33 0 0 0 0 52 0 0 0 23 86 0 0 0 11 0 82 0 0 0 0 7 0 0 0 49 0 0 0 13 56 0 0 58 0 0 0 0 0 0 0 0 19 17 3 0 0 0 37 0 0 72 0 0 0 0 39 0 0 0 0 0 0 0 0 0 0 0 15 0 0 0 45 0 0 0 21 0 78 91 0 0 0 61 0 0 51 0 0 0 0 0 0 97 57 0 0 94 0 0 0 0 0 0 0 89 0 0 9 0 0 80 98 64 24
89 0 0 23 0 66 19 0 0 0 86 0 0 0 0 0 0 0 47 0 0 0 0 68 6 0 0 0 0 0 92 0 0 0 0 0 8 0 0 0 0 0 0 86 0 1 0 0 0 0 84 76 84 0 0 0 0 99 23 0 0 0 0 0 100 0 0 0 0 0 0 81 19 14 0 0 16 0 0 99 31 0 11 38 0 94 0 0 0 0 0 0 0 0 45 29 10 0 89 0 0 0 0 71 81 54 46 0 0 0 0 0 0 0 26 51 0 0 16 0 0 15 0 0 0 20 0 27 0 0 0 0 0 0 17 0 10 0 91 96 61 0 79 0 0 0 0 0 0 31 0 0 0 0 0 87 0 0 0 0 5 0 0 0 54 0 0 0 84 0 0 20 94 0 41 0 0 0 0 70 0 59 0 0 30 10 0 0 0 0 0 0 0 0 0 0 0 0 0 0 99 42 0 0 0 0 0 0 0 92 0 0 0 0 21 0 0 0 0 0 0 97 0 70 40 0 0 0 36 0 0 21 0 0 0 37 0 82 0 0 28 0 0 0 0 0 0 0 0 21 0 0 0 0 0 0 84 50 0 0 55 0 0 0 0 0 4 0 0 0 0 55 0 0 0 0 0 3 0 0 0 0 0 0 0 0 0 0 0 91 0 0 0 0 0 26 15 0 0 92 0 0 0 71 52 68 0 0 13 6 0 0 0 0 44 37 0 0 0 0 0 100 83 0 0 0 15 0 74 0 0 0 0 0 0 0 37 0 0 0 0 0 0 0 0 0 0 63 0 0 30 0 0 0 6 0 0 0 75 0 0 0 87 0 0 84 0 0 0 0 0 76 4 16 0 0 0 0 0 0 0 66 56 11 75 0 0 56 59 0 0 0 0 0 0 53 0 76 44 100
0 0 0 0 94 0 0 45 0 0 68 0 0 0 32 0 0 0 48 0 0 0 0 0 0 0 3 86 0 0 0 0 0 0 87 0 0 0 0 0 0 15 0 34 73 0 0 0 0 0 0 0 0 0 0 0 0 0 0 0 0 0 0 0 0 0 0 0 0 0 65 0 0 0 0 0 19 97 0 0 0 0 9 20 0 0 0 0 74 0 0 33 0 0 85 0 0 0 0 0 0 0 0 41 25 0 1 0 0 0 0 0 0 0 0 0 0 0 0 0 0 51 0 0 0 99 0 100 0 6 71 79 0 15 0 0 0 0 0 0 0 0 25 0 79 0 0 37 0 0 0 0 77 53 0 0 72 0 0 59 0 0 0 0 0 0 0 9 0 100 0 0 0 0 0 0 0 0 0 0 0 0 0 0 0 0 0 82 0 0 0 0 0 0 0 38 0 86 0 0 0 83 0 64 0 0 0 0 0 9 72 33 0 85 81 0 0 0 0 0 0 0 95 0 0 0 0 0 80 0 57 0 0 0 0 0 0 0 0 0 0 67 0 0 91 0 0 99 23 59 0 0 50 8 0 0 0 0 0 0 0 0 0 68 0 0 0 0 0 0 0 0 0 0 0 0 0 0 5 69 74 0 0 0 0 0 94 0 4 0 0 0 0 0 29 0 0 0 83 0 0 0 0 0 81 0 0 0 0 0 0 0 24 0 94 0 0 18 0 0 0 0 0 81 0 86 0 39 10 0 0 48 0 0 0 74 0 91 0 0 93 30 6 0 34 38 0 0 0 0 2 47 0 0 0 84 0 0 0 0 30 0 96 0 0 0 0 0 0 0 0 0 0 0 0 82 0 0 0 0 0 15 16 0 0 0 0 0 73 0 32 0 6 0 0 0 0 79 0 0
0 0 0 0 0 0 0 0 0 0 43 0 0 0 0 0 0 0 0 0 46 0 0 15 0 0 0 0 0 0 59 0 0 0 0 0 0 0 0 0 0 0 73 0 0 0 0 0 0 0 0 0 0 0 0 0 12 0 0 0 0 0 0 0 0 45 0 90 0 0 0 0 0 85 0 85 0 0 0 0 0 74 0 0 0 0 0 10 59 97 0 0 0 0 0 90 0 0 0 0 0 0 99 0 0 55 42 0 0 48 0 0 0 0 56 0 0 0 24 0 0 7 0 11 0 0 72 52 0 0 0 0 0 0 0 0 53 0 0 0 76 0 0 0 0 24 0 0 0 0 0 0 0 0 3 81 66 0 19 61 0 43 0 0 0 0 48 0 70 0 0 35 95 0 0 0 0 88 0 0 0 0 57 0 0 0 0 0 0 76 0 26 0 0 0 0 0 15 0 0 24 82 0 0 61 0 0 42 0 0 91 0 0 0 10 54 0 0 70 0 0 0 0 29 0 0 39 0 0 0 0 55 0 0 0 47 0 0 0 0 0 0 0 0 0 0 0 0 0 20 95 74 0 0 0 0 0 64 0 0 0 0 78 0 0 0 0 0 0 61 0 30 0 0 0 0 70 0 26 0 0 0 0 0 0 0 0 73 0 0 0 0 0 0 5 0 18 0 0 0 0 0 0 33 0 37 0 0 44 0 0 0 0 0 0 83 0 0 0 0 57 0 0 30 0 0 76 92 0 0 0 75 0 68 0 99 66 0 15 36 0 0 0 0 0 0 0 63 53 0 0 0 0 46 0 0 0 0 42 0 0 0 0 51 61 0 0 0 0 63 0 0 0 0 0 0 0 0 0 36 0 93 0 67 9 0 42 38 52 0 0 43 90 0 0 91 1 36 0 0
0 53 0 0 0 0 0 21 0 0 0 0 0 73 0 0 0 0 0 22 57 49 0 0 0 17 19 55 0 0 59 65 0 0 59 0 54 0 0 76 0 0 0 0 0 0 0 0 0 0 45 0 0 0 0 0 0 0 9 89 29 0 0 7 87 0 0 24 0 12 4 48 0 0 0 42 0 0 0 0 0 0 64 0 38 90 0 0 0 0 31 10 0 15 0 0 0 0 38 0 17 0 0 93 100 0 2 0 0 0 18 0 0 0 0 0 0 0 0 0 0 0 0 0 61 0 0 58 0 0 0 0 20 0 34 0 99 0 0 97 0 0 0 0 0 13 0 0 0 0 0 36 0 0 0 0 0 0 0 61 0 0 0 0 0 0 75 0 0 66 0 0 0 0 41 39 10 0 0 0 0 0 0 0 0 0 98 100 0 0 0 0 0 0 0 0 0 0 25 0 0 0 0 0 7 0 0 0 0 0 0 0 45 0 0 0 26 8 47 0 0 0 62 0 23 0 0 0 18 0 0 0 70 0 78 0 14 0 21 0 0 0 0 0 0 0 0 94 7 70 48 0 49 0 0 0 0 48 0 0 0 0 59 0 0 0 0 0 0 0 76 0 0 0 0 0 0 60 0 0 0 20 0 0 0 32 0 0 54 89 0 19 94 0 38 0 0 0 0 0 0 55 0 0 0 53 0 0 14 0 0 0 26 34 0 59 0 0 0 0 0 62 0 0 66 70 0 0 0 0 0 93 0 0 0 0 0 64 25 30 0 0 11 0 60 0 0 0 23 0 0 0 0 0 0 0 0 0 0 0 2 75 0 45 0 0 0 0 0 0 12 0 0 0 0 0 0 0 0 0 82 0 0 86 0 76 0 0 0 0 86 63 0 0 0 40 0 0 48 91
0 0 3 57 0 0 0 0 0 39 0 100 0 0 0 0 0 0 0 0 77 0 74 0 0 0 0 0 0 0 0 0 0 0 0 0 72 0 0 0 16 0 0 0 0 0 0 5 0 0 0 0 0 0 0 0 0 58 0 0 0 71 0 0 0 0 0 0 19 0 0 0 0 0 0 0 0 45 55 0 0 0 0 88 0 50 0 55 0 47 78 0 0 7 0 0 0 0 44 0 0 0 0 0 0 0 26 0 0 0 0 31 0 44 0 0 0 49 0 0 19 0 0 0 0 27 0 0 0 45 0 0 0 19 0 0 85 0 0 0 13 0 0 0 57 0 23 0 0 0 72 81 82 0 0 55 0 0 0 0 47 0 6 0 0 0 0 39 56 0 0 0 0 3 37 79 0 0 0 0 0 0 0 0 0 77 0 0 0 0 0 61 0 0 0 0 46 0 93 0 0 0 0 0 0 0 87 33 0 1 0 0 0 0 0 0 0 0 0 0 0 0 0 9 0 0 88 0 0 0 0 36 95 59 0 0 27 0 0 26 0 0 0 47 0 21 17 22 14 38 0 0 0 55 0 97 38 0 0 0 0 43 0 0 0 0 0 55 0 0 0 0 0 0 0 0 0 0 0 0 0 0 0 0 0 2 79 5 0 21 0 0 0 0 0 0 0 0 0 73 66 43 7 0 0 7 0 0 0 0 9 12 0 0 0 0 0 0 86 0 5 17 0 0 85 0 0 0 0 0 0 0 93 43 0 0 0 0 94 0 0 0 0 32 0 0 0 0 10 48 24 0 0 0 69 0 61 42 0 0 0 0 0 0 0 0 0 0 0 0 0 0 0 24 0 0 0 0 77 0 8 0 67 0 0 0 0 40 0 0 0 0 2 0 84 17 0 73 0 4
74 0 0 0 0 0 0 0 0 0 27 0 100 0 0 0 0 0 0 0 0 0 0 0 31 0 28 68 0 0 0 0 0 93 0 0 94 72 0 85 46 0 0 78 0 0 0 0 0 19 0 76 0 0 0 0 85 0 0 0 0 57 0 0 63 0 73 0 0 0 0 83 0 0 29 0 0 0 0 0 0 0 0 0 0 0 0 0 0 0 0 0 0 47 0 9 0 79 0 0 0 0 0 0 37 0 0 61 0 0 0 77 13 0 92 0 0 43 0 0 36 0 0 47 0 0 0 4 0 0 18 0 33 0 17 0 100 93 0 0 0 0 0 0 0 0 0 0 0 0 0 0 0 0 95 30 0 0 0 65 0 0 66 14 0 0 0 0 0 0 0 0 41 0 0 0 0 0 3 0 0 0 0 0 0 0 42 0 0 73 0 0 0 21 0 0 71 98 0 26 18 0 0 0 0 0 0 0 0 0 0 0 5 0 0 0 25 0 0 0 0 0 0 0 89 0 27 0 0 0 34 0 0 77 87 0 0 0 0 0 0 0 0 0 0 88 0 0 0 53 0 0 0 0 99 0 0 0 0 0 0 0 0 0 0 0 0 0 4 0 0 0 0 0 18 0 0 0 0 0 0 0 0 0 48 0 0 0 0 0 94 0 45 0 93 0 0 79 0 0 54 91 0 0 49 0 0 0 0 0 0 0 0 69 0 0 0 0 0 12 0 61 0 0 0 0 57 0 0 0 96 0 0 0 0 31 0 0 2 0 0 0 0 0 0 90 80 65 0 0 0 0 0 0 0 0 0 90 0 0 0 0 10 0 0 0 0 0 25 0 0 0 0 0 0 0 25 0 0 25 0 0 98 84 0 0 0 0 0 0 47 0 0 0 62 0 81 85 0 0
0 0 0 0 0 0 67 47 0 0 0 0 0 41 0 61 3 0 60 0 0 8 0 0 87 25 83 0 0 70 32 32 0 0 0 0 57 0 53 45 0 0 0 0 0 0 0 0 0 0 0 0 94 0 41 0 0 0 12 0 0 0 0 0 0 0 75 0 0 0 0 38 0 0 0 0 0 0 0 0 95 0 0 0 0 0 0 0 0 17 0 0 0 0 19 0 0 23 0 34 0 51 70 60 16 0 0 0 0 0 89 79 0 0 0 0 0 98 0 0 0 0 0 0 0 0 0 0 0 0 0 0 0 24 0 0 26 0 0 0 0 0 0 1 0 0 0 0 0 0 0 0 0 36 0 0 0 0 0 0 0 32 0 0 38 0 0 0 45 0 0 0 0 0 0 0 0 89 0 0 38 0 0 0 70 0 0 0 47 0 0 0 30 33 0 0 0 16 2 0 32 0 0 9 0 0 0 0 0 0 89 0 0 0 0 0 0 0 0 4 0 0 0 0 65 7 0 0 57 61 43 0 57 0 0 0 0 61 0 0 0 0 0 0 0 0 0 0 0 0 13 69 0 61 13 27 0 0 0 0 63 89 45 0 99 0 0 91 30 0 0 0 0 0 0 0 0 0 0 0 0 0 0 0 0 0 0 0 0 0 0 0 0 20 0 88 0 0 0 0 0 0 0 0 0 0 0 0 0 0 0 0 0 21 0 0 33 0 0 0 0 0 0 51 0 0 0 0 0 0 0 0 0 0 44 0 0 0 0 0 0 0 0 0 0 0 0 92 67 0 75 0 50 0 0 0 61 0 0 66 0 0 0 0 0 0 100 0 0 0 0 0 29 0 0 0 0 68 21 39 0 0 0 0 0 26 29 32 0 0 69 0 0 0 28 84 0 0 97 0
0 0 31 0 0 0 0 7 95 44 0 0 0 0 0 0 37 0 0 85 0 0 0 0 0 0 0 53 0 0 0 60 0 0 82 0 0 79 68 0 0 0 0 0 0 0 85 0 0 0 29 0 0 0 82 9 0 72 0 0 0 0 0 0 81 0 0 0 0 0 0 0 33 0 0 31 0 34 87 76 0 0 0 28 0 89 0 14 37 19 0 0 0 0 79 0 0 0 97 0 39 0 0 52 23 37 0 0 0 0 0 0 0 27 35 42 0 0 0 0 45 0 0 70 0 0 0 0 0 0 40 0 0 0 0 0 0 0 0 0 0 0 0 0 0 0 0 0 0 0 77 0 14 63 0 0 0 0 0 93 19 62 0 61 0 4 0 0 0 0 47 67 85 0 0 66 19 0 0 0 0 0 0 82 0 0 0 0 0 0 0 82 82 0 0 98 0 0 0 1 46 0 45 0 0 0 0 0 2 0 0 44 0 0 74 0 0 0 0 0 61 0 0 0 0 67 0 0 0 0 44 0 0 0 0 42 64 0 30 0 0 0 0 0 0 0 0 0 0 0 0 0 0 0 25 89 0 0 0 84 0 0 0 0 0 86 0 0 24 0 47 91 33 20 0 0 16 0 0 0 8 0 0 32 0 84 0 0 0 57 0 0 0 69 0 0 0 0 0 48 0 48 0 0 0 0 0 0 77 0 0 29 0 13 0 0 0 69 87 0 0 0 39 0 40 0 0 0 0 0 0 0 0 0 0 0 98 0 51 0 0 54 33 0 0 0 0 0 39 0 0 63 0 0 2 0 0 0 0 43 0 0 0 80 49 0 0 0 0 43 60 0 0 0 0 0 82 0 0 77 0 0 0 0 0 0 0 0 0 8 0 0 0 5 0 70 15 0 0 0
0 0 0 0 0 0 0 0 0 0 0 0 0 0 0 0 0 0 0 0 0 0 13 54 82 26 0 0 0 84 51 0 44 32 66 0 25 0 74 22 0 19 0 3 0 0 50 0 0 0 1 0 17 0 0 0 0 0 0 0 10 0 0 0 0 17 0 91 0 0 26 0 0 0 0 0 0 0 81 88 0 98 0 0 37 0 0 0 50 0 0 0 0 1 20 0 0 35 9 0 0 13 0 0 0 39 0 0 0 48 0 0 1 0 0 0 0 0 23 97 0 42 45 0 0 0 0 0 0 0 0 0 0 20 29 0 0 0 0 0 0 0 0 0 94 0 0 33 0 97 0 37 0 0 0 0 0 0 73 0 0 0 34 0 0 0 0 99 0 0 60 0 0 26 0 0 0 0 0 0 0 2 0 0 94 0 75 0 0 0 0 0 0 0 0 0 0 0 0 0 0 0 0 0 0 0 0 0 0 72 0 0 0 29 0 0 0 0 0 54 0 0 0 0 0 0 18 0 0 0 0 0 0 0 0 30 0 0 0 0 0 0 38 0 0 0 0 0 52 0 0 0 22 77 0 65 0 0 0 0 73 17 2 0 68 0 0 0 0 0 47 72 0 0 0 56 0 74 0 0 0 90 95 0 0 0 0 7 0 0 0 0 0 0 0 0 0 0 66 32 7 74 63 0 0 0 0 0 0 0 0 0 0 0 0 0 0 0 0 0 0 0 0 0 73 0 62 0 5 58 0 0 0 0 0 0 18 0 0 0 52 0 40 0 0 69 9 0 0 0 49 0 0 0 0 0 0 0 0 45 0 0 27 0 0 0 39 40 15 0 0 0 0 54 0 25 0 0 0 61 0 0 0 0 0 0 5 0 0 0 0 39 64 0 0 0 0 0 0 0
0 0 0 98 0 0 0 0 50 0 0 0 0 29 0 0 0 0 83 0 0 0 0 0 41 0 81 0 0 96 0 0 0 77 0 0 96 0 13 0 0 0 0 0 0 0 0 64 46 0 0 0 0 0 0 0 0 7 0 0 0 0 0 0 0 41 0 0 0 0 0 71 0 0 0 0 0 43 58 0 63 2 0 0 0 0 0 22 0 66 8 0 0 61 0 0 0 88 0 0 0 0 0 0 0 94 0 23 0 0 65 0 68 0 46 0 0 0 0 0 0 0 0 0 43 0 0 0 0 32 0 0 0 0 0 0 0 0 0 0 99 0 0 0 0 23 0 84 0 0 0 0 0 0 91 0 0 82 0 0 58 0 0 0 0 61 0 0 77 0 9 75 54 0 0 0 0 0 0 55 0 0 26 0 0 0 14 0 0 0 50 15 0 0 0 85 0 0 0 0 0 0 0 33 0 0 0 0 18 65 0 0 0 0 0 0 0 0 0 0 0 0 0 0 0 0 0 62 0 0 0 0 0 0 0 0 0 0 15 0 0 19 59 0 6 0 41 94 0 0 0 0 82 63 0 0 0 0 0 0 32 29 0 0 0 0 0 16 83 0 0 0 0 0 40 0 0 0 0 0 0 0 0 0 0 0 0 0 0 0 0 0 0 55 88 22 0 0 0 12 43 4 0 92 65 0 55 0 90 0 0 0 0 8 0 0 0 39 0 94 76 0 20 0 0 0 0 0 0 0 0 0 0 13 0 0 0 0 0 0 93 0 0 0 0 0 0 0 0 0 0 0 0 51 21 0 0 0 94 0 0 0 0 0 53 0 0 0 2 0 0 0 0 0 75 0 0 0 0 75 0 0 0 0 0 0 0 0 0 0 0 0 0 0 3 0 64 0 0 7
77 55 0 0 0 0 0 60 0 0 0 0 0 85 0 0 0 0 0 0 23 0 0 0 0 0 0 0 0 87 16 0 0 0 0 60 22 0 0 74 0 0 20 0 0 0 35 41 50 13 0 0 0 0 0 0 0 0 0 0 0 0 31 0 0 100 24 0 0 0 0 0 0 0 0 54 0 0 0 89 0 0 0 0 43 23 0 0 0 0 0 9 0 0 0 0 0 63 0 28 0 0 0 0 0 0 0 0 0 0 23 92 0 53 0 0 99 0 0 0 0 0 99 100 79 0 19 82 0 11 0 0 0 0 0 0 0 0 0 0 94 0 54 0 96 0 0 0 52 0 23 0 0 0 0 0 45 0 0 0 12 0 0 45 0 0 0 5 33 17 0 0 0 0 0 74 0 0 0 0 0 0 0 0 94 0 0 68 0 0 76 0 71 0 0 0 0 0 0 0 77 0 0 0 0 0 0 0 0 0 4 0 0 0 0 0 0 0 63 86 37 0 0 0 31 5 95 0 0 26 0 0 54 0 0 52 0 0 0 11 38 74 0 0 33 4 0 85 0 0 0 0 0 0 0 0 27 1 0 76 0 0 28 0 0 0 0 0 0 0 0 48 0 0 0 0 0 0 0 0 0 56 13 52 43 0 98 0 98 0 0 0 0 0 4 0 0 0 15 0 0 31 0 0 0 0 0 42 12 52 44 0 44 0 96 0 58 24 0 90 39 0 0 0 0 0 0 0 0 0 0 0 0 0 0 0 58 0 0 0 0 0 6 86 0 0 0 10 0 8 0 0 0 0 58 92 0 0 0 0 0 0 0 0 0 0 0 0 0 0 0 0 0 0 99 0 0 0 0 86 72 0 0 0 88 29 0 0 0 38 0 0 0 7 0 0 0 0 0 78
0 0 35 58 0 0 97 0 25 0 0 0 0 0 0 0 0 0 0 0 23 0 0 0 96 0 84 0 43 81 93 0 0 53 0 10 0 0 0 0 0 0 0 0 0 0 0 0 0 59 0 0 32 0 0 0 0 75 0 19 0 56 96 0 0 39 0 11 0 0 0 0 13 0 0 26 0 0 74 0 0 0 0 0 63 0 85 72 0 0 0 83 0 0 0 0 77 0 31 0 0 56 82 0 19 0 2 63 40 93 0 0 0 0 0 23 0 0 0 0 0 62 0 0 0 37 0 0 0 0 0 0 0 0 40 0 0 0 63 0 0 0 0 40 0 0 0 0 0 0 0 0 68 0 0 1 79 0 0 0 0 0 0 0 0 90 0 0 0 0 0 0 0 0 0 0 0 0 0 0 0 21 56 0 99 0 35 0 0 57 0 0 0 0 0 0 0 0 0 0 41 0 46 0 0 0 51 0 50 0 0 0 0 0 0 0 0 0 0 41 82 71 0 23 0 0 0 91 0 0 30 0 0 0 0 92 0 0 0 0 0 72 0 0 8 0 0 92 73 0 56 0 0 0 51 0 0 0 74 0 0 0 0 28 0 0 0 0 96 14 62 0 0 0 0 0 3 0 0 0 0 0 75 64 0 0 0 0 0 0 0 0 0 50 0 0 0 0 0 84 0 0 98 0 10 54 0 0 0 33 0 0 0 0 0 31 0 45 0 0 39 0 0 0 0 0 0 0 53 0 0 0 0 0 0 31 0 0 0 0 44 0 0 0 0 0 0 0 93 0 0 0 0 0 0 0 0 0 0 0 0 0 85 0 17 0 0 0 69 94 86 0 0 3 0 0 0 38 43 0 0 0 0 0 71 55 0 0 0 0 98 0 0 0 0 0 0 10 0 33
0 0 0 82 0 0 0 0 0 53 0 23 0 0 0 0 64 55 0 0 0 0 0 83 80 0 0 0 0 0 0 0 0 0 0 60 0 41 0 0 11 0 71 0 70 0 32 0 0 0 0 0 0 94 0 0 0 0 14 0 0 99 0 92 67 0 0 0 0 0 0 34 0 0 0 0 0 0 56 0 29 0 0 0 0 14 0 0 0 0 0 0 0 0 71 0 0 0 0 0 0 0 77 2 0 0 0 0 0 0 0 0 0 0 19 48 32 0 0 1 0 0 0 69 0 0 0 1 0 0 0 0 0 54 11 0 0 0 0 0 93 0 0 82 0 0 0 0 40 0 0 0 0 0 0 0 0 46 0 0 0 0 0 88 94 0 0 0 0 0 0 0 0 0 44 42 0 0 0 51 0 0 94 0 86 0 0 0 0 0 15 0 0 47 0 0 39 98 79 100 0 0 0 0 0 0 0 0 92 0 88 0 0 0 0 0 0 0 0 0 0 0 0 0 0 49 0 0 0 32 0 8 0 0 0 0 0 86 0 0 0 0 0 0 0 0 0 0 91 29 0 0 68 0 0 0 0 0 0 0 0 4 0 48 21 0 0 0 0 0 60 72 99 84 0 38 63 25 0 0 36 0 0 87 0 0 0 94 16 81 0 0 81 0 0 83 0 36 0 0 0 0 0 0 0 0 0 0 0 0 0 0 0 10 59 0 0 0 0 0 0 0 0 0 0 0 0 0 0 0 0 0 0 0 16 42 0 0 0 0 0 0 0 0 0 0 78 0 0 0 50 35 42 0 0 0 24 0 0 0 76 89 0 0 0 0 0 0 0 0 0 0 0 0 0 0 88 0 0 0 0 0 0 0 4 0 0 21 0 0 82 0 0 0 0 0 0 0 0 0
0 0 0 0 0 0 0 0 0 0 0 16 0 0 0 0 0 54 0 0 0 45 18 0 0 0 0 0 10 0 0 19 34 0 54 0 0 0 0 0 0 0 82 0 0 0 0 73 85 0 0 0 0 35 0 28 0 0 53 0 61 65 24 0 0 0 0 53 0 0 0 0 56 0 0 0 10 0 0 29 96 92 0 0 10 29 0 30 0 89 0 30 11 0 0 0 0 0 0 0 54 95 0 0 87 0 80 47 0 0 56 0 0 15 0 0 0 32 6 0 70 0 0 0 0 0 55 0 34 0 0 0 0 95 0 0 73 0 39 34 0 0 0 0 21 0 0 82 0 0 0 73 0 0 0 32 0 91 0 0 0 0 0 0 0 0 74 0 0 0 66 29 53 0 0 0 77 0 25 72 0 0 13 0 0 0 59 0 0 0 0 0 26 0 0 91 0 0 47 0 0 80 0 0 0 89 0 0 0 0 83 89 0 43 0 0 70 0 73 0 0 90 0 100 48 0 0 0 33 31 0 0 0 58 0 0 0 0 24 0 0 0 0 0 0 0 45 26 0 0 0 84 0 0 0 0 0 0 7 65 0 0 0 0 0 0 0 0 0 0 0 0 0 2 0 0 0 0 12 0 0 0 10 0 0 0 59 0 0 0 0 0 0 0 0 0 0 0 0 0 42 0 64 0 1 0 0 0 0 1 0 65 0 0 0 0 0 0 0 0 0 0 0 0 0 0 0 0 0 0 0 0 0 0 0 0 0 0 68 0 0 0 0 0 32 0 89 0 0 0 0 0 0 0 0 0 0 0 0 5 0 0 0 0 0 8 0 0 0 0 0 0 0 0 0 0 0 0 7 0 0 0 0 0 51 0 88 0 0 0 44 0 25 0 0 0 0 7 0 13
21 19 0 0 43 0 0 0 0 36 0 0 0 0 0 0 0 0 0 0 0 0 93 0 0 0 0 0 0 0 88 0 6 45 55 56 0 0 0 0 0 0 0 0 0 39 0 0 0 0 0 75 0 33 0 0 0 0 66 0 54 0 0 0 0 0 0 0 0 0 0 80 0 0 0 15 0 0 0 0 0 0 0 0 0 0 0 0 0 0 0 0 0 0 0 0 0 0 43 0 82 0 0 0 0 62 0 0 66 0 0 2 0 0 49 0 0 1 22 73 5 0 69 0 0 0 0 12 0 0 88 68 0 0 0 0 0 88 71 0 0 23 0 0 0 0 0 0 10 0 0 0 0 0 0 0 0 0 0 50 0 28 0 95 0 0 86 0 0 4 0 9 94 58 0 0 0 19 0 0 0 0 0 2 0 0 0 0 0 0 0 0 17 98 0 0 0 86 0 76 0 81 30 0 0 7 0 4 0 0 70 0 0 0 0 4 0 0 0 0 0 5 0 10 0 5 84 0 32 0 0 65 0 0 0 8 0 0 70 70 0 0 0 0 0 0 0 0 0 24 0 91 0 0 0 0 0 0 0 0 0 0 0 0 0 0 19 0 0 0 0 0 0 0 0 77 0 35 0 0 87 0 0 0 0 0 0 0 16 30 0 0 45 61 42 0 0 0 13 30 0 0 17 7 0 61 0 0 0 0 0 6 44 46 0 0 0 73 53 0 40 0 30 0 0 0 0 12 0 0 0 0 0 0 0 0 0 0 0 11 0 0 0 0 0 88 87 0 0 0 85 0 69 0 0 0 0 0 26 0 0 26 85 0 0 54 70 0 0 38 0 0 0 0 0 0 0 33 0 0 0 83 0 0 40 0 0 0 0 0 37 0 86 0 0 0 0 0 59 0
60 0 34 9 0 16 19 4 0 100 0 0 0 0 48 0 0 0 0 0 0 0 27 0 0 11 0 0 27 0 0 8 0 11 0 0 0 0 0 8 48 0 0 79 0 0 0 0 64 0 0 0 0 0 0 0 3 0 0 43 0 0 0 0 0 0 0 0 0 0 0 20 0 0 64 38 0 0 0 0 0 0 0 0 64 0 0 34 0 0 0 0 88 0 27 0 16 73 0 0 0 0 0 0 0 0 0 0 0 0 88 0 27 38 0 0 0 0 50 0 0 91 0 0 0 0 0 23 0 69 60 0 0 0 39 46 0 0 0 0 0 0 0 91 61 0 0 0 0 0 0 0 0 0 0 0 0 0 63 55 0 0 87 40 0 0 0 0 3 0 0 0 0 0 0 80 0 0 0 0 0 0 0 0 12 0 0 96 0 0 0 66 0 0 0 0 0 0 0 0 0 85 0 0 0 0 0 0 0 0 38 0 0 0 0 0 0 0 0 53 0 68 0 92 92 0 22 0 0 0 0 0 0 0 0 0 0 69 28 0 0 0 0 0 0 0 0 0 0 0 0 0 0 0 91 0 0 0 89 0 0 48 0 0 0 0 0 0 0 0 41 0 0 0 26 0 0 0 75 0 0 0 0 41 0 82 0 0 0 0 0 0 0 0 0 0 0 0 18 0 0 0 0 5 0 0 0 85 0 81 0 0 19 12 100 97 0 0 0 0 0 40 0 0 0 0 0 0 45 20 0 25 0 0 0 97 0 0 0 87 0 0 0 0 0 42 0 0 0 74 77 0 0 0 0 0 0 99 78 0 69 41 70 0 86 39 81 0 36 0 0 0 0 0 0 0 0 0 0 0 0 0 0 0 8 0 80 0 0 0 0 90 0 0 0 0 80 49 0 0
0 0 0 82 0 12 0 0 0 0 0 0 44 0 75 0 0 0 0 0 0 0 0 0 0 2 0 82 0 0 0 71 0 0 0 0 70 0 11 67 0 27 0 0 0 0 0 57 82 0 0 0 0 0 0 49 0 69 0 59 0 0 41 0 81 0 0 0 0 0 0 0 20 0 0 0 0 0 0 0 0 0 0 0 91 0 0 0 0 49 71 37 0 0 0 0 88 0 41 0 34 0 0 22 0 0 0 0 32 44 35 26 38 0 96 0 0 0 0 75 17 58 0 0 0 0 0 0 0 0 0 0 0 0 0 10 0 0 73 0 63 0 0 76 0 0 0 0 86 0 0 0 0 6 0 0 0 0 0 0 29 0 49 0 0 0 40 0 0 0 13 0 0 44 22 0 0 0 76 0 71 0 61 0 82 0 0 0 17 0 0 0 0 0 0 0 0 13 1 0 0 0 6 0 21 0 0 0 0 0 0 0 0 0 0 0 0 23 0 6 0 0 0 0 0 0 0 0 0 36 0 0 0 0 0 0 52 0 13 2 89 0 0 0 0 0 0 0 0 0 67 77 0 0 0 0 29 0 57 0 0 0 0 0 60 0 0 70 0 0 0 33 0 0 0 0 0 0 0 0 0 0 0 0 88 100 0 0 0 0 0 0 0 0 70 0 19 0 0 0 56 0 0 72 0 81 63 0 0 0 20 0 0 0 0 0 0 31 0 82 0 0 0 44 0 0 0 0 0 0 0 0 0 50 0 0 0 0 0 0 0 45 0 0 54 0 0 51 0 0 90 0 45 1 58 0 0 40 11 0 0 0 0 0 0 0 0 0 0 0 0 0 0 85 0 85 0 0 0 0 0 0 0 82 6 0 42 0 0 13 0 1 0 0 0 47 91 36 0 0
0 0 0 58 0 0 94 0 0 0 0 0 0 0 0 0 0 0 0 0 74 0 0 0 0 99 0 51 0 0 0 0 0 0 0 0 70 0 0 0 100 0 68 0 0 0 0 0 15 0 0 0 0 0 26 47 0 0 36 0 83 0 0 0 0 0 12 0 0 0 0 0 0 0 0 0 0 6 90 0 0 0 52 0 98 0 0 37 0 55 0 0 0 60 0 0 0 0 29 0 0 0 0 65 83 44 0 46 0 0 0 0 0 0 0 0 0 0 0 0 0 0 0 0 0 0 0 0 0 0 0 0 0 0 96 34 0 0 0 56 0 0 0 0 0 0 0 23 0 0 0 12 0 0 0 0 51 0 0 0 0 0 0 0 0 0 0 45 0 0 0 0 0 87 0 0 0 23 0 0 41 0 0 65 0 0 96 0 0 0 0 0 0 0 0 0 0 0 0 0 0 12 0 0 0 61 0 0 0 0 50 0 0 0 0 0 50 0 0 0 0 0 0 0 0 0 0 21 6 0 0 68 0 0 18 0 0 0 0 0 0 0 0 0 0 89 0 6 0 0 0 0 0 75 0 0 0 0 0 91 0 0 67 0 0 30 0 0 36 0 0 12 0 0 22 0 10 17 0 4 68 96 0 0 0 66 64 0 0 0 0 0 0 0 85 49 0 0 0 0 96 0 11 0 0 0 0 0 20 0 100 0 12 0 0 0 0 32 78 0 0 0 0 0 0 0 0 0 0 67 0 0 95 0 27 0 0 0 0 0 92 31 0 0 0 0 0 0 0 0 0 0 0 0 0 91 0 0 0 0 0 0 40 34 0 0 0 59 52 0 0 60 0 95 0 41 0 0 0 0 61 0 5 0 0 92 0 21 0 0 0 20 0 0 0 94 0 64 0 0
81 0 50 0 0 33 0 0 0 0 0 0 0 55 0 37 56 0 0 0 0 0 0 0 70 55 0 0 67 0 26 0 0 0 0 0 0 0 0 0 0 0 0 0 35 0 6 0 0 0 88 0 71 24 51 0 0 0 0 0 0 0 53 38 49 0 0 0 62 24 0 0 93 0 0 0 0 21 0 0 0 0 0 0 0 0 0 0 0 0 0 0 34 54 0 0 0 56 60 100 31 0 0 0 0 0 0 69 0 30 35 0 0 18 0 0 0 0 0 0 0 0 0 0 0 0 0 0 0 0 0 0 0 2 0 0 0 34 66 79 29 0 0 75 0 0 0 0 60 0 0 61 0 0 94 0 0 0 0 0 92 0 16 0 45 86 0 0 24 0 0 0 0 0 0 0 0 0 0 0 0 0 0 70 0 0 0 0 75 43 34 0 40 0 0 0 0 0 0 0 0 0 9 0 0 0 0 0 37 0 82 0 0 0 0 0 0 0 0 92 0 0 0 0 0 0 0 0 0 88 0 0 3 0 0 0 10 95 0 0 0 0 0 0 0 0 0 31 44 0 0 0 0 0 0 37 0 0 94 0 0 0 0 0 0 0 0 0 0 0 0 77 57 0 0 0 0 0 29 0 0 0 0 0 0 0 0 0 0 0 100 76 0 0 0 0 0 83 0 0 22 0 0 0 0 0 0 0 76 68 97 0 0 0 0 0 0 0 0 100 0 0 0 0 0 88 0 0 0 0 82 21 0 0 0 39 1 0 0 0 0 0 0 0 0 11 0 72 0 55 0 0 0 13 0 99 0 0 0 0 0 0 7 0 0 72 0 0 0 0 23 0 78 0 25 52 1 0 0 0 0 67 57 38 0 0 0 0 0 0 79 0 0 0 0 86 97 81 4 0
0 0 0 0 0 0 0 0 0 48 0 0 53 0 64 0 28 0 91 0 0 99 0 0 0 0 0 44 0 0 0 0 0 0 0 0 0 88 89 7 0 0 0 0 0 14 35 4 24 0 0 0 0 0 46 0 0 75 0 85 0 0 0 0 0 0 72 0 0 0 52 0 0 0 0 0 54 0 0 0 0 0 79 0 0 0 34 43 47 80 11 73 0 92 0 0 0 0 0 0 89 91 86 0 0 0 44 73 0 0 76 7 0 0 0 0 0 0 0 0 0 0 0 0 0 0 0 0 0 0 0 17 23 0 0 0 0 36 0 0 0 0 99 0 0 0 0 50 0 0 9 0 0 38 0 66 0 0 0 93 0 81 0 0 31 88 56 10 0 0 0 0 0 0 0 0 0 0 0 47 0 0 21 18 0 0 31 0 0 0 0 0 2 0 0 0 0 32 0 0 77 0 0 80 0 0 0 0 84 2 0 0 0 41 0 0 0 0 0 0 0 14 0 0 0 0 0 100 0 0 0 0 92 0 0 21 0 0 0 0 0 0 0 0 0 0 0 26 0 0 0 0 0 0 0 0 0 0 0 0 0 0 50 0 0 0 56 37 0 0 0 0 0 0 0 0 0 0 0 10 45 0 0 0 44 0 0 0 18 0 0 0 0 18 0 6 0 0 0 0 0 66 50 0 0 0 99 0 0 0 23 0 92 0 0 0 0 0 0 0 0 0 0 0 0 0 22 0 65 0 0 0 0 0 0 0 0 85 0 88 92 0 0 0 0 0 0 20 0 0 0 0 0 0 6 66 0 0 0 96 0 0 0 0 0 22 0 0 90 47 0 0 0 25 0 0 0 0 0 0 0 0 0 0 94 0 0 0 0 0 0 94 0 0 0 0 60 0 0 26
0 0 0 0 0 0 0 0 0 0 0 0 0 0 0 0 0 26 9 0 0 0 80 0 0 90 0 0 51 0 0 0 0 0 0 0 0 0 0 0 0 0 0 0 0 0 0 0 0 0 0 0 0 0 0 0 0 0 0 0 0 0 31 0 95 77 0 0 0 0 32 0 20 0 0 0 0 0 65 0 0 68 87 0 92 0 0 0 0 0 0 29 0 0 0 0 0 0 0 0 0 0 100 0 0 0 0 0 0 0 82 0 62 0 0 0 0 76 0 0 0 45 31 35 0 0 2 0 85 0 0 0 0 75 0 0 0 0 0 0 36 54 0 88 0 0 0 77 75 0 0 81 81 0 11 0 0 0 0 0 0 70 0 0 0 0 0 0 0 0 81 0 0 0 0 0 0 50 85 0 98 0 0 0 74 0 0 0 0 0 0 0 21 0 0 0 0 0 0 0 29 0 0 0 0 0 0 0 0 0 0 5 0 0 0 0 41 0 0 0 71 0 0 0 26 79 67 0 0 0 35 0 0 93 0 0 0 0 0 13 0 0 0 67 44 0 44 0 79 73 0 0 8 8 0 0 0 0 11 89 0 81 0 99 36 0 0 0 0 0 26 0 0 93 0 0 60 26 0 0 2 0 0 53 0 0 0 0 43 0 0 0 0 11 0 0 61 0 67 0 0 39 0 0 16 58 0 0 54 0 0 0 42 0 0 0 0 0 0 0 0 0 0 0 0 49 0 0 0 0 0 58 0 0 0 0 83 0 0 0 0 0 0 36 0 0 26 0 0 0 0 0 0 1 0 74 0 83 0 11 0 0 0 13 1 0 63 0 0 0 1 0 87 0 0 0 0 0 0 0 29 0 35 0 0 0 0 0 0 0 0 0 0 0 59 12 0 0 0 0
0 0 0 0 0 93 0 0 0 0 0 0 0 0 33 0 0 0 0 0 44 0 0 0 0 0 0 0 0 0 0 40 37 69 37 0 0 65 0 81 0 0 0 0 0 0 0 0 0 10 0 47 78 0 0 59 0 24 0 0 0 97 79 0 71 92 37 0 0 23 0 0 87 0 0 0 0 0 0 0 0 0 0 0 0 0 0 31 49 0 0 0 0 0 0 0 94 0 0 0 89 0 0 0 0 0 0 0 12 0 0 0 0 0 0 0 0 0 0 0 0 0 12 0 0 92 0 19 0 0 0 0 0 0 8 61 44 45 0 0 14 0 0 10 85 0 7 88 0 0 0 0 0 2 78 0 0 16 5 0 0 0 0 0 0 0 0 0 0 0 0 0 59 0 0 49 57 0 38 45 0 0 0 0 0 38 0 0 0 0 0 0 0 0 0 0 0 0 0 0 20 0 0 7 0 0 0 0 71 0 35 0 4 0 0 0 0 42 0 76 0 0 0 15 0 0 0 0 0 0 93 0 15 93 0 0 0 0 62 0 0 11 30 83 0 0 0 0 0 32 27 81 11 0 0 0 0 0 0 0 0 92 0 0 0 0 0 0 93 60 0 30 25 0 60 0 0 0 0 0 34 0 46 0 76 0 0 0 0 0 99 95 0 0 0 0 0 0 59 0 0 47 0 73 73 0 0 0 77 0 0 0 37 0 61 0 14 0 0 0 37 100 0 0 0 0 0 27 0 32 51 0 0 0 0 0 0 0 51 0 0 0 18 0 0 0 63 0 22 0 60 0 0 98 2 0 82 0 0 0 0 0 0 0 0 0 34 0 0 0 0 98 0 97 43 0 0 26 0 0 0 0 0 36 0 0 0 0 0 0 0 0 0 0 96 55 94 0 50 0
6 0 0 0 0 0 68 60 0 0 0 73 0 0 0 0 52 22 0 0 0 28 0 42 31 0 0 0 0 0 0 0 0 0 0 0 0 60 0 0 0 0 15 0 68 83 0 0 8 0 0 0 0 0 0 0 0 54 0 0 0 0 92 71 0 0 0 0 0 0 0 39 0 0 0 0 0 0 0 8 0 0 32 0 0 0 0 56 0 51 78 24 1 78 0 19 0 0 0 0 0 17 0 0 0 0 0 59 0 0 0 0 0 83 0 0 0 0 32 0 42 0 0 67 0 0 0 0 0 0 0 0 0 0 0 0 0 0 0 0 0 0 0 53 0 0 0 0 0 0 0 93 0 0 0 0 29 0 30 0 0 0 0 65 40 0 20 0 0 0 0 0 54 81 20 64 59 0 0 0 0 0 0 27 0 0 48 0 0 0 0 0 0 0 0 19 0 0 0 0 0 0 36 0 0 0 0 0 77 0 0 8 0 0 0 0 0 9 0 0 0 0 0 0 0 14 0 0 0 0 42 0 60 0 0 0 0 0 0 0 27 0 0 0 37 49 0 0 0 0 0 0 0 0 75 0 0 0 0 0 58 0 0 0 0 93 62 0 0 0 0 0 83 0 0 0 92 0 0 0 0 0 11 0 0 10 0 0 0 0 0 0 25 0 0 0 40 0 0 0 0 52 0 0 0 0 0 0 98 0 0 0 0 0 0 0 0 0 0 91 0 0 0 0 0 0 0 0 49 0 8 0 0 0 0 37 0 0 0 50 66 0 96 11 0 32 27 0 0 22 0 0 86 0 0 0 0 0 98 37 0 0 0 69 0 0 0 76 0 0 0 55 25 0 0 85 10 0 7 0 0 0 25 0 0 0 38 1 22 27 0 0 0 0 0 49 82 0 0 43
49 0 0 0 77 77 0 0 0 0 68 0 94 63 0 0 0 0 64 0 94 0 35 0 0 0 0 22 65 0 0 0 0 29 0 41 41 42 68 0 0 24 0 0 0 0 0 71 0 0 0 0 0 0 0 0 87 0 0 0 0 0 0 0 0 0 0 88 0 0 0 0 80 82 0 0 0 58 0 0 0 0 0 32 88 0 0 0 0 0 2 31 0 0 0 81 0 85 0 0 92 0 0 78 0 0 65 0 46 0 0 0 48 0 0 0 0 1 0 0 0 0 86 0 0 0 99 66 54 25 0 10 0 0 49 0 0 98 0 0 23 0 0 98 0 93 0 0 0 0 0 57 0 5 0 0 31 0 0 0 48 0 0 36 0 0 0 0 0 0 0 0 0 0 0 0 0 0 47 0 0 0 0 0 0 0 0 62 0 0 53 0 0 39 96 0 0 0 0 0 75 0 0 0 10 0 53 0 0 0 0 0 76 0 0 0 0 34 81 0 0 32 0 0 18 0 0 0 0 0 0 0 32 57 0 0 0 14 0 0 0 0 0 0 0 0 13 0 0 0 0 45 0 0 0 0 0 7 0 0 76 0 0 0 20 0 0 0 76 0 61 60 0 0 0 43 0 0 0 0 13 90 0 84 95 49 0 0 0 25 46 0 0 29 0 0 96 0 0 0 0 0 0 0 99 21 0 0 0 0 0 0 0 0 38 0 0 0 94 0 0 0 0 0 0 1 0 81 0 0 0 0 100 0 0 0 0 0 0 0 97 0 0 0 77 0 0 0 84 0 90 0 0 0 0 0 0 68 0 2 0 0 0 0 0 0 71 0 0 0 0 0 0 0 0 0 47 0 0 0 0 0 0 0 0 0 0 81 0 0 0 13 0 0 19 0 0 0 0 0
0 0 75 64 0 9 0 0 2 50 25 0 0 0 18 0 0 0 0 0 0 0 0 0 0 0 0 0 82 0 0 0 0 17 0 1 0 0 0 0 34 0 10 0 88 0 0 0 0 0 53 0 0 0 0 0 0 0 0 82 0 0 56 0 0 0 0 3 0 0 0 0 0 0 0 0 0 0 0 0 0 0 73 0 59 0 25 0 62 0 0 0 0 0 0 0 0 0 0 0 8 0 0 0 86 0 0 0 0 0 0 0 0 0 0 41 0 0 44 0 0 36 87 0 12 0 54 0 0 0 21 73 25 0 0 0 0 0 0 74 0 0 0 20 57 0 17 15 0 64 0 74 0 0 44 0 0 0 61 0 72 74 37 3 0 0 0 0 0 0 0 0 0 0 0 0 75 0 3 0 0 0 30 0 0 95 0 55 0 0 0 15 0 0 0 0 26 0 0 0 0 0 0 0 4 0 39 0 0 0 0 0 0 0 0 0 0 36 0 92 0 0 0 0 0 0 0 0 4 0 0 0 35 46 0 0 0 71 0 0 0 0 82 0 0 64 26 0 0 69 0 0 0 0 0 0 0 90 0 56 0 0 0 0 0 0 78 0 0 0 87 0 75 22 0 0 0 0 0 3 0 0 2 0 0 0 0 0 0 0 21 0 0 0 0 26 0 0 73 90 0 26 0 0 0 96 0 0 0 90 0 0 0 69 0 0 23 0 0 54 24 0 38 88 0 0 0 0 0 0 0 0 0 0 0 0 0 0 41 0 70 0 0 0 0 0 0 0 0 0 53 0 0 0 0 23 0 0 0 0 0 0 0 0 0 32 42 0 0 0 0 84 0 0 0 0 0 0 27 4 0 0 0 0 0 0 0 80 0 6 4 0 69 87 0 68 57 0 0 43
95 23 0 0 0 0 0 0 4 0 14 93 0 0 0 0 80 0 0 0 6 0 0 0 0 0 0 0 90 0 0 0 0 0 0 0 0 70 0 0 53 0 0 0 0 0 0 0 0 29 3 0 46 95 0 0 0 0 0 0 0 0 81 0 0 0 70 31 0 0 0 0 0 1 0 0 0 0 0 0 0 42 0 0 0 0 0 100 0 0 0 0 0 0 0 0 0 16 51 0 0 0 0 0 83 0 0 0 67 0 0 0 0 0 0 18 14 52 84 0 0 0 0 0 0 0 15 79 0 0 0 0 0 0 0 0 92 0 73 0 0 0 0 0 0 0 0 0 93 0 74 0 4 33 0 0 0 0 0 0 0 0 77 49 25 0 0 0 0 38 12 0 0 10 0 0 0 0 26 94 0 48 0 0 0 66 0 83 14 0 0 41 0 0 96 0 0 29 0 0 0 0 99 100 0 0 0 0 0 0 0 0 0 31 5 0 0 0 47 0 0 0 0 39 0 0 0 0 0 22 83 0 0 0 7 20 0 0 76 16 0 0 0 50 0 0 0 0 0 0 68 0 0 0 0 0 0 0 0 0 0 67 0 9 56 0 0 4 0 85 0 0 55 62 0 0 0 0 0 0 96 0 6 0 0 0 0 0 0 0 0 0 0 0 93 6 3 0 0 62 0 0 12 100 57 0 0 0 0 0 0 0 0 0 0 0 0 0 0 22 0 87 0 0 0 0 55 0 44 0 0 0 1 0 0 0 0 0 0 89 0 0 0 0 0 0 0 0 0 68 3 0 0 0 0 0 0 0 0 0 42 0 0 0 0 0 0 0 0 0 0 0 0 79 7 0 0 0 0 0 0 0 88 0 87 0 0 0 0 0 0 0 0 0 0 0 0 0 0 0
0 0 0 12 0 16 0 0 0 0 0 0 0 0 0 25 0 0 0 0 0 74 94 1 62 0 0 0 47 65 40 0 0 0 0 0 0 0 0 0 0 38 0 75 82 0 0 0 0 0 0 0 0 39 0 0 0 0 92 71 0 0 0 0 40 0 0 81 61 0 0 75 0 0 0 0 0 52 0 0 0 0 95 0 0 19 0 0 72 0 0 0 0 0 0 85 58 0 16 0 0 0 0 24 0 0 30 0 0 0 0 46 81 0 0 0 0 0 0 0 0 0 0 44 0 23 0 0 0 59 0 22 0 0 0 0 3 26 0 0 0 0 0 0 0 0 0 0 0 0 43 0 0 0 1 0 0 0 39 0 0 0 0 0 0 0 0 48 0 0 99 55 17 0 0 0 0 0 0 0 0 0 46 0 0 0 95 48 81 0 55 49 0 47 0 0 0 76 0 0 72 0 0 0 0 84 0 0 0 0 87 0 0 68 73 0 0 0 0 0 24 0 12 65 0 86 79 0 53 62 0 0 0 0 25 96 0 0 95 0 43 81 0 0 93 80 52 0 1 0 0 90 0 4 73 0 0 0 0 0 0 91 0 39 0 0 0 0 0 0 0 0 0 0 0 0 0 0 0 0 0 91 0 0 0 0 6 0 24 0 0 30 0 0 0 0 0 0 0 0 0 90 0 0 58 0 98 0 0 0 0 100 0 0 0 0 0 0 0 0 56 49 0 0 0 0 0 0 0 0 59 95 0 86 5 0 0 0 30 0 0 0 0 36 31 0 0 0 4 80 0 19 0 73 0 0 0 0 0 0 0 0 93 0 0 54 0 0 67 0 0 0 0 0 0 0 0 0 41 55 0 0 0 0 0 0 0 0 0 0 23 19 20 0 0 0 0 0 0 0
0 54 53 0 0 0 0 0 0 0 0 2 0 0 0 0 97 0 10 93 60 0 0 70 0 0 0 0 0 44 0 20 0 0 0 0 92 85 0 44 0 18 0 0 0 0 33 0 43 0 0 0 0 0 0 83 75 84 0 82 18 0 0 92 0 0 90 0 0 0 0 0 0 0 37 0 18 0 0 0 0 19 0 0 0 0 27 25 0 0 44 0 72 67 0 25 95 0 0 0 26 0 0 0 0 0 0 0 0 0 6 0 0 0 0 50 0 0 0 0 0 94 55 0 0 0 0 0 0 0 76 0 0 0 0 0 0 0 0 0 0 0 40 95 0 0 0 17 0 0 0 0 0 0 0 0 0 0 0 0 0 0 0 5 19 0 0 0 32 0 0 76 81 0 0 45 0 15 0 0 0 0 0 0 0 0 0 0 0 0 0 37 0 96 0 18 0 0 0 43 0 33 0 0 78 0 47 0 0 0 0 0 0 0 0 59 0 0 42 0 0 0 44 82 0 0 0 0 0 19 0 97 0 0 0 0 0 0 0 0 0 0 0 37 75 0 8 7 25 0 77 0 21 0 0 69 0 0 0 47 0 0 36 0 0 0 0 0 0 0 0 0 44 60 0 0 0 0 0 0 0 0 0 19 0 0 0 0 52 0 0 0 0 0 85 0 69 67 0 0 0 0 0 0 0 0 0 0 0 0 0 0 0 0 17 0 0 74 72 0 0 0 0 0 0 0 15 0 0 0 0 0 36 0 0 0 0 0 32 0 17 42 0 0 29 0 0 0 0 0 0 66 0 0 0 0 0 14 92 23 0 31 86 0 0 0 0 0 0 0 0 0 0 0 0 0 0 0 0 81 92 0 0 0 42 0 0 91 0 0 0 0 0 0 0 0 0 0 0 0
0 0 20 0 0 85 0 0 71 0 0 0 71 0 51 0 37 0 0 0 0 0 0 0 46 0 0 21 0 0 0 74 97 0 0 0 0 36 0 0 97 0 0 0 55 0 0 0 0 97 64 85 0 0 0 0 86 0 0 0 0 34 0 61 99 0 0 0 30 0 0 0 0 0 25 62 0 0 0 82 57 0 0 64 14 0 0 0 0 0 0 32 0 71 0 0 0 0 0 77 0 0 0 0 0 28 0 76 2 60 0 0 42 0 67 0 27 0 0 63 0 0 51 0 69 0 0 0 0 0 0 0 6 52 0 0 0 0 0 0 0 5 41 0 0 0 0 0 21 0 55 0 0 0 0 93 0 10 0 49 0 0 0 0 79 82 0 0 0 0 0 0 0 0 20 4 50 0 0 19 19 0 0 0 0 0 0 0 0 0 0 4 0 0 0 0 0 0 0 0 0 0 0 0 0 0 80 0 0 62 0 31 0 0 0 0 0 0 0 0 48 80 54 0 0 0 0 0 43 0 77 63 85 51 0 96 0 0 32 0 84 0 0 0 0 0 0 0 0 0 0 0 0 0 0 10 0 4 0 0 0 0 57 0 2 89 13 29 0 95 0 50 0 0 16 0 0 12 0 35 82 0 0 0 0 0 0 0 0 0 0 0 0 0 0 3 0 3 0 0 81 0 0 0 0 0 0 0 0 0 0 0 0 81 0 67 0 48 0 0 0 0 0 63 0 0 0 0 0 63 0 0 34 75 0 0 24 0 0 0 0 0 0 0 0 0 0 0 0 0 0 0 0 73 0 0 52 0 0 0 25 0 0 0 0 0 0 0 0 0 0 0 0 0 44 0 0 71 71 0 0 0 28 0 0 0 0 0 0 0 0 0 0 0 62 0 0 0 0 0
39 0 0 85 0 46 0 0 0 0 35 0 87 0 0 15 0 0 0 0 0 0 0 0 0 0 38 2 0 0 0 0 0 0 0 0 0 0 0 0 0 0 0 0 1 0 0 0 60 0 0 0 0 78 23 45 0 0 0 0 0 0 0 0 0 0 0 0 0 0 0 47 45 0 0 0 0 0 0 0 0 0 0 0 0 43 0 0 76 0 0 90 0 73 0 0 0 0 0 0 0 0 0 0 59 0 0 0 69 0 0 0 0 0 0 0 0 0 0 0 0 0 0 10 64 0 0 0 0 0 0 66 0 20 0 0 0 0 0 19 89 49 0 0 89 0 0 53 0 0 0 0 70 97 0 14 0 0 0 0 67 69 0 0 0 31 0 73 80 53 0 0 0 0 0 0 10 24 0 94 0 55 0 0 83 0 95 100 0 84 0 0 37 0 0 25 42 0 67 0 68 30 0 0 30 81 0 0 0 0 0 0 0 28 0 4 0 0 52 0 21 0 0 0 35 0 0 0 0 0 0 36 87 0 0 0 0 0 0 0 0 44 90 90 56 0 0 81 0 88 0 0 0 0 7 0 0 0 0 0 0 0 63 0 89 56 29 0 0 0 32 0 0 31 0 0 64 0 0 0 59 0 0 0 18 0 0 31 0 0 0 0 72 0 0 0 0 0 78 49 6 80 0 100 26 0 0 0 0 0 32 0 0 0 77 0 24 0 63 0 0 0 0 0 0 0 10 0 0 0 0 0 13 0 11 0 0 0 99 23 99 0 0 0 4 0 74 0 73 0 82 0 0 0 0 0 0 0 0 0 71 0 0 0 0 0 32 0 0 0 13 0 0 66 0 0 0 55 0 0 53 0 0 0 21 0 65 29 0 0 0 30 0 0 78 17 0 0 15 0
0 0 0 0 66 0 0 0 14 0 60 0 22 0 47 43 52 0 0 0 0 0 50 91 0 0 3 0 0 0 0 0 0 0 52 0 0 0 0 0 0 0 55 0 0 0 0 0 0 0 0 16 0 10 0 97 0 0 0 44 0 0 44 0 38 0 0 80 0 0 0 0 0 0 0 0 0 0 0 0 0 0 0 0 0 0 0 1 0 0 46 33 0 75 0 0 0 0 90 0 0 0 0 0 0 44 21 0 0 0 0 0 0 0 0 0 0 0 0 0 0 72 0 0 0 0 0 0 0 0 0 0 0 0 0 74 0 0 2 0 92 0 0 0 18 0 0 0 0 0 36 0 0 0 47 0 0 0 0 0 25 85 0 0 0 0 0 0 0 0 0 0 0 0 0 60 0 0 23 96 0 0 0 66 89 0 42 0 0 68 57 0 0 42 0 0 70 0 0 0 0 0 57 0 39 0 26 0 0 0 0 0 42 0 0 0 0 85 96 0 0 0 0 0 100 0 18 0 0 100 0 0 0 53 71 0 24 0 0 17 87 69 0 0 0 0 99 0 0 42 53 87 0 0 0 72 88 81 0 58 0 0 0 65 0 0 48 0 75 0 0 0 0 0 0 0 0 0 0 0 0 0 0 49 0 0 0 0 0 0 0 0 0 0 0 0 0 38 0 77 0 0 0 67 39 0 0 0 0 0 0 85 47 0 0 13 0 0 0 0 0 0 0 0 0 0 0 83 98 0 89 0 70 0 0 0 0 76 0 0 0 0 0 58 0 0 0 0 0 0 67 0 0 0 0 0 54 99 0 0 0 74 0 0 49 0 82 0 98 0 0 0 0 0 0 13 0 0 0 0 99 0 64 0 0 36 0 0 0 6 0 0 0 0 0 0 0 0 0 0
0 8 0 0 0 0 0 0 42 0 0 0 0 36 0 0 0 0 0 0 55 0 0 95 0 0 0 43 12 16 0 0 0 0 0 0 65 0 69 0 0 96 0 0 48 0 0 57 12 0 7 0 0 0 0 0 0 0 0 0 100 0 0 0 0 49 1 0 42 37 0 0 0 0 0 0 68 84 0 0 60 92 0 0 16 0 0 0 83 0 0 0 0 40 0 0 0 83 0 0 0 0 0 0 0 0 0 61 0 0 0 0 42 68 0 72 0 0 88 0 0 0 0 0 43 0 0 0 0 0 0 25 69 0 0 0 92 0 0 67 86 46 0 0 27 0 0 75 46 0 6 0 93 0 0 0 0 0 47 0 0 0 0 0 0 0 0 0 0 0 2 0 0 0 0 0 0 0 53 0 0 0 0 0 37 0 0 0 0 0 0 0 38 87 0 0 0 0 63 0 77 0 90 0 0 95 0 0 0 100 0 0 0 26 0 0 0 0 0 96 0 0 35 63 65 0 0 0 0 37 0 0 0 0 0 0 53 67 0 83 0 0 0 0 33 0 18 0 0 0 0 8 0 0 0 0 0 0 0 0 0 0 0 0 0 0 0 0 0 0 0 82 0 32 0 0 0 66 0 0 0 0 0 0 40 0 0 72 0 0 0 0 0 0 0 0 0 0 59 0 72 0 0 0 0 0 0 47 0 0 0 0 0 0 34 0 0 0 0 0 0 0 0 0 0 0 0 0 0 0 82 55 0 0 0 29 64 98 0 5 80 0 0 0 63 21 0 82 0 0 18 0 20 0 0 0 75 85 98 0 0 0 0 0 0 0 0 0 0 0 0 0 50 62 0 0 0 0 0 0 20 0 0 0 0 0 0 0 0 0 0 0 0 84 0 0 95 0 0 0
59 0 0 51 45 0 0 0 0 0 0 0 38 0 0 0 0 0 70 0 92 0 48 0 40 18 0 82 0 0 0 0 0 0 0 0 22 0 87 0 0 0 0 0 0 0 0 24 28 0 0 96 0 38 46 50 0 0 0 8 0 0 90 0 0 0 0 0 0 0 0 0 98 0 65 0 0 0 90 0 0 20 0 0 20 86 0 0 0 5 0 87 0 0 0 0 0 0 0 13 0 0 0 0 0 0 0 0 0 0 88 0 0 0 0 0 0 0 0 0 0 0 0 0 34 0 0 0 0 19 0 0 0 0 0 0 28 0 0 0 0 0 0 0 0 0 0 0 42 0 0 96 9 0 0 8 0 0 0 0 46 1 36 0 0 91 0 0 39 0 0 0 64 0 0 0 0 0 0 0 0 0 0 0 87 0 0 0 0 50 100 21 0 0 0 63 0 22 0 0 66 0 0 0 0 0 47 0 0 0 0 0 19 0 0 18 0 0 0 94 0 0 0 0 0 0 0 0 0 0 0 0 0 0 0 0 0 74 85 0 0 0 0 0 0 47 0 56 0 39 85 0 0 0 0 0 93 0 2 0 0 0 59 30 2 0 0 0 0 0 37 68 0 0 0 0 47 76 0 0 0 0 0 0 0 0 0 0 0 0 0 57 0 0 0 45 0 34 0 0 0 0 54 0 0 95 0 50 0 0 0 89 47 0 0 0 0 0 27 88 69 27 0 0 0 0 78 0 0 0 0 0 0 0 0 38 0 0 0 0 68 0 0 0 12 0 10 0 50 0 0 0 0 0 0 0 0 0 100 0 0 0 0 0 0 100 0 4 0 54 0 0 0 0 0 100 0 0 26 0 0 0 62 0 0 0 0 0 0 48 20 0 0 0 0 12 29 0 0 4
22 0 52 0 0 0 0 17 0 0 0 45 0 0 0 0 0 0 82 0 0 0 0 28 0 99 0 49 0 0 0 0 0 0 49 0 34 0 7 0 0 0 0 18 0 0 0 0 0 0 49 0 0 0 0 0 0 0 0 0 0 0 69 95 0 0 3 50 0 0 15 0 0 0 0 58 0 0 0 17 0 0 0 0 26 39 0 0 0 8 0 0 0 89 0 0 75 0 0 0 0 0 0 0 0 0 0 0 0 0 14 0 0 97 0 0 0 0 0 0 0 0 0 0 0 14 72 0 0 0 0 0 0 0 0 87 71 0 34 8 75 66 66 20 0 0 26 0 0 0 45 0 0 0 0 0 0 0 0 0 0 15 0 0 95 0 0 25 0 0 0 0 0 0 2 0 0 22 0 0 0 0 0 0 0 54 0 0 0 0 0 51 88 0 0 0 0 53 0 0 0 61 52 0 0 0 20 9 0 0 0 24 0 0 0 0 0 0 0 0 0 0 0 81 80 60 0 0 39 0 0 0 0 0 0 0 0 57 0 0 11 0 0 0 57 0 0 0 0 0 0 0 0 0 0 0 99 0 0 0 0 0 60 31 6 91 0 0 23 0 0 0 6 0 0 0 0 0 0 0 0 0 98 68 0 61 0 0 34 0 0 91 2 0 0 52 0 0 0 0 19 0 0 0 0 98 69 0 0 0 0 0 0 0 25 0 0 0 0 0 0 0 0 0 12 0 0 0 0 67 0 17 0 0 0 0 0 0 0 0 87 78 26 92 0 0 0 0 0 0 0 0 0 0 12 0 0 76 21 0 0 0 0 0 0 0 0 0 0 63 0 0 0 0 28 70 20 0 94 0 84 42 0 12 0 0 0 0 0 1 0 0 0 0 0 50 89 43 65 13
0 0 0 0 0 0 0 69 0 0 0 0 0 0 0 0 72 0 0 0 0 0 0 98 0 0 0 0 68 0 0 46 0 0 0 17 0 0 86 0 68 0 0 0 0 0 43 13 17 0 0 0 0 0 0 0 0 0 0 24 0 0 63 5 27 84 34 0 0 0 0 0 9 0 35 0 0 0 0 0 0 44 0 0 0 0 45 0 0 0 0 0 0 0 0 0 0 52 0 41 0 0 48 0 0 0 0 40 0 0 61 0 0 0 0 60 0 0 21 9 32 27 0 0 0 0 0 0 0 0 0 0 73 0 0 0 0 0 0 2 0 74 0 0 0 0 60 93 0 0 87 0 0 0 0 44 64 0 63 0 0 0 0 0 0 0 85 0 0 0 0 0 26 0 0 0 0 0 0 81 0 0 0 96 0 0 0 0 0 30 0 0 0 0 95 0 0 0 0 36 54 0 70 57 0 75 6 41 5 0 0 0 34 0 0 0 0 0 0 0 0 0 0 0 0 0 0 0 75 0 0 0 0 0 0 30 0 0 0 0 0 0 0 0 0 0 16 54 90 0 0 0 0 0 56 0 0 0 0 58 0 0 0 0 0 69 27 0 0 0 0 84 0 0 77 0 0 0 0 3 10 0 91 0 0 76 0 0 82 0 0 0 0 0 0 0 11 56 0 96 46 0 0 0 72 0 5 76 0 60 40 0 0 91 0 16 0 0 0 46 78 39 0 0 0 0 0 0 0 74 0 0 0 0 0 0 0 27 0 0 0 0 0 83 0 0 0 0 27 0 0 0 22 0 0 0 0 0 0 59 0 4 92 0 0 23 0 4 0 0 0 0 0 0 75 10 79 0 0 0 0 0 0 0 59 0 80 0 0 0 67 0 0 0 0 0 12 0 23 0
0 0 0 56 0 0 0 0 0 0 83 0 0 0 0 0 22 0 0 0 0 0 94 0 0 0 0 0 0 72 0 0 0 0 0 0 0 0 0 0 46 0 0 0 0 0 0 0 80 38 0 0 0 0 0 0 0 24 0 0 0 0 0 0 0 0 16 21 0 0 0 0 0 0 0 82 0 0 0 0 0 0 0 0 0 43 0 0 0 0 0 0 0 0 39 0 0 0 0 0 37 0 27 0 0 0 57 0 0 41 0 0 64 0 0 0 0 94 0 18 0 0 0 0 0 65 0 0 59 0 66 0 0 0 0 0 25 0 0 0 0 0 79 0 0 0 0 0 0 0 97 0 0 0 0 0 0 0 99 0 0 0 0 0 88 0 0 97 0 0 0 95 0 0 58 84 0 0 0 0 0 0 0 0 0 0 0 0 0 0 0 0 0 0 72 0 0 34 0 3 0 0 0 0 0 0 65 0 0 0 60 59 64 0 0 0 36 0 90 0 0 0 0 0 0 0 41 0 0 17 0 0 0 0 87 0 69 0 0 0 0 9 55 78 0 0 52 0 0 0 0 0 0 30 0 0 0 19 82 0 0 61 0 0 0 0 0 0 0 0 0 68 0 47 31 0 32 0 0 1 0 16 0 91 0 0 0 0 0 0 46 0 0 0 0 0 0 0 0 0 0 0 0 60 0 0 0 0 0 0 0 0 22 0 0 0 62 0 0 13 0 0 0 0 0 0 0 0 74 0 0 0 0 93 69 0 0 97 15 0 16 0 0 0 0 73 0 32 0 0 0 0 69 0 0 45 0 20 32 50 0 0 0 0 0 0 0 91 0 85 0 0 0 61 0 29 0 0 0 0 0 0 0 0 0 0 36 20 0 0 0 15 56 0 11 0 0 0 0 0
36 0 0 0 0 0 52 0 0 0 0 0 0 0 0 0 60 0 0 0 0 0 63 77 8 0 0 0 0 47 0 29 0 55 28 0 0 0 0 0 0 0 0 0 5 0 0 0 0 76 0 0 0 0 0 0 0 0 0 0 0 0 0 32 22 0 0 0 0 1 0 88 0 0 0 0 84 0 0 0 0 29 22 12 0 0 0 0 76 0 74 0 1 17 15 0 64 8 0 0 0 0 0 0 67 0 0 0 0 0 0 47 15 0 0 0 0 62 0 54 22 0 13 0 0 0 0 0 0 80 0 0 48 0 0 0 0 0 0 0 0 1 0 0 0 0 0 0 0 88 0 34 0 0 0 0 81 79 89 0 0 0 0 0 0 0 47 51 0 26 33 0 0 0 26 0 0 0 0 0 96 0 0 0 8 0 0 0 0 24 67 0 0 0 0 0 0 0 0 0 0 84 0 0 0 30 31 40 0 40 0 0 53 0 0 99 0 57 16 8 0 0 0 0 81 0 0 0 0 17 0 0 91 0 41 0 0 0 0 0 0 0 3 0 0 0 0 0 0 0 0 0 0 0 0 0 0 0 51 0 0 0 0 0 36 0 0 0 0 0 0 0 0 0 37 45 0 0 0 13 0 0 0 0 0 54 0 80 0 0 55 0 0 0 0 68 0 0 58 0 0 0 0 0 34 0 0 0 0 0 0 0 0 78 0 0 0 47 0 77 52 37 0 12 0 0 96 94 66 0 0 0 0 0 25 0 0 0 0 69 99 0 0 0 0 0 82 51 68 78 42 58 0 21 0 7 0 0 0 0 0 39 0 0 0 100 45 0 13 47 51 6 39 0 0 7 0 0 0 0 0 0 58 51 0 0 0 0 0 0 0 0 0 0 78 0 0 21 0 0
0 51 0 0 0 0 0 0 0 0 0 0 0 0 0 34 0 53 95 63 45 0 0 0 43 0 0 0 0 0 0 0 0 0 0 0 0 0 0 0 0 0 0 62 0 48 0 0 0 77 0 0 0 0 0 82 0 18 0 0 0 0 74 0 0 0 0 0 0 0 0 0 0 0 0 0 0 39 0 0 0 26 0 0 59 0 0 90 0 0 0 59 70 84 0 0 0 53 0 0 37 0 0 0 0 0 0 0 0 41 0 0 0 77 0 0 96 0 46 0 0 0 70 25 0 29 0 0 0 0 92 0 0 0 0 0 96 78 0 0 0 0 0 0 0 79 46 0 0 86 34 0 0 0 0 0 0 0 0 0 74 48 72 63 0 42 0 0 61 0 43 0 0 0 0 0 0 0 0 70 0 0 0 0 23 89 0 0 96 0 0 0 0 0 0 90 0 0 0 0 0 0 0 79 0 2 0 0 0 0 0 0 1 0 1 92 0 0 86 0 0 0 0 0 0 0 0 0 0 0 0 0 0 45 0 0 0 0 0 0 0 92 0 0 0 0 0 0 0 0 0 0 99 0 0 0 0 0 0 0 0 0 0 38 0 0 0 0 0 53 76 0 0 20 2 0 75 33 0 0 0 44 0 0 0 0 0 0 0 0 0 0 0 0 0 33 0 0 13 0 0 0 0 0 0 0 0 0 0 96 0 0 92 98 0 0 0 0 0 0 66 0 5 0 28 84 52 0 0 30 32 0 0 0 16 0 0 0 0 0 0 0 0 0 0 0 0 0 0 0 0 0 0 0 76 9 0 56 0 0 0 0 0 0 0 0 19 0 0 0 0 0 88 0 28 0 0 0 0 0 0 0 0 0 0 0 63 0 0 0 0 0 13 0 0 1 0 0 0 0
0 0 0 18 0 0 0 85 76 95 0 0 0 0 0 42 56 0 62 0 88 92 34 0 69 0 0 0 0 0 58 0 18 0 0 3 0 0 0 0 39 4 0 84 0 0 0 0 0 13 0 0 0 0 0 0 65 0 6 0 0 0 0 0 0 0 0 0 0 0 0 75 0 0 0 0 0 35 23 0 0 0 77 0 0 0 0 0 0 0 23 51 0 0 23 0 0 18 0 0 0 0 48 18 0 39 66 0 0 0 0 0 0 72 68 88 0 0 0 0 0 0 0 0 0 0 0 94 0 53 0 0 0 0 0 0 42 0 72 0 0 0 0 35 0 0 10 0 6 0 0 0 0 40 0 0 27 0 0 72 0 1 0 0 0 0 0 0 0 0 0 0 0 0 0 59 41 0 0 0 41 0 0 0 0 0 0 0 0 0 0 0 27 0 72 0 0 0 0 55 0 0 0 0 0 0 0 27 0 0 0 1 0 63 0 0 0 0 0 0 0 83 0 0 0 0 0 0 0 0 0 32 0 46 0 0 0 0 3 0 0 0 43 39 0 0 0 0 0 0 0 78 2 0 0 0 85 0 0 0 0 0 0 0 0 98 98 0 0 0 0 0 0 0 0 0 0 45 0 0 0 48 0 0 0 85 0 0 0 0 0 56 0 0 83 0 0 20 0 0 0 0 0 92 0 0 0 0 85 65 0 0 0 0 61 0 0 0 0 0 64 0 0 6 14 52 0 0 0 0 0 0 0 0 0 78 81 0 0 0 0 0 23 0 0 18 75 0 0 0 52 0 0 0 0 0 0 0 91 0 12 0 0 20 0 0 12 0 42 0 0 0 0 61 0 49 0 0 29 0 0 0 0 0 0 0 0 0 0 0 0 79 0 6 0 0 0 0 55 0
0 0 0 0 0 44 0 0 0 56 0 0 0 0 0 0 0 0 0 0 0 100 0 80 0 0 0 74 19 0 0 0 0 0 0 0 0 0 0 0 0 0 0 0 83 0 0 30 6 0 0 0 0 0 0 0 0 0 0 0 0 94 0 86 0 0 0 0 0 0 0 0 0 43 0 0 0 61 51 0 0 0 0 75 18 55 0 0 0 98 0 0 2 0 96 0 0 33 0 0 0 0 0 0 75 0 0 0 0 69 0 0 55 0 0 0 0 60 0 0 0 0 53 0 0 0 98 0 0 0 0 0 72 64 0 14 65 0 0 0 0 30 0 31 0 0 0 0 0 0 0 0 0 86 0 0 0 0 0 0 19 0 0 0 0 0 0 0 0 0 76 39 59 0 0 0 0 56 0 0 0 0 19 76 0 0 26 0 0 0 14 0 21 0 0 0 0 0 0 0 0 0 0 0 0 0 0 0 0 0 0 0 53 0 0 0 0 0 0 90 0 0 0 8 0 0 0 0 0 0 0 0 68 0 0 0 38 0 0 0 0 0 0 0 0 91 0 0 0 0 0 0 0 0 0 0 0 0 0 0 0 0 0 0 0 49 0 0 0 5 91 0 13 0 0 67 0 82 25 0 0 0 0 0 0 68 0 0 0 0 0 0 0 40 87 50 0 0 0 93 64 51 0 0 21 10 33 0 0 28 0 0 0 0 0 93 21 0 0 0 69 0 0 0 0 0 0 0 0 1 0 41 0 0 0 15 0 0 0 0 0 71 0 0 0 47 0 0 0 0 0 0 0 0 1 0 0 80 0 0 0 98 0 0 40 0 0 20 45 0 0 0 0 96 0 82 28 0 98 8 0 87 0 0 0 0 0 0 0 76 0 67 0 0 45 0 0 0 0 0
0 0 0 0 0 0 0 0 0 0 0 0 0 0 0 21 21 0 0 0 0 1 0 0 0 0 68 0 39 0 0 0 0 0 0 0 15 72 0 0 0 2 0 0 0 0 0 72 0 0 0 0 0 0 0 0 0 0 0 0 0 0 0 0 0 0 32 0 0 0 73 0 43 0 0 0 70 0 0 0 14 0 0 0 0 0 0 0 0 0 6 0 0 0 0 13 0 0 0 0 17 0 0 0 93 0 0 32 0 0 0 0 27 0 28 0 0 0 36 0 69 0 0 0 0 0 0 0 0 0 0 78 45 0 0 0 0 0 0 0 0 0 13 0 0 29 0 78 39 0 0 0 0 0 8 0 14 69 0 0 63 0 6 0 0 0 26 0 0 0 0 0 0 0 0 0 7 0 0 0 68 30 0 83 10 0 0 0 0 0 4 0 0 0 0 0 0 0 82 100 0 0 0 73 0 0 0 0 44 86 44 0 0 93 0 65 0 0 0 33 0 0 0 0 0 0 0 0 0 0 6 54 0 0 0 27 0 56 0 42 0 0 0 0 90 0 0 50 0 0 0 0 0 0 0 0 0 0 0 6 0 0 47 0 0 0 17 83 0 0 0 0 82 65 0 0 0 0 0 0 71 0 13 0 0 0 0 0 0 0 0 0 0 0 0 0 96 0 0 0 0 0 23 0 0 0 70 0 0 0 0 0 0 0 0 0 0 98 49 0 19 0 70 49 0 0 0 0 0 0 0 0 0 0 0 0 0 47 0 0 0 69 79 0 89 52 56 0 76 0 0 0 0 33 0 0 0 0 0 1 44 0 88 21 0 54 89 0 0 29 0 0 0 0 0 0 0 33 0 0 0 0 0 44 73 90 0 0 0 94 0 0 0 74 0 0 0 0 0 0
0 0 0 0 0 0 40 0 0 0 0 0 0 28 20 0 29 0 62 0 90 0 0 0 0 0 0 0 73 49 0 36 0 81 0 72 0 8 26 82 0 17 0 0 5 34 0 0 0 32 0 74 89 0 0 14 0 0 0 0 0 62 0 0 0 28 77 0 0 0 0 0 0 0 0 0 0 0 0 0 0 17 0 84 24 23 0 0 0 86 0 0 0 0 0 44 0 0 0 0 93 0 0 0 73 0 0 0 0 54 0 0 0 0 0 0 0 71 0 0 0 0 0 0 30 81 0 25 0 1 95 0 0 0 0 0 0 0 0 0 0 0 0 0 0 0 0 53 49 0 0 0 72 0 85 0 26 0 0 0 100 0 0 0 82 0 0 0 0 85 16 0 0 0 0 0 0 0 0 0 0 0 0 0 0 0 0 0 28 17 0 0 0 56 47 0 0 13 66 0 29 0 0 0 0 0 0 0 0 0 31 65 0 0 0 27 0 0 0 0 0 2 0 0 0 0 0 6 0 0 0 0 0 0 0 0 0 0 0 33 0 0 0 0 52 0 60 0 87 48 79 16 23 0 0 0 0 0 0 0 0 15 0 0 0 0 0 97 0 0 0 34 0 0 0 39 0 0 0 15 0 0 0 0 65 0 0 0 35 0 0 0 0 52 0 58 0 0 0 0 0 0 0 0 1 0 0 0 0 0 0 32 0 0 0 100 12 0 0 0 0 0 49 40 0 0 0 0 0 31 0 0 0 0 0 56 0 0 0 0 0 0 16 0 0 33 0 51 0 67 0 0 0 0 81 0 0 2 0 0 1 0 38 62 0 0 0 0 0 80 0 69 0 0 0 0 0 0 0 0 0 0 0 0 0 0 0 0 0 0 94 0 17 0 0 0 0 0 77 0
0 0 0 0 0 0 0 0 0 0 0 0 0 51 0 0 81 0 84 0 0 0 0 0 0 0 0 0 0 2 57 0 0 0 0 0 0 0 0 0 0 2 23 0 0 24 0 96 0 0 0 0 0 80 0 0 16 0 46 0 0 0 0 0 0 0 0 0 60 0 0 0 0 0 0 55 0 0 7 70 75 98 0 0 0 0 0 0 0 0 0 66 0 0 0 0 0 0 11 38 0 0 0 0 92 0 0 0 0 0 0 97 0 0 0 0 0 0 0 0 81 0 4 0 0 0 0 0 0 17 0 0 0 0 0 0 0 58 0 0 0 0 0 0 15 0 0 0 0 55 14 35 0 0 0 0 0 15 0 0 0 0 0 0 0 0 0 0 0 0 0 0 0 83 0 43 0 0 0 0 0 81 57 0 18 0 28 0 51 13 0 0 0 91 77 0 44 63 0 0 0 0 0 0 0 0 0 56 0 0 0 15 0 0 0 0 0 0 0 0 0 0 76 0 0 71 0 0 0 0 0 0 85 0 0 0 31 0 0 0 54 0 0 8 83 0 0 0 2 0 26 0 0 0 0 8 0 0 24 0 0 42 0 0 0 0 7 0 0 61 0 0 0 0 1 4 0 0 0 8 0 0 0 0 22 6 79 0 0 0 36 0 0 0 0 0 0 0 0 0 26 0 12 0 0 0 0 0 0 0 0 0 0 93 0 0 0 0 0 0 18 0 0 65 4 0 27 0 0 0 75 92 0 0 0 0 0 0 0 49 0 44 0 6 0 0 0 44 0 0 0 0 67 0 0 0 0 0 0 0 0 0 0 70 0 0 0 0 0 0 0 0 67 0 0 0 0 48 8 0 0 28 0 0 0 0 0 82 0 0 0 0 0 0 0 0 0 0 7 93
3 0 0 0 96 0 93 0 0 0 0 0 58 98 0 0 0 55 44 0 56 0 73 71 0 0 0 0 0 0 0 62 0 0 0 0 0 0 0 0 72 0 46 0 0 0 0 0 90 0 27 0 0 0 0 0 28 0 0 0 77 0 38 77 0 0 0 0 72 0 100 0 0 0 0 0 0 0 0 0 6 39 0 0 0 0 0 16 0 0 0 52 0 29 0 0 0 0 0 0 0 0 0 0 0 0 0 82 0 0 46 0 0 49 0 0 0 0 54 0 34 0 0 0 0 0 0 0 28 0 0 0 0 56 0 0 0 0 50 0 0 0 0 0 0 60 0 0 0 0 0 0 0 0 0 92 0 0 0 0 0 0 0 0 0 0 0 50 0 0 0 95 0 0 78 0 0 0 0 0 92 0 0 23 0 0 0 0 0 7 0 10 0 0 89 0 0 0 51 0 0 31 0 0 77 0 0 0 9 18 0 51 17 0 8 0 22 0 44 0 0 0 50 0 47 65 0 34 0 0 10 0 0 34 24 9 0 94 87 1 28 0 28 0 0 60 0 61 96 0 0 0 0 0 0 0 0 24 0 0 0 0 0 0 0 47 0 9 0 0 0 0 0 0 0 0 0 0 90 0 0 0 0 0 0 0 0 0 62 0 0 0 46 0 0 0 14 0 0 67 0 0 0 0 0 0 0 0 0 74 0 89 0 0 0 0 0 0 0 64 0 0 0 0 0 0 0 0 0 0 96 0 0 0 0 0 0 58 0 0 0 95 70 0 19 0 0 0 0 0 0 21 0 59 0 0 27 0 0 95 15 0 0 26 0 0 0 0 39 89 15 0 0 81 75 79 0 0 0 0 0 0 0 0 16 0 19 0 0 0 0 0 0 0 0 0 0 0 0 24
0 16 0 47 0 0 0 0 17 0 79 0 0 48 0 0 87 0 0 38 0 0 37 0 0 89 0 41 0 0 27 0 0 0 39 87 0 0 0 0 0 28 0 0 0 0 0 0 0 63 0 0 97 0 0 32 0 0 0 0 0 0 96 0 0 0 0 36 0 0 0 0 0 0 0 0 0 0 5 8 0 0 99 0 0 0 0 51 0 0 0 0 0 0 0 0 0 0 0 16 0 0 0 0 63 0 22 21 0 0 0 0 0 89 0 0 0 0 32 15 83 0 0 35 0 0 0 0 54 0 0 0 0 0 0 18 91 0 0 78 62 0 0 0 0 0 0 0 0 0 75 5 0 0 0 0 0 0 25 88 0 0 0 0 0 10 0 0 6 0 0 0 0 0 0 0 0 42 79 0 0 0 0 0 0 0 0 0 0 0 0 0 0 0 21 0 0 0 0 20 0 0 0 94 0 0 63 81 0 69 0 87 0 19 0 0 0 0 0 0 0 0 0 0 81 42 50 0 0 0 50 16 50 22 0 0 0 0 0 0 0 0 0 0 10 0 0 0 0 0 0 0 0 4 0 13 70 0 0 0 0 44 4 0 0 0 0 0 0 65 0 0 0 0 67 0 0 0 0 0 0 0 0 37 0 0 60 0 0 0 0 0 0 0 0 30 0 0 0 0 0 0 92 0 0 39 0 40 78 0 0 75 63 0 0 10 52 0 0 0 0 0 0 0 0 98 0 0 0 55 0 0 0 0 0 0 0 0 0 3 19 0 0 0 0 0 0 0 4 41 0 0 39 63 0 0 18 0 0 34 74 0 0 0 0 0 29 0 0 0 0 0 0 0 0 0 0 0 17 0 68 0 0 0 0 0 0 0 0 0 0 0 18 0 0 0 0 49 0 0
0 0 0 0 0 0 0 0 0 0 0 0 60 0 0 0 0 0 35 93 0 0 25 0 29 0 0 0 0 0 0 0 0 25 0 0 0 0 0 0 67 0 0 0 0 95 0 0 0 0 57 0 0 0 0 0 0 0 0 4 0 0 0 0 0 0 0 46 58 4 20 0 0 0 0 0 0 23 0 0 0 0 0 0 81 85 0 45 24 0 0 0 0 0 76 0 0 0 26 94 98 0 0 66 69 0 33 96 0 0 6 0 0 0 0 0 0 65 0 0 0 91 81 0 0 77 0 0 0 0 0 9 0 1 0 0 0 0 0 0 0 0 0 0 0 0 0 57 0 0 86 0 80 0 59 0 0 0 0 0 0 0 0 0 0 0 0 82 0 0 0 0 0 9 0 0 0 0 0 0 0 0 0 19 0 0 0 0 74 0 13 0 0 9 0 0 0 84 30 65 0 0 82 0 0 0 0 75 95 68 1 0 55 0 0 0 83 0 0 0 0 0 61 0 55 0 0 0 34 0 0 0 0 0 0 98 0 0 64 0 48 0 0 0 0 0 0 0 0 0 26 73 0 0 0 0 0 0 0 0 0 0 0 0 0 11 0 0 17 54 0 0 90 0 0 100 0 0 35 80 0 71 0 0 0 0 0 0 0 0 13 35 0 26 0 0 0 0 0 0 0 0 35 0 0 0 0 0 55 61 0 32 86 0 89 72 0 0 0 0 0 0 0 0 0 94 0 0 0 0 0 0 0 0 0 0 0 0 0 0 0 85 29 1 0 0 0 0 0 0 0 0 0 0 85 0 0 0 37 0 97 64 0 0 0 0 0 0 0 0 0 0 31 13 78 88 33 100 68 0 0 0 74 59 0 43 74 0 0 0 0 0 0 0 4 0 0 0 0 0
0 0 0 0 0 0 0 0 0 96 52 0 79 14 0 77 0 0 0 0 0 0 0 0 100 0 2 0 0 0 0 0 0 0 9 0 0 0 0 0 0 0 0 0 0 0 84 0 0 7 0 0 0 63 8 22 0 0 55 42 27 0 0 0 0 0 52 0 0 0 96 0 0 0 0 0 30 0 0 0 0 0 8 13 15 0 88 1 0 0 0 0 86 0 32 0 0 0 0 0 0 0 38 0 0 34 51 0 0 0 0 0 94 0 0 59 0 0 0 0 0 90 53 0 0 0 0 0 89 0 70 0 0 0 0 0 0 54 0 69 0 0 0 0 0 51 0 39 100 0 0 9 0 0 0 0 0 8 0 94 0 74 0 0 95 72 69 0 0 79 52 0 0 0 0 57 0 0 16 81 26 0 0 0 0 0 0 0 62 0 0 0 0 0 0 56 0 43 0 0 21 0 0 0 97 0 0 0 25 0 0 0 0 89 0 0 0 96 0 48 33 0 0 11 0 0 41 41 0 0 0 72 0 0 0 0 16 32 0 0 0 0 0 0 0 66 76 26 0 0 16 0 0 0 0 0 0 0 0 88 0 0 0 36 0 31 0 63 0 100 0 0 0 92 27 0 0 0 0 0 0 0 0 0 0 0 0 0 0 0 0 0 0 0 31 0 0 0 0 19 0 0 0 0 0 0 0 0 0 75 0 0 24 93 0 77 0 0 0 0 70 0 0 70 0 0 0 0 71 51 0 79 4 17 9 0 0 0 0 71 0 0 88 0 0 0 64 0 90 0 0 92 0 0 0 0 0 0 0 28 0 0 0 49 0 54 0 0 90 0 22 0 0 0 0 0 0 0 0 0 19 0 95 0 0 24 78 38 0 0 0 0 88 0 0 94 0 0 0 0
0 50 0 0 0 0 0 0 0 75 0 0 0 0 11 0 0 0 0 0 97 0 4 0 0 0 0 0 27 0 0 0 0 0 0 0 0 77 0 12 0 0 75 0 3 48 53 0 0 0 0 19 0 0 0 0 0 0 65 44 0 0 0 0 16 0 0 27 0 0 0 0 97 0 0 0 0 0 0 0 0 0 0 0 0 78 85 0 19 0 89 0 0 0 0 0 0 0 0 0 61 0 83 0 0 37 0 0 0 42 0 0 0 84 0 0 0 0 26 0 75 18 11 0 0 0 0 0 0 0 0 0 0 74 0 29 0 0 28 38 0 0 0 0 0 66 58 0 0 0 0 0 0 0 0 71 0 22 0 94 79 2 83 32 0 0 92 0 0 0 0 0 0 0 0 0 72 0 93 0 0 46 0 34 0 0 0 0 20 0 0 0 0 0 0 0 0 31 74 0 0 0 0 0 84 0 28 0 14 61 36 0 0 20 0 0 47 0 0 0 0 27 0 0 30 5 52 0 0 0 0 0 0 26 0 99 0 77 0 39 0 0 0 0 0 61 44 10 44 8 0 0 90 0 0 0 55 0 0 58 34 92 0 0 29 0 0 19 0 0 0 0 0 0 0 0 0 0 0 0 0 0 0 72 0 0 0 68 0 3 0 61 18 0 7 0 13 0 0 0 0 0 0 0 0 81 0 0 0 0 0 16 0 44 0 0 6 0 72 0 92 0 0 0 0 0 0 0 0 0 0 0 68 0 0 0 0 0 0 0 0 0 0 0 0 0 0 0 0 0 0 0 0 0 90 46 37 0 0 87 0 88 82 0 0 0 0 0 61 0 0 72 0 0 0 0 0 0 24 0 92 0 0 0 13 0 0 0 86 0 0 97 0 0 0 0 0 0 6 0
0 0 95 22 0 0 0 55 0 0 0 0 35 0 0 2 0 0 0 90 0 79 0 0 0 0 0 20 0 0 0 0 49 34 0 0 0 16 0 0 0 0 0 0 67 0 33 0 0 0 5 0 0 0 0 0 0 0 0 0 0 0 0 0 12 0 0 0 0 0 0 0 0 77 0 39 0 0 0 0 78 0 0 0 0 81 0 0 0 0 0 89 0 92 0 0 99 0 0 49 0 0 0 0 0 0 0 0 0 25 0 0 0 1 0 0 0 0 63 23 0 0 0 65 0 0 0 93 44 0 0 0 0 0 36 41 0 0 76 0 0 0 93 6 33 31 0 0 0 0 97 0 0 0 0 0 37 74 0 0 0 0 0 0 0 0 0 99 79 53 81 0 0 0 0 0 0 0 0 0 0 84 0 0 0 0 0 0 0 0 8 0 0 0 0 0 100 0 0 0 79 0 0 0 0 0 0 0 86 0 75 0 0 49 0 0 0 0 94 86 0 0 0 74 0 99 24 0 0 0 0 0 0 0 0 0 0 43 0 0 0 0 0 0 0 0 0 0 0 54 0 0 0 0 0 0 0 0 0 52 0 0 0 0 0 0 21 0 0 0 0 11 0 0 0 0 0 37 0 40 0 0 0 47 0 0 10 0 0 0 32 0 0 81 0 0 0 0 0 0 0 0 0 0 0 0 0 0 0 0 0 0 0 0 0 0 0 45 0 9 91 0 0 0 0 0 0 0 0 0 0 0 0 77 0 0 0 0 0 0 0 0 49 0 0 0 68 0 0 0 0 0 0 0 0 66 0 25 0 0 0 0 43 36 0 0 0 0 0 0 0 0 63 0 0 0 0 0 0 28 0 86 0 0 0 0 26 0 0 0 0 0 0 0 0 0 0 0 0 0
0 0 0 80 81 32 57 28 0 0 0 44 0 58 0 0 0 76 64 67 0 0 72 0 62 0 0 0 0 0 0 0 54 0 0 0 0 0 0 0 0 0 0 0 0 0 0 59 0 0 13 67 9 0 23 88 0 0 0 21 0 0 0 0 0 0 0 0 0 0 0 0 0 67 0 0 0 0 0 0 16 0 0 0 0 0 0 0 37 0 70 0 1 0 0 89 0 20 0 0 91 0 0 5 0 73 0 0 0 0 0 60 0 0 0 0 0 55 0 0 28 25 0 70 0 0 0 0 0 0 0 0 0 0 0 88 0 0 0 0 0 0 0 71 0 0 0 0 0 68 0 0 0 0 0 0 0 11 98 0 0 0 74 0 0 75 0 0 79 0 0 0 64 0 0 0 0 0 0 0 18 0 0 0 0 0 0 12 0 0 0 0 0 0 0 0 0 43 2 0 0 0 8 72 0 0 0 0 0 0 45 0 31 32 17 0 0 19 90 90 0 92 0 0 0 58 0 0 0 0 0 0 66 0 21 0 3 0 0 0 0 0 0 0 7 0 0 0 0 78 61 0 78 0 0 0 0 98 0 0 15 0 0 0 84 68 50 88 0 70 0 0 0 5 38 99 0 0 0 0 0 0 87 63 0 0 0 0 0 0 0 0 0 0 0 0 0 45 0 71 0 0 0 0 0 0 82 0 0 0 0 0 0 0 0 0 0 80 23 55 0 0 0 26 0 23 0 0 0 0 0 0 0 0 50 53 0 0 0 0 0 59 31 0 78 42 0 48 81 0 0 0 0 0 81 11 0 51 0 0 24 21 0 0 0 0 0 0 0 66 73 58 79 0 0 0 0 0 0 0 0 0 20 0 0 0 0 0 0 0 0 0 0 0 0 0 0 0 0 94
55 0 68 33 0 0 0 0 0 0 0 59 48 11 85 54 0 0 29 0 0 57 33 0 68 0 0 0 0 22 0 0 29 58 0 0 0 53 0 0 42 0 0 26 0 0 0 0 0 0 0 99 98 0 0 0 0 67 0 0 0 6 0 0 0 0 0 59 0 0 0 0 0 0 0 0 0 95 2 61 0 0 0 0 0 58 0 0 0 0 35 90 94 66 51 0 0 6 0 0 0 0 0 87 26 2 0 0 0 0 0 0 16 0 0 0 0 88 0 0 0 0 0 23 0 0 0 0 0 0 0 1 0 0 0 0 0 44 0 0 0 0 0 83 0 0 0 0 39 0 0 0 0 47 0 0 0 8 0 61 61 0 0 0 0 0 0 27 0 0 11 0 0 0 0 100 30 0 10 0 0 0 0 0 95 0 0 0 0 0 0 0 0 38 0 30 0 0 32 0 0 56 0 0 0 0 0 0 0 0 0 0 0 33 62 0 0 0 5 0 0 59 0 0 0 0 64 16 0 0 0 0 51 0 0 0 0 0 0 46 0 0 0 18 0 21 0 0 0 0 43 0 0 0 0 0 0 0 6 0 0 0 0 39 0 0 51 0 0 0 16 0 32 0 0 0 98 63 0 58 44 19 16 0 58 0 89 0 0 0 0 0 0 0 58 0 0 0 0 0 0 8 0 9 0 0 0 0 0 0 0 82 39 0 0 41 0 0 0 0 0 61 0 0 0 0 35 0 0 0 35 0 0 100 0 0 0 0 87 46 55 0 0 21 0 0 0 0 36 0 0 19 0 46 0 0 0 0 0 44 0 0 0 0 0 57 0 0 53 0 0 59 93 0 0 0 67 65 96 65 0 0 3 0 67 0 0 54 0 0 0 0 0 0 0 34 54 0 0 0
0 3 0 0 76 0 2 0 0 0 0 83 0 0 72 0 0 0 0 53 0 0 0 0 0 0 0 6 0 0 0 0 0 1 0 0 0 0 0 0 0 42 50 0 0 0 0 0 0 0 66 17 0 0 0 0 0 0 0 17 0 0 0 0 62 0 0 0 34 0 0 0 19 0 0 0 88 0 0 0 0 0 0 0 0 0 0 0 0 87 32 0 0 7 0 0 64 0 88 0 0 0 53 2 0 0 80 0 95 72 0 0 0 16 0 0 0 0 0 0 0 0 0 0 0 0 10 0 0 0 0 100 0 0 0 53 0 63 0 0 51 0 92 0 0 65 0 0 1 0 0 0 0 59 0 13 0 0 71 0 0 37 0 0 0 0 0 0 13 0 0 0 0 0 0 0 0 0 0 0 0 0 5 0 0 77 0 12 61 68 0 35 41 0 0 95 91 0 0 11 33 0 0 0 82 0 0 62 0 0 0 0 0 0 12 64 57 83 0 0 0 0 0 0 0 0 4 29 0 0 0 0 72 59 0 0 7 0 0 67 9 0 65 0 0 25 43 0 0 10 0 0 30 0 16 0 0 0 0 0 0 0 0 29 68 59 0 0 0 0 0 0 0 0 71 0 0 0 0 18 0 0 0 0 0 0 0 0 0 0 64 0 0 0 0 66 0 0 0 0 0 0 0 0 0 52 0 0 72 0 45 64 0 0 0 0 0 0 0 0 0 0 0 33 0 0 36 79 0 91 0 0 0 0 0 55 0 0 0 0 0 0 0 20 0 0 0 17 85 39 76 0 0 0 0 0 0 25 0 0 74 0 14 0 94 0 0 0 0 31 0 0 45 0 0 0 0 0 0 65 0 0 91 0 0 0 0 0 0 61 0 0 85 0 0 0 0 0 0 0
0 13 0 0 0 0 0 0 0 0 0 0 0 0 0 100 97 97 0 0 0 0 0 0 9 0 0 0 28 0 0 0 0 0 91 94 0 26 0 0 30 87 0 0 0 0 0 80 0 0 0 0 0 0 0 0 0 0 0 0 0 0 0 0 0 0 68 86 12 0 0 0 0 0 0 0 0 0 0 0 38 0 2 0 0 0 3 0 0 0 0 42 75 0 0 0 91 0 0 0 0 0 37 0 0 0 0 0 1 0 0 0 0 0 88 86 0 0 0 0 39 0 0 0 0 0 0 0 33 0 0 0 18 12 6 0 0 91 10 0 0 0 0 0 0 0 56 0 17 0 0 0 0 0 0 0 0 0 0 81 0 0 0 0 92 0 9 0 0 0 15 0 0 0 0 0 0 0 0 0 0 0 0 0 0 0 0 0 0 0 0 0 0 92 0 0 0 78 0 0 0 0 0 0 0 0 0 0 0 0 0 0 0 0 0 0 0 0 0 0 0 0 81 0 0 0 95 0 10 1 0 0 0 0 0 92 0 30 0 0 0 0 0 0 29 0 0 0 0 0 0 0 77 0 50 0 11 70 23 0 0 0 0 0 0 0 0 0 80 0 0 24 0 0 0 0 0 2 11 0 42 0 2 0 0 53 0 67 0 0 0 5 32 0 0 0 0 0 0 0 0 0 0 68 0 0 66 36 0 16 0 0 0 0 0 42 0 0 0 47 0 0 32 0 6 0 0 0 0 0 10 0 22 0 41 0 0 0 0 0 0 0 0 45 0 0 0 34 0 0 0 98 0 13 65 0 90 0 0 34 0 0 48 0 0 19 15 0 0 0 0 0 0 100 0 0 0 0 0 35 70 0 0 0 0 0 0 0 0 62 0 0 0 0 0 0 32 0 0 49
0 0 0 0 0 0 0 0 0 0 0 54 0 0 0 0 0 0 0 0 95 0 0 0 0 81 0 0 0 83 0 0 0 0 0 0 0 0 0 0 0 0 0 0 0 35 0 0 0 52 0 77 0 0 0 0 26 0 0 0 0 0 0 0 0 0 0 0 0 56 0 0 0 0 0 0 0 0 0 0 70 0 0 0 0 0 0 0 0 0 51 0 0 0 76 0 0 34 31 0 0 0 84 0 0 17 8 0 0 0 0 0 0 0 0 0 0 0 7 28 0 0 0 17 64 0 0 0 0 0 0 10 0 0 82 0 0 0 0 0 60 0 0 1 0 0 0 0 93 0 0 0 0 0 0 3 60 0 0 0 0 0 0 0 0 0 0 40 0 73 0 0 20 79 0 0 63 0 0 0 0 0 0 0 78 0 88 0 0 43 0 0 0 0 0 0 0 0 0 0 0 0 22 0 0 0 0 0 0 0 0 0 0 0 0 0 0 5 0 0 0 0 0 0 88 25 65 0 0 0 0 0 0 0 0 0 0 0 0 0 0 0 19 0 0 0 0 0 23 0 0 90 0 56 0 60 0 0 0 7 0 0 0 91 67 0 0 0 49 23 0 90 0 98 0 0 46 46 0 0 0 0 0 26 0 0 0 0 82 0 0 9 0 0 0 0 0 39 0 0 55 0 0 0 1 0 36 0 0 0 0 0 0 0 0 0 0 97 0 79 0 54 0 0 0 86 0 0 62 0 0 0 0 0 6 59 54 6 0 0 0 0 82 0 0 1 2 0 0 61 0 0 0 0 0 0 0 100 33 0 0 0 91 0 0 0 90 0 0 0 0 0 72 0 44 8 0 0 0 0 0 85 0 0 0 83 0 0 0 0 0 0 0 57 0 0 0 0 28 0
51 0 0 0 0 0 0 0 0 0 0 23 0 0 0 0 0 0 0 87 0 0 0 0 0 0 0 0 0 0 58 3 0 0 0 0 0 0 0 0 0 0 0 75 0 0 0 0 45 53 0 0 0 0 0 59 0 21 0 0 0 0 0 0 96 0 96 0 0 47 0 0 0 0 0 80 21 60 66 0 0 0 20 0 46 0 0 0 0 0 0 0 0 13 0 76 0 0 0 27 26 31 0 0 0 0 89 0 0 89 0 0 0 0 7 0 0 9 0 82 0 0 0 0 0 0 0 0 0 0 0 0 0 0 0 0 0 0 0 0 60 82 0 0 0 0 0 0 0 0 0 0 0 0 0 35 0 0 33 0 0 0 91 0 14 80 38 2 0 0 0 0 0 27 0 0 63 0 69 0 23 62 0 0 0 0 0 40 0 0 8 57 42 0 0 0 55 0 0 0 0 0 4 42 67 0 0 0 0 0 24 83 0 0 0 26 0 0 0 29 0 21 0 67 58 0 34 0 0 0 0 56 0 34 100 0 0 60 0 0 24 0 11 90 35 85 0 0 97 0 0 0 0 0 0 0 0 0 0 80 13 0 0 0 0 0 0 0 0 0 0 85 0 0 0 48 33 0 21 0 0 0 92 0 0 0 29 90 0 0 0 0 0 0 0 48 64 0 0 20 76 0 0 0 62 48 0 0 0 0 75 65 0 48 0 8 66 0 0 0 10 0 81 0 0 0 0 0 0 0 72 0 34 0 0 59 0 0 0 0 58 98 0 0 0 0 0 0 0 0 67 0 0 96 0 0 56 0 0 98 0 0 0 0 65 20 0 0 0 0 0 0 0 0 0 0 0 0 0 0 0 0 0 90 0 0 61 17 0 0 79 0 0 0 0 0 0 53 0 0
0 0 0 30 71 0 0 0 15 0 0 0 0 85 0 0 22 0 0 0 0 0 0 0 0 43 0 16 0 0 0 76 0 0 96 0 0 0 37 0 14 0 0 0 0 0 0 0 0 0 0 0 0 0 0 0 0 0 0 33 0 0 74 0 0 0 0 0 0 0 0 0 23 0 0 25 0 20 59 0 81 0 53 0 6 0 92 0 0 0 0 0 64 0 0 0 0 0 0 0 0 26 0 0 0 0 0 66 0 0 3 0 0 14 0 7 26 0 0 0 0 0 0 0 0 0 0 71 0 0 0 0 0 0 33 0 20 0 0 0 0 69 0 0 0 0 0 0 0 0 66 97 21 0 60 0 0 2 0 0 0 0 63 0 0 0 0 0 0 0 0 0 0 0 0 0 0 0 0 0 0 0 0 8 0 0 38 0 0 0 0 0 83 0 61 0 0 87 0 0 0 0 0 0 59 0 25 0 0 0 0 0 0 0 84 0 70 0 0 0 0 0 0 0 0 97 0 0 0 0 0 0 62 0 0 0 0 0 0 0 0 63 0 0 0 0 0 0 0 34 75 0 0 0 0 0 13 0 0 0 0 60 0 0 39 45 0 52 0 0 0 0 0 0 0 0 0 0 4 61 68 0 0 0 60 0 0 0 0 0 0 7 93 0 0 0 0 47 0 0 0 0 0 78 42 0 0 0 0 0 50 0 43 0 0 0 5 0 0 49 97 9 0 0 0 0 0 0 97 39 0 0 42 0 81 0 0 67 0 8 0 0 49 0 8 0 73 0 0 0 74 0 0 0 0 0 0 0 0 58 46 0 25 0 42 0 0 0 0 0 0 0 0 0 0 61 0 0 0 0 76 89 0 0 0 0 0 50 0 0 54 0 0 0 0 0 67 0 0 0
0 0 93 0 0 0 0 66 0 0 0 0 0 0 0 27 0 0 0 0 0 0 94 0 17 0 0 0 0 0 0 0 0 0 0 0 0 90 0 93 0 0 0 0 65 0 0 0 0 80 0 87 0 16 96 0 0 0 98 0 0 0 79 0 0 0 0 0 0 11 0 0 0 0 0 33 0 0 0 0 0 0 95 0 0 0 0 25 0 0 29 0 0 0 0 0 0 0 0 0 0 0 0 63 0 0 93 0 32 0 0 0 0 0 0 0 0 41 43 0 41 0 82 0 24 0 86 0 59 39 0 0 0 0 76 0 0 0 0 86 0 0 97 0 0 0 28 0 0 0 0 0 0 54 0 0 0 0 0 0 0 0 81 0 0 0 0 0 3 0 0 0 24 0 0 0 0 0 0 0 0 0 0 0 43 25 0 0 0 0 91 0 0 0 0 14 0 0 0 0 97 4 0 0 98 0 0 0 0 0 0 0 0 0 0 0 0 0 0 0 0 54 0 51 0 13 0 0 0 0 0 0 0 0 0 70 94 64 2 39 0 0 0 0 36 0 0 27 98 0 22 0 0 0 0 26 0 0 0 0 0 0 0 0 0 89 0 35 0 0 93 91 0 10 47 0 0 0 0 0 0 0 0 0 0 67 0 0 0 0 0 0 63 90 0 0 85 0 0 0 0 0 99 0 0 0 72 0 95 88 0 0 55 0 0 0 20 0 0 0 0 0 0 2 77 0 0 0 0 0 0 74 18 0 0 0 0 0 0 0 0 0 0 0 0 0 0 0 0 0 0 0 12 0 27 0 68 0 0 0 0 0 0 34 47 0 0 0 33 10 0 0 0 42 0 0 0 62 0 0 0 0 39 0 0 0 0 0 0 0 59 0 0 41 0 0 0 0 53 0
96 0 0 0 34 0 0 0 0 0 97 0 0 84 0 27 0 0 100 0 0 96 0 0 0 0 0 0 67 0 0 0 4 0 0 0 0 0 0 0 0 0 0 0 0 0 31 76 0 0 0 0 0 0 0 0 0 63 0 23 0 100 0 0 0 0 0 0 0 73 0 0 0 0 2 62 0 0 0 87 0 14 0 0 0 37 0 0 15 52 0 0 0 0 0 0 0 0 0 0 0 0 0 12 0 79 0 0 0 0 0 7 0 0 0 38 0 0 0 0 53 0 0 62 0 63 0 0 57 0 0 0 0 0 77 44 0 0 0 0 0 68 49 0 0 0 29 0 0 0 0 70 0 0 0 88 0 77 0 0 0 17 0 0 0 0 0 0 0 70 0 0 35 0 76 0 0 0 23 0 0 94 85 26 0 0 0 0 0 0 73 0 0 0 0 0 32 0 0 0 0 65 0 0 0 75 14 77 0 76 0 0 0 0 0 0 0 0 0 0 0 0 67 0 0 0 0 0 0 0 17 0 32 0 0 0 31 0 0 0 0 0 64 0 0 0 0 0 0 0 0 0 0 0 26 0 35 0 44 0 0 0 0 0 0 0 0 0 0 0 94 0 0 0 33 0 0 0 0 26 22 0 0 0 0 55 0 0 0 0 0 0 0 0 0 0 0 0 0 0 0 0 0 21 0 0 97 0 0 54 0 0 54 0 0 0 0 85 79 0 10 0 0 0 0 0 0 0 0 43 66 0 0 0 61 0 0 0 79 0 0 0 0 0 0 0 0 0 45 0 0 88 0 0 43 0 0 0 31 0 0 0 0 3 0 0 78 0 0 0 0 0 36 71 0 0 0 0 61 90 0 0 0 0 0 34 0 17 0 76 0 90 61 0 78 87 20 0 0 0
2 68 0 0 6 77 0 0 0 0 0 0 0 0 0 0 0 0 0 0 84 30 0 0 0 0 0 0 0 0 0 52 0 0 0 6 2 12 0 0 10 0 0 0 0 0 0 69 0 0 0 52 0 0 0 0 91 0 65 0 0 0 0 51 38 0 0 11 24 0 0 0 0 0 0 22 0 0 0 6 94 0 0 0 0 37 0 97 0 0 0 34 0 0 6 0 0 21 0 0 0 0 0 0 0 0 0 0 100 0 4 66 0 0 0 0 0 77 0 0 0 0 0 0 84 0 0 84 0 0 0 0 0 42 0 5 0 0 0 0 49 0 0 0 0 0 0 23 0 0 89 0 0 0 0 0 0 0 0 67 78 0 0 0 58 0 0 89 0 0 0 0 0 0 0 0 0 0 0 0 95 0 0 0 0 36 22 0 6 48 20 0 0 0 34 0 0 0 62 0 0 0 47 0 0 0 0 0 0 0 0 0 0 0 37 0 1 0 0 0 0 0 25 0 0 0 0 36 23 0 0 0 0 0 0 25 62 9 0 0 0 34 0 0 60 0 0 0 0 0 0 32 0 0 0 0 0 94 30 0 0 0 0 0 0 0 9 86 0 95 94 0 0 92 0 0 0 0 0 62 0 0 0 0 0 0 44 0 0 0 50 0 0 0 67 0 0 30 69 0 0 0 0 0 0 0 0 94 0 0 0 0 0 0 0 0 0 0 0 2 0 0 0 0 0 15 0 56 0 0 0 0 0 0 0 0 0 0 0 7 76 84 0 0 18 0 97 0 0 0 0 0 90 56 0 53 85 0 0 0 89 0 67 0 0 0 13 0 94 0 0 0 82 0 0 0 0 0 0 58 0 46 84 31 0 96 0 38 0 4 0 0 22 0 0 0 35 30 0 0
0 35 23 0 0 0 0 0 0 0 0 9 0 66 0 0 29 0 43 0 0 0 4 0 0 94 0 0 0 0 0 0 0 32 39 0 0 99 58 0 0 0 0 0 0 0 0 0 0 0 0 0 75 0 0 0 87 50 0 0 0 74 0 0 0 70 0 53 0 0 0 0 0 0 82 0 26 0 0 0 0 90 0 20 0 0 0 0 0 67 0 0 0 80 60 0 0 0 30 0 0 0 0 83 0 0 0 0 0 3 0 0 0 0 0 0 5 35 0 0 96 0 0 32 39 0 0 0 0 87 0 0 0 0 0 0 0 0 0 0 0 30 50 0 0 0 0 0 14 21 0 39 23 0 0 0 0 0 0 0 0 0 0 0 0 0 0 0 0 0 0 53 0 0 0 0 0 0 0 0 0 0 0 0 0 0 0 18 61 0 0 0 35 84 0 31 0 0 0 0 0 0 0 69 0 0 0 0 0 0 0 0 0 0 0 0 0 62 17 0 0 0 0 50 32 0 0 0 0 18 13 0 0 88 0 0 32 0 0 84 0 0 0 0 0 0 0 0 0 0 0 35 0 0 0 0 5 0 0 74 0 43 43 0 0 0 0 88 0 0 0 0 0 0 0 0 0 0 0 0 0 0 0 0 0 0 48 0 44 48 0 94 0 100 9 0 0 0 0 28 18 0 0 20 0 28 0 0 0 0 0 0 0 68 77 70 76 0 91 0 0 35 0 0 0 0 0 35 0 0 0 0 0 0 87 0 0 0 0 0 0 0 94 0 0 0 0 90 0 0 0 0 93 0 0 0 0 0 0 53 0 0 0 0 0 0 3 0 0 0 0 0 0 0 57 0 0 51 0 0 0 44 0 0 0 0 81 0 0 0 89 0 13 0 0 0 0 0 0 0
0 0 75 26 36 23 0 0 0 0 64 0 0 0 1 0 0 14 0 0 38 0 0 0 0 50 85 0 0 0 0 0 0 0 0 0 0 76 0 0 0 0 0 0 65 0 0 0 0 0 56 0 16 0 0 0 0 0 0 74 0 0 42 83 0 0 0 34 0 0 0 0 47 0 0 0 0 0 0 0 0 0 0 0 0 0 0 0 28 0 0 0 0 0 0 0 0 0 0 0 0 0 0 0 0 23 0 0 0 95 32 0 0 0 0 0 78 3 0 0 0 0 0 0 0 80 0 0 0 34 0 0 0 0 95 0 0 0 0 59 0 0 51 0 0 0 0 33 0 0 0 0 0 0 0 91 0 0 0 0 0 0 52 0 0 0 0 84 36 0 0 76 0 0 0 0 0 72 88 0 0 0 0 0 0 0 0 10 12 13 93 0 1 0 50 0 85 0 0 0 0 0 45 52 0 45 0 0 0 0 74 41 0 64 0 0 0 0 0 0 0 1 0 0 0 0 0 0 23 0 0 4 0 0 88 0 0 0 0 0 0 0 0 78 1 87 0 0 81 63 0 0 81 0 0 76 0 75 0 0 0 0 0 0 0 0 0 0 0 0 0 72 0 0 0 0 0 28 0 0 0 0 0 0 0 0 0 65 0 0 33 3 0 0 0 0 60 0 53 0 0 0 15 0 0 0 0 85 0 70 0 0 0 0 0 0 0 0 36 0 23 31 55 0 0 0 0 47 0 96 0 0 29 0 0 0 0 0 0 0 0 0 0 100 0 0 52 0 38 59 16 88 0 90 99 0 0 80 0 0 0 0 51 0 0 67 0 0 0 0 0 0 0 0 0 97 0 85 0 0 0 0 72 0 0 93 0 0 0 0 0 0 0 0 0 0 0 0 0 79
0 0 0 0 0 0 0 55 0 0 0 0 0 0 0 3 0 74 0 0 0 9 0 0 0 100 0 0 58 0 49 0 0 70 63 0 0 0 0 83 0 84 35 88 0 0 0 0 0 0 0 0 0 0 89 19 0 0 0 0 63 8 0 0 66 0 0 82 0 0 92 0 0 0 0 31 64 0 0 0 0 16 92 56 0 0 0 46 0 0 14 0 0 0 23 0 0 0 59 0 23 0 0 83 0 0 0 0 33 58 20 0 0 0 0 0 12 0 0 0 0 0 0 0 0 37 0 2 0 0 0 0 0 0 0 0 0 0 82 46 0 0 0 16 0 2 41 0 53 0 0 0 65 93 0 0 5 0 0 0 0 0 87 0 32 0 0 0 0 0 0 0 0 0 0 0 0 57 0 0 0 0 0 0 36 0 0 27 0 62 100 19 0 0 0 0 0 0 92 0 0 25 0 0 0 0 0 2 0 0 28 1 0 0 68 46 25 79 63 0 0 0 0 0 68 31 0 0 0 83 0 0 0 0 0 0 0 0 0 0 0 0 97 0 0 98 0 0 0 0 0 0 25 0 0 0 86 0 10 0 0 0 0 0 0 0 0 0 0 0 0 0 69 0 0 91 0 0 0 0 0 91 0 65 0 54 0 0 0 0 0 0 0 0 0 0 0 81 0 0 0 0 57 0 0 0 37 0 0 0 0 0 0 0 92 0 0 0 67 19 19 0 47 0 0 0 0 0 0 0 0 0 0 0 0 0 0 19 0 61 0 0 0 0 0 0 0 0 0 0 0 0 0 0 36 0 0 0 0 0 0 0 0 0 36 64 0 82 0 0 0 0 92 0 0 0 0 95 12 0 0 0 0 0 13 0 39 74 0 74 26 0 0 29 33 69 0 0 0 0
0 74 1 33 59 0 0 0 0 0 0 0 82 0 0 0 0 0 37 0 0 0 0 0 0 0 0 0 0 25 72 30 0 16 0 67 23 0 0 0 0 88 0 0 0 42 0 0 56 0 0 0 0 0 0 0 0 0 93 0 99 40 46 51 0 0 0 0 0 61 3 0 0 0 0 12 0 0 0 0 79 0 0 0 0 76 0 63 12 0 0 0 0 45 0 63 0 0 0 93 0 18 10 0 59 0 0 0 0 50 0 0 0 91 0 0 0 0 0 0 0 12 0 0 0 0 0 0 0 81 0 57 0 0 0 42 77 0 42 0 0 0 0 0 0 14 0 0 0 0 86 14 4 0 27 0 69 91 0 0 0 0 80 0 75 0 0 0 0 0 0 72 0 0 7 0 0 0 0 0 0 92 23 2 70 0 91 0 0 0 0 0 0 6 0 0 38 0 87 0 0 0 4 0 0 0 0 53 0 0 4 0 16 87 47 0 0 0 0 60 0 0 0 69 0 24 0 0 66 0 0 0 0 0 0 0 68 0 0 0 0 0 0 0 0 21 0 0 60 0 0 0 0 2 0 0 0 0 0 0 41 70 47 0 0 0 0 0 0 0 0 50 47 0 0 63 0 63 0 0 0 0 0 0 0 0 0 0 0 98 0 0 0 0 0 0 0 7 0 0 81 0 0 13 0 0 0 0 0 64 23 0 72 0 0 0 0 73 94 0 0 0 48 0 100 0 87 0 0 35 100 0 23 80 0 0 0 0 0 0 0 18 0 0 32 0 0 0 81 86 55 97 0 0 0 64 0 32 0 0 63 0 0 0 0 0 0 0 57 0 43 0 0 18 85 15 0 0 19 0 43 0 0 0 0 0 0 0 0 0 0 0 79 0 0 0 0 10 94 0
69 47 0 0 88 0 36 0 0 7 0 94 97 0 0 0 0 0 0 0 83 0 35 85 0 93 0 0 83 0 0 0 0 0 0 0 0 0 0 0 0 0 0 0 21 0 53 0 25 4 0 0 0 0 16 0 0 89 0 90 0 0 62 0 0 41 0 0 19 15 0 29 0 0 42 0 0 0 5 0 0 0 0 0 0 0 0 48 0 0 34 93 0 0 0 0 0 0 0 18 0 83 0 0 28 0 0 0 59 0 0 21 95 0 0 0 0 100 0 0 0 0 64 0 0 54 0 0 0 100 0 0 0 0 0 0 0 0 0 78 0 7 0 0 77 0 0 33 42 0 0 0 98 0 0 0 0 0 2 0 0 0 0 0 0 88 83 0 0 0 0 0 0 65 20 20 0 12 0 13 0 96 0 0 0 81 0 0 0 68 30 94 86 0 0 79 0 0 0 35 0 0 0 0 0 0 0 0 0 0 0 0 0 20 81 72 27 0 0 87 0 22 97 0 54 26 76 0 0 11 82 62 0 0 0 0 90 84 0 0 0 70 0 0 0 0 0 0 0 48 0 0 0 0 4 0 0 0 0 0 0 0 14 42 0 0 49 98 0 0 69 0 0 0 80 1 0 0 82 0 0 0 0 0 0 0 0 18 0 0 0 0 96 0 0 36 0 0 0 0 0 0 0 0 0 0 0 0 0 0 0 0 96 0 0 0 0 36 11 0 0 0 32 0 0 0 0 21 93 91 0 72 0 0 4 0 58 58 0 0 63 0 0 0 0 0 0 52 0 0 88 0 0 0 0 43 0 0 0 0 0 18 0 49 0 0 0 100 0 47 67 0 0 11 0 0 0 0 0 0 0 0 0 0 0 0 24 0 0 0 0 0 0 0 0 28 0 16 0 0
0 0 76 7 0 0 0 0 0 59 0 0 0 65 0 0 59 55 0 0 0 0 0 0 0 20 0 40 0 0 56 0 16 58 3 0 0 0 0 0 0 66 0 0 0 0 30 0 0 0 0 0 99 0 23 0 0 0 0 0 0 0 0 0 62 5 46 7 0 0 29 78 0 0 0 0 2 86 10 0 60 0 0 0 40 0 0 0 53 0 0 0 0 0 0 0 0 0 0 2 0 0 0 0 0 6 0 0 0 64 0 0 98 0 0 0 0 51 0 0 0 18 0 0 0 0 0 0 66 0 0 53 0 11 0 0 0 0 0 0 0 0 85 0 99 0 0 0 0 0 0 0 0 0 0 0 26 0 0 0 0 0 0 72 0 85 0 0 0 0 0 40 0 0 9 0 0 0 0 85 0 0 0 0 0 0 81 0 0 0 0 13 0 30 0 0 0 0 0 0 0 0 0 67 36 38 0 64 63 0 0 0 0 45 69 0 0 6 0 37 43 96 0 0 0 0 0 0 0 0 0 0 0 0 11 0 0 0 7 0 0 13 0 0 0 0 20 54 0 0 0 0 16 0 0 0 0 69 95 0 0 0 78 0 0 13 0 25 0 39 0 0 0 0 62 0 99 0 0 0 0 11 0 77 0 0 0 41 0 0 0 0 0 0 0 0 0 0 0 0 0 0 0 0 0 33 0 81 0 33 0 0 0 0 0 0 11 61 56 1 0 88 0 0 0 0 0 0 0 0 0 65 0 0 0 91 0 0 72 28 0 0 0 0 0 0 0 0 0 0 0 0 52 0 21 0 0 0 31 1 0 58 27 0 0 0 0 0 0 0 0 0 46 0 90 0 0 0 0 68 0 50 0 0 0 88 0 0 0 0 0 0 0 93 0 46 0 0 51 0
82 0 0 14 0 30 64 0 0 0 0 0 0 46 0 0 87 0 0 0 0 93 1 0 0 0 0 0 0 45 84 0 97 0 10 0 0 76 0 0 21 0 0 0 0 0 80 31 0 0 0 0 0 54 0 0 0 0 85 64 89 0 23 0 0 0 0 0 0 0 0 0 0 60 0 0 0 0 60 1 0 0 100 0 0 0 0 0 32 0 0 0 0 0 0 0 0 70 0 0 0 0 24 53 0 49 0 0 80 0 73 43 0 0 60 41 0 0 17 81 21 1 0 0 0 0 0 0 0 0 53 0 0 0 0 80 76 32 0 51 0 0 0 0 0 0 0 0 0 0 0 0 0 50 0 0 70 0 0 0 0 86 0 0 0 0 0 0 47 0 0 0 0 94 0 0 0 0 0 0 0 21 0 0 0 0 22 86 0 3 0 0 0 0 0 0 0 0 0 0 0 0 0 0 80 0 0 0 79 0 0 0 0 0 0 0 0 0 17 0 0 0 0 90 30 0 13 0 0 0 0 1 0 0 0 0 0 15 0 7 0 0 0 0 0 1 0 0 42 0 0 0 0 26 0 33 0 0 84 10 0 84 0 0 0 98 0 0 0 0 0 0 0 30 0 0 60 0 0 38 0 0 0 0 0 0 0 0 5 0 87 0 0 0 0 0 13 0 0 0 0 0 0 51 0 0 0 0 0 0 0 0 0 5 0 0 31 80 88 7 0 0 73 0 0 65 0 0 76 0 0 0 0 0 24 0 0 0 0 0 0 0 1 0 0 0 0 0 24 0 0 0 0 0 27 0 98 0 0 0 77 73 0 0 0 99 0 16 0 30 0 37 0 0 98 0 67 0 90 0 0 0 0 26 0 0 0 0 0 0 0 0 0 0 0 0 72 0 0 0
0 20 0 0 0 0 0 0 0 0 0 0 0 63 46 0 0 0 0 0 0 0 0 29 0 78 0 28 48 0 56 0 0 0 0 0 52 0 0 0 0 0 0 0 0 89 0 0 47 0 0 0 29 0 53 11 0 0 0 0 0 0 51 0 0 0 29 0 49 0 0 0 0 0 0 0 0 0 0 0 0 0 0 27 0 0 0 0 0 10 62 0 0 0 0 0 0 0 40 0 61 0 0 0 0 81 49 53 38 17 9 13 0 0 0 0 0 0 55 0 0 65 0 23 0 94 76 0 0 0 30 52 0 0 0 0 0 0 0 0 0 0 0 0 0 0 0 0 95 0 0 0 0 0 0 0 0 43 0 0 0 76 84 0 0 0 0 0 0 67 50 15 0 26 85 0 0 43 0 0 0 0 0 100 77 0 0 0 34 82 0 0 0 0 0 0 100 0 77 27 0 0 0 0 0 0 91 88 0 93 0 0 0 0 47 0 0 0 0 0 0 0 0 34 26 0 0 16 0 0 0 83 0 73 0 0 0 40 0 0 0 89 0 71 0 0 0 51 0 94 0 0 0 30 0 0 0 68 0 0 0 0 0 0 0 84 64 0 20 0 0 0 65 0 0 0 0 0 0 23 85 0 0 40 0 22 0 0 0 0 72 0 0 79 0 0 0 91 0 13 8 0 0 56 0 0 0 0 71 0 0 0 0 61 0 0 0 0 0 39 0 0 0 0 0 0 0 0 0 66 86 68 0 0 0 24 94 0 0 0 0 0 0 52 65 0 0 0 0 0 56 16 0 41 0 0 0 62 0 0 42 0 80 0 0 62 0 28 69 0 94 53 99 0 0 0 79 0 56 53 0 0 82 12 0 0 0 0 0 0 4 51 42 77 0 24 0 0 0 0
0 0 0 0 0 0 54 0 0 69 0 0 0 0 49 0 58 0 0 0 20 0 0 0 0 40 0 0 94 0 79 0 0 99 0 0 0 0 0 0 0 74 0 0 0 0 0 0 0 79 0 0 0 58 0 0 0 31 0 88 40 0 0 90 0 0 0 0 0 0 0 5 0 0 0 0 0 0 0 76 0 0 0 0 79 0 0 0 33 0 0 85 0 0 0 0 0 0 0 0 0 0 0 0 0 0 0 0 76 0 0 0 0 0 0 0 19 0 96 0 0 91 0 0 0 33 0 0 0 0 0 3 0 0 0 0 0 0 0 0 0 0 0 0 66 51 0 0 64 0 0 0 0 78 26 0 0 0 52 0 0 0 0 0 0 0 37 0 2 0 0 0 47 0 0 87 0 0 1 0 0 0 0 77 3 0 0 0 0 0 0 0 0 0 0 0 0 0 97 6 0 0 0 0 38 0 0 0 0 0 0 0 60 92 0 0 23 0 0 17 0 0 0 0 28 0 0 0 28 74 0 0 0 79 19 0 0 63 0 0 47 0 73 0 0 0 0 0 4 0 17 0 67 0 63 0 64 0 0 0 0 0 0 0 0 36 27 0 56 0 0 0 54 0 0 0 0 0 0 0 0 0 0 0 0 0 0 0 10 0 0 0 0 0 0 0 0 0 0 67 0 16 10 0 0 53 0 0 0 9 0 0 0 0 42 56 0 0 91 19 38 0 0 0 15 0 0 0 0 0 13 0 0 46 50 0 0 0 71 0 0 0 0 0 0 0 10 0 0 67 0 0 0 0 18 21 21 0 0 35 0 50 29 33 0 80 70 0 21 0 0 0 0 0 0 0 0 0 100 0 12 47 0 0 70 0 0 0 58 78 5 0 0 0 0 0 0 31 0 88
0 0 0 0 12 0 89 0 0 0 0 0 0 0 0 38 76 0 0 28 0 0 0 0 32 0 0 0 0 7 5 100 0 18 0 0 0 0 16 0 0 0 10 0 0 0 19 24 0 2 0 0 0 0 0 0 0 0 0 0 0 0 0 0 34 0 20 0 0 0 0 0 0 0 63 28 63 0 82 0 0 29 63 0 54 0 0 0 0 0 22 0 0 0 0 0 0 0 43 0 0 23 0 0 0 0 0 0 67 0 48 0 0 0 0 0 10 0 0 0 0 0 0 0 0 0 0 52 0 19 0 0 0 0 0 57 0 0 0 0 17 0 37 0 0 89 0 0 0 0 0 0 0 0 0 0 0 0 71 0 0 0 0 0 0 21 0 0 58 0 0 38 0 0 0 0 15 65 0 0 0 14 37 64 0 0 0 70 0 0 0 0 0 0 0 0 94 0 0 0 0 0 0 0 0 0 0 89 0 0 64 5 0 0 0 80 0 0 0 0 0 0 0 0 0 0 0 0 63 37 0 0 0 65 0 0 67 0 0 0 0 79 1 0 0 17 0 20 0 0 5 0 0 0 51 0 0 91 0 46 0 91 16 0 0 0 0 0 0 0 0 0 0 32 0 0 92 0 44 53 2 47 65 0 0 0 46 0 0 0 0 62 7 0 0 0 0 0 0 0 0 0 0 0 0 0 0 56 0 0 0 0 0 0 0 0 0 0 94 0 0 0 0 0 7 0 0 0 0 0 0 68 0 0 33 0 0 0 0 0 0 0 88 58 89 0 0 0 0 0 0 0 0 0 0 97 0 0 0 68 0 0 0 0 0 0 72 0 23 0 57 0 0 92 83 58 0 0 0 100 0 41 0 69 0 0 0 0 0 25 0 0 0 0 0 25 0 0 0 16
32 0 0 0 13 0 0 24 82 0 0 66 0 0 0 0 0 0 0 0 0 0 0 0 31 0 0 0 0 74 0 0 0 62 0 20 90 0 0 0 0 0 0 75 0 0 0 42 0 0 0 0 61 0 0 0 0 35 0 0 0 0 0 0 0 0 0 44 85 0 67 0 0 0 64 0 42 0 0 0 0 0 0 30 0 51 0 0 0 0 0 39 0 0 0 0 0 0 0 0 0 0 30 0 0 0 60 12 0 0 0 0 30 0 0 0 0 0 0 74 0 0 0 0 0 0 0 34 46 14 0 48 11 0 0 65 0 0 0 82 0 55 0 0 0 0 100 0 81 15 0 31 50 0 0 0 0 0 0 0 0 51 0 0 0 0 0 38 0 96 0 0 0 0 0 11 48 69 15 0 0 0 60 0 0 0 0 55 0 0 34 8 0 18 0 57 81 0 0 0 0 0 0 11 0 19 0 94 39 0 0 0 0 0 72 0 0 37 0 0 58 0 0 0 49 0 0 0 0 0 0 0 0 0 52 0 0 21 0 0 0 0 0 0 0 0 0 0 60 0 0 38 0 97 0 0 11 0 0 0 0 54 63 6 96 0 0 0 0 0 0 10 68 0 49 0 0 91 87 0 97 26 0 0 57 0 0 0 0 0 0 91 0 16 0 0 0 4 0 0 0 0 0 0 0 0 0 0 76 0 0 0 0 0 0 0 0 0 0 0 0 0 74 0 0 0 0 0 0 87 0 0 58 93 0 88 0 0 15 0 0 0 0 52 100 0 0 0 0 0 33 0 0 20 0 0 0 0 19 41 18 0 12 49 20 0 0 0 0 0 0 25 0 0 0 0 0 0 68 0 0 0 85 49 0 78 0 0 0 68 0 0 0 0 48 0 0 0 0 0
65 0 72 0 0 0 0 0 85 0 0 38 0 72 70 0 45 0 0 0 0 0 33 0 0 3 0 0 0 0 9 9 0 0 0 0 0 0 0 48 0 0 0 39 0 66 38 0 0 0 84 0 21 0 61 0 0 23 0 58 0 0 0 0 31 0 0 41 75 0 73 0 0 73 0 0 79 0 84 0 74 0 0 35 0 0 15 20 0 0 0 39 2 0 0 0 0 0 71 0 0 0 0 54 0 77 0 0 0 0 0 0 70 0 0 0 0 0 25 0 0 0 84 0 0 0 75 0 88 0 21 33 0 0 0 0 20 0 0 0 36 0 100 0 47 0 93 0 0 22 92 0 0 0 0 0 0 0 49 0 0 0 0 0 42 0 0 0 0 0 0 0 0 59 0 0 0 71 0 30 59 0 0 27 0 0 0 0 18 0 0 24 0 0 60 0 57 13 0 0 0 0 0 51 0 0 0 0 0 0 0 93 18 0 48 26 0 0 0 0 15 87 7 91 0 0 0 0 0 48 0 59 98 4 0 0 0 0 0 0 0 8 0 0 20 0 0 0 0 0 0 0 43 62 0 0 0 0 0 0 0 0 14 16 0 0 0 77 0 0 0 0 22 0 0 0 0 0 0 25 43 0 0 0 71 0 0 75 13 0 0 0 20 0 0 0 0 0 44 68 0 0 0 22 0 0 0 45 6 0 0 0 1 0 0 0 0 0 51 0 0 0 52 0 61 0 36 0 20 0 67 0 85 0 0 68 0 0 20 0 99 0 0 0 0 0 0 17 0 0 0 0 79 83 0 88 0 4 0 0 0 0 0 71 0 79 52 8 0 0 0 0 0 0 0 0 0 0 0 0 0 0 0 0 0 0 0 0 47 0 0 0 0 95 0 0 0 45 71 48
0 93 0 54 13 0 0 0 0 0 0 0 0 64 0 0 0 0 0 0 0 0 69 0 0 0 0 0 49 0 0 87 60 0 0 0 59 14 0 46 30 82 0 80 0 37 0 4 27 43 0 10 0 33 0 0 0 0 0 0 0 0 0 0 0 0 0 0 0 0 38 0 0 71 0 83 52 0 0 0 0 0 0 54 0 34 0 29 0 0 0 0 72 99 6 70 92 70 0 0 0 0 0 0 0 0 39 0 0 0 0 42 0 0 51 0 0 0 0 0 0 0 92 0 21 0 0 0 0 0 0 84 0 0 0 0 0 0 0 25 29 0 32 24 0 0 0 0 0 89 81 77 0 0 0 0 0 0 0 0 0 1 39 96 0 0 33 0 0 0 0 0 97 0 0 0 0 0 0 0 0 28 0 0 0 0 0 0 0 0 0 74 0 0 0 0 0 69 0 0 0 0 0 1 0 0 0 0 8 0 0 0 0 0 0 39 0 0 0 0 96 0 0 0 0 0 0 0 4 0 0 94 0 0 91 0 0 0 60 0 0 0 0 0 0 20 0 73 0 0 0 90 0 0 0 0 0 26 0 0 0 0 0 0 0 0 8 31 0 0 0 25 0 0 0 0 49 0 0 0 0 0 0 0 0 80 0 0 94 5 0 92 26 0 0 0 0 36 57 0 0 6 0 0 0 0 0 0 0 0 0 0 0 0 0 0 29 0 0 0 64 0 0 66 13 0 0 0 0 0 0 0 0 27 0 0 0 0 0 0 38 0 7 0 0 0 0 0 71 0 60 0 0 4 0 52 0 0 24 23 9 0 0 9 0 0 0 0 0 0 0 83 0 61 0 0 0 66 0 0 18 18 0 95 4 0 0 0 74 0 0 0 0 0 24 0 0 0 0 0
0 0 46 0 0 51 0 0 0 0 0 0 0 0 82 36 0 0 21 0 52 14 0 0 0 87 32 0 61 0 0 0 42 31 6 92 0 0 0 0 83 0 83 0 0 0 30 0 78 0 81 0 48 0 0 0 57 0 23 0 0 0 0 0 0 85 74 0 0 0 0 98 90 0 80 35 0 0 0 0 55 0 0 0 16 0 97 0 0 0 49 0 0 0 41 0 34 0 51 0 31 0 14 55 0 63 0 0 0 66 0 0 0 0 0 0 0 0 83 41 0 0 0 0 39 0 32 0 0 0 0 0 65 97 0 7 0 91 95 0 0 0 0 24 57 13 75 0 0 0 20 89 0 0 0 0 0 13 85 0 74 22 0 0 0 0 0 30 0 0 50 0 0 0 0 0 0 0 0 0 0 0 0 0 0 0 0 19 0 0 0 0 0 0 0 0 14 26 99 0 0 14 48 0 44 0 0 0 0 0 0 0 0 0 0 69 0 57 0 36 0 0 55 87 0 0 79 0 0 31 28 0 0 0 0 0 0 50 82 74 83 0 9 21 91 0 0 0 71 0 0 64 0 0 0 0 0 82 0 0 0 0 0 0 68 0 0 26 0 0 0 77 0 0 49 0 40 0 0 0 0 0 0 0 0 0 0 22 0 85 0 0 0 0 0 0 29 0 16 53 0 0 0 0 0 0 0 0 0 0 0 0 0 0 0 0 43 0 0 0 0 97 0 0 67 0 0 58 0 0 63 27 0 0 0 0 6 29 34 91 0 21 0 24 0 0 31 80 0 0 0 0 0 0 0 12 0 46 0 0 0 0 0 0 0 0 0 0 4 100 89 0 0 23 4 52 0 0 0 0 92 60 0 0 0 0 0 0 0 68 0 28 0 0 0 0 0 56 0 0
0 0 0 45 0 0 0 0 0 0 33 72 0 0 0 0 0 0 0 0 0 0 0 0 0 0 77 55 0 0 65 0 97 10 0 0 32 77 0 0 0 0 0 0 0 0 0 0 0 0 0 54 0 34 0 0 10 0 0 0 0 0 0 63 0 0 0 0 0 0 0 0 0 0 0 67 0 0 5 0 0 0 0 46 14 0 0 0 0 0 98 0 94 84 0 35 0 0 0 31 5 100 0 52 94 0 64 33 0 0 0 0 56 0 76 0 0 22 0 0 0 0 0 0 0 0 0 0 0 70 0 0 0 0 0 0 0 0 0 0 0 0 0 0 22 0 0 0 0 0 0 0 0 12 0 37 0 0 0 0 15 0 0 0 0 5 15 0 0 0 20 96 0 0 0 0 85 0 0 0 2 73 0 53 0 0 0 0 0 34 0 0 0 0 0 0 0 58 0 0 0 81 0 0 16 0 0 0 0 0 0 0 0 0 0 43 0 0 0 14 81 0 0 62 0 0 0 0 0 0 0 0 0 0 23 0 74 11 0 0 0 0 0 45 37 0 0 0 0 0 97 0 0 0 43 26 0 0 0 59 0 0 0 0 77 0 0 0 24 93 0 0 35 0 0 0 85 0 0 0 0 0 0 0 0 39 0 0 48 0 2 0 0 53 81 0 0 0 0 0 0 0 99 0 0 0 0 0 0 75 0 0 0 0 0 0 93 0 0 0 0 0 0 100 0 0 0 0 0 0 0 0 0 0 83 0 0 0 0 0 0 0 0 0 75 0 0 0 0 0 0 0 0 0 0 10 0 47 0 0 0 0 0 0 0 0 71 0 0 0 0 0 41 99 0 0 0 0 0 0 0 0 0 0 0 0 0 0 0 2 0 0 0 0 0 0 96 0 0 0
0 63 0 0 13 73 0 0 85 0 32 0 0 3 0 6 0 0 0 0 19 0 0 0 0 0 0 0 0 0 0 0 0 70 0 0 0 0 0 0 0 0 0 0 0 100 0 0 0 82 0 0 0 55 0 0 0 0 0 23 38 33 0 50 0 0 0 0 0 0 0 0 0 0 0 49 56 0 0 0 0 0 0 0 81 0 0 7 0 0 0 0 0 91 0 0 0 0 0 0 0 0 0 0 0 0 0 0 0 0 100 21 0 0 0 0 0 0 0 0 0 0 0 76 54 58 56 0 0 51 9 71 0 0 0 0 0 0 0 0 0 0 0 0 0 0 0 0 0 0 3 0 0 0 55 0 0 0 0 57 0 0 0 0 0 0 73 0 0 0 0 0 60 0 0 0 0 0 86 30 0 0 0 6 0 0 0 0 0 0 0 0 0 0 0 0 0 56 0 0 0 0 96 0 0 0 0 0 47 0 0 0 0 0 79 0 0 81 0 0 0 0 0 6 0 0 0 39 0 0 0 0 34 0 0 0 0 0 3 0 89 0 0 0 0 0 0 78 0 0 0 80 49 0 19 0 0 47 0 0 0 0 0 0 0 85 0 0 0 0 0 30 15 0 62 0 0 96 31 27 0 0 0 71 0 30 0 0 0 0 0 0 0 0 0 0 0 0 16 0 17 0 22 0 0 0 0 0 0 0 0 0 0 2 0 0 0 89 0 0 0 3 0 0 0 0 0 0 0 53 0 19 0 3 44 0 0 0 0 0 0 0 0 0 0 0 0 0 0 0 0 0 0 0 0 0 21 11 0 0 0 43 0 0 0 0 55 1 0 0 0 0 0 0 0 0 0 46 55 0 13 82 0 0 68 0 39 0 0 26 0 21 0 0 0 0 0 0 0 0
0 0 22 0 79 0 0 39 0 0 86 0 0 0 0 0 0 0 0 0 0 0 0 0 0 76 0 6 57 71 0 0 0 0 0 0 0 0 0 3 0 0 0 57 0 0 45 0 0 100 0 47 0 59 0 0 0 16 0 0 0 0 0 0 0 0 0 57 0 0 0 0 0 59 0 19 32 25 68 24 0 0 0 0 30 0 0 0 73 35 18 0 65 0 77 0 0 0 0 0 0 0 55 0 0 45 0 27 0 0 0 88 0 0 0 0 0 0 76 0 0 0 0 78 0 56 0 0 30 35 0 0 0 0 0 0 0 0 0 0 0 0 88 0 0 0 0 0 43 96 61 0 0 0 0 0 0 89 0 0 0 0 0 0 0 0 0 50 0 98 66 28 0 0 97 0 0 0 0 13 0 0 91 0 0 0 0 0 0 0 19 0 0 0 0 0 0 0 0 0 0 0 0 0 0 82 74 0 0 0 0 51 0 0 0 0 0 0 0 55 24 0 0 0 0 0 0 0 0 49 0 0 0 0 0 0 0 0 0 0 0 22 0 0 0 0 0 0 0 0 26 10 0 94 0 0 0 0 0 0 93 0 0 0 0 0 0 0 70 0 0 0 0 0 0 0 25 0 0 6 0 0 0 0 0 0 0 29 87 0 0 0 0 0 0 0 77 68 0 0 0 0 0 0 40 0 0 41 0 0 0 0 0 0 0 0 0 0 0 0 0 13 0 0 72 5 56 0 0 0 0 0 0 15 29 0 0 0 0 0 0 0 0 0 20 0 0 13 15 0 0 0 0 85 0 73 0 12 0 55 0 0 0 0 46 17 0 0 0 0 44 82 0 64 0 80 0 0 0 0 49 0 18 55 0 0 28 0 0 49 0 0 0 0 0 0 0 75 0 0
64 0 55 0 0 78 0 0 0 0 0 62 0 37 0 5 58 0 30 14 0 0 0 0 0 0 0 0 87 0 95 8 0 0 0 0 0 61 0 0 0 85 0 0 0 3 64 0 0 97 37 0 35 0 0 0 0 0 0 0 0 0 0 0 0 0 0 0 0 0 0 17 62 0 0 0 0 0 35 90 77 0 0 0 0 0 0 26 0 0 0 0 0 0 0 59 0 0 0 64 55 0 0 0 0 0 0 0 0 0 0 0 0 0 10 0 0 92 0 0 0 0 29 0 0 37 17 0 0 0 0 0 0 0 0 0 0 58 0 70 0 0 18 0 35 53 0 0 0 6 74 0 0 55 44 0 26 0 0 0 0 84 0 26 0 0 0 0 0 0 0 0 0 0 0 5 0 0 26 44 0 0 0 0 0 31 0 0 0 0 0 0 92 39 0 0 0 0 28 13 0 0 0 0 0 0 76 0 0 28 0 0 0 0 0 0 0 5 0 0 75 0 0 90 13 11 0 97 0 73 0 83 25 0 82 0 20 1 0 0 0 0 0 40 0 55 22 0 0 0 0 0 0 0 29 47 0 0 0 0 28 0 32 72 0 0 0 0 0 0 0 0 0 0 0 87 57 0 0 0 0 0 0 0 0 0 0 0 71 0 20 0 0 0 0 0 0 54 0 0 38 66 73 66 0 0 0 0 49 0 0 59 0 0 27 0 2 0 90 0 0 0 0 0 0 0 34 0 0 0 0 0 0 0 0 0 13 11 0 0 65 0 0 0 0 0 0 57 0 0 0 51 0 0 0 63 91 0 0 0 0 0 0 0 0 0 0 16 77 0 0 0 0 0 0 0 0 2 49 0 0 0 57 0 96 0 0 0 0 0 0 0 0 0 0 0 34 0 77 0
0 1 0 0 0 0 69 9 0 0 0 0 0 0 0 42 0 0 0 0 0 0 0 0 0 0 6 0 36 0 0 0 48 0 0 0 0 0 0 0 0 73 0 47 0 0 0 0 0 0 0 0 0 0 0 0 0 0 0 0 0 0 19 0 0 52 0 0 0 0 53 0 0 0 0 0 0 0 0 48 0 0 76 0 86 0 25 10 14 0 0 0 0 0 0 60 0 100 0 0 0 0 0 0 0 0 0 1 0 0 0 0 0 0 29 0 0 14 85 0 0 0 100 14 0 0 0 0 0 41 0 81 0 16 0 0 26 0 0 0 34 64 0 0 0 0 0 0 0 0 0 69 0 0 0 0 0 0 0 81 0 100 0 0 82 0 0 0 0 0 57 54 0 0 13 5 0 80 36 0 0 94 4 0 0 0 0 33 0 15 0 0 10 0 0 0 0 0 0 0 0 0 0 0 0 0 0 0 0 33 11 0 0 0 27 0 43 0 0 0 0 0 0 23 70 0 0 0 0 0 0 0 0 95 0 0 0 49 0 0 0 0 0 0 0 37 8 0 16 0 0 0 0 0 0 0 0 0 99 33 0 0 0 0 0 0 0 0 57 0 39 0 0 0 0 87 0 0 0 0 0 30 0 0 0 0 79 0 0 0 79 26 0 0 0 0 0 0 0 0 0 45 56 81 0 0 0 0 0 0 0 0 65 63 0 22 0 0 0 0 0 0 0 88 0 0 0 0 0 0 0 0 0 0 0 0 84 0 0 0 0 59 70 0 0 0 0 98 0 0 0 0 0 0 2 0 0 0 0 0 0 0 0 0 0 0 0 14 0 15 0 0 0 0 0 0 0 0 93 0 0 0 48 0 0 0 0 0 0 0 0 0 0 0 0 0 0 0 0 0
0 0 0 29 76 0 0 0 0 0 0 0 0 70 21 0 0 0 61 0 0 0 0 0 29 0 78 0 0 0 71 62 28 32 39 0 0 0 0 0 0 0 0 0 71 0 0 56 0 0 0 0 0 0 0 0 0 8 45 3 5 0 0 6 0 0 0 0 0 0 8 0 59 0 0 9 0 0 81 0 63 0 0 0 0 0 0 0 61 0 0 38 37 0 0 0 41 0 0 0 38 12 0 0 0 0 0 65 0 0 0 0 0 59 0 0 0 90 0 0 16 0 0 0 85 0 7 29 0 0 0 0 0 0 0 74 0 0 0 0 0 0 0 69 0 0 0 0 68 97 0 0 89 0 0 55 27 0 0 0 0 0 49 0 0 0 0 0 0 0 0 57 0 0 0 0 0 0 60 65 77 0 8 61 0 0 0 0 0 50 59 9 0 0 41 34 0 0 0 15 0 52 0 0 0 0 0 0 15 0 0 0 8 0 0 0 0 0 0 0 0 91 0 0 0 0 81 43 0 0 84 0 0 0 0 15 0 0 0 0 85 0 0 31 0 0 31 0 0 0 0 0 0 0 72 51 28 64 94 0 0 0 0 0 0 0 42 0 0 0 37 0 0 1 0 0 0 53 0 0 0 0 0 0 0 0 43 0 14 0 0 0 0 0 68 0 62 7 50 0 0 0 0 50 0 69 81 0 0 0 0 0 0 0 0 86 0 0 0 0 0 0 0 0 0 0 0 0 0 0 12 0 0 0 0 0 0 2 0 0 66 0 31 0 0 0 5 55 0 0 0 21 0 0 0 0 0 0 0 0 0 0 0 0 0 1 0 0 0 0 0 0 0 0 0 0 0 0 0 0 0 0 0 0 0 24 4 3 0 0 0 0 74 51 25 0 0 0 0 0
0 0 0 0 0 0 0 0 0 0 0 72 98 0 0 0 0 0 81 64 0 0 0 0 0 70 0 0 48 0 94 0 0 0 14 0 0 75 9 49 0 0 0 0 0 0 0 0 77 0 0 0 0 0 0 0 0 0 0 0 0 0 0 0 0 0 0 0 0 0 84 0 62 0 0 0 0 0 0 54 0 0 0 47 0 0 0 0 0 0 0 0 0 0 0 0 79 0 0 0 84 0 0 96 48 0 0 0 0 0 0 0 0 0 0 0 0 0 36 0 0 0 0 0 0 0 0 0 90 0 56 43 39 0 19 0 0 0 0 100 0 0 0 32 0 0 0 0 0 87 0 0 0 0 44 0 0 29 0 0 0 0 0 0 0 0 0 0 0 0 0 44 77 0 0 0 0 37 0 0 33 62 0 0 0 0 0 12 16 67 0 0 0 0 0 0 0 36 0 0 0 82 0 0 0 0 83 0 85 0 38 84 0 0 0 0 0 0 0 0 0 0 0 53 0 0 0 0 0 35 0 0 0 97 0 0 86 0 0 0 0 0 97 0 0 0 0 89 0 0 98 0 90 64 0 0 0 0 0 0 0 0 5 0 0 0 0 0 45 0 0 41 0 71 87 0 0 0 0 0 95 0 0 45 0 26 26 0 99 0 0 0 0 0 0 0 0 0 0 0 0 0 0 0 97 0 85 0 0 7 12 0 0 0 26 0 0 0 0 0 0 39 0 0 0 0 37 0 0 0 0 0 82 0 0 0 0 0 23 98 0 0 0 44 0 0 0 0 0 0 21 46 0 0 0 47 0 38 0 0 0 0 0 0 0 0 0 0 0 2 0 0 0 0 0 0 0 0 87 85 0 0 0 0 20 0 0 35 0 0 0 0 0 38 14 0 0 35 0 0
0 0 0 0 0 0 0 0 0 0 0 0 51 0 0 62 0 78 27 0 31 16 75 86 0 0 0 0 0 0 9 0 0 19 0 0 24 0 0 0 0 0 0 56 0 67 14 0 0 0 0 20 0 0 0 0 24 0 56 0 77 0 94 0 72 57 0 52 0 0 32 0 0 0 0 0 0 0 0 6 0 0 32 30 0 0 99 0 96 0 12 0 0 0 14 0 0 0 0 20 0 0 0 0 0 0 0 0 0 0 0 72 0 0 0 0 0 88 0 0 19 0 0 0 73 0 0 0 0 0 3 97 95 0 47 0 0 41 0 0 0 0 0 0 0 60 0 0 10 0 0 0 31 30 0 0 0 0 88 0 0 30 0 0 0 66 38 0 0 0 19 54 2 0 22 71 0 63 18 0 0 57 0 0 0 0 0 0 0 0 29 0 0 0 0 0 71 0 0 0 0 0 0 0 0 0 0 0 89 0 0 0 98 99 0 0 18 48 0 0 0 0 12 0 55 0 0 0 0 0 77 0 0 0 0 0 0 0 0 0 0 0 0 0 0 0 0 84 0 0 0 0 0 0 0 0 0 0 0 0 0 29 67 27 0 0 0 0 0 3 0 0 0 0 0 19 0 48 81 27 0 0 0 0 0 0 0 0 0 0 73 0 0 0 0 0 0 0 0 0 0 0 90 0 0 0 0 0 54 72 95 0 0 0 0 0 17 0 0 0 0 0 0 0 98 0 70 0 0 0 0 0 46 37 0 63 0 0 0 69 0 0 0 0 0 0 0 17 0 61 0 0 0 36 0 0 0 93 0 0 0 0 23 0 86 71 0 0 0 92 0 0 0 0 0 0 0 0 0 0 0 0 0 0 0 7 0 79 0 0 0 0 0 0 0 0 0 0 0 58
0 0 0 22 0 0 0 0 28 0 0 1 0 0 4 0 51 32 0 0 0 0 0 0 0 0 0 94 0 0 62 0 0 0 58 0 0 0 0 0 25 0 78 7 0 0 0 0 0 0 100 0 63 92 0 0 18 0 92 0 0 0 0 70 98 0 0 0 0 0 0 0 0 0 86 59 0 0 11 0 28 0 0 0 0 0 0 0 56 0 0 0 0 0 14 0 51 20 0 0 0 23 0 0 0 0 0 0 0 0 0 63 0 0 0 0 44 0 0 0 0 0 0 0 0 0 0 0 59 0 0 0 0 0 0 0 0 44 0 0 0 0 0 0 0 0 9 0 0 0 0 0 0 0 0 0 0 0 16 61 38 0 0 0 0 0 0 72 0 0 56 0 0 0 59 0 92 0 45 0 0 31 0 0 0 0 0 0 0 0 0 0 0 0 0 0 0 0 0 0 0 0 0 10 0 0 63 0 0 99 0 0 0 71 0 0 0 18 0 57 0 40 0 0 0 74 0 0 0 0 0 0 3 79 67 0 0 0 0 8 0 0 0 0 0 0 0 0 40 0 78 0 0 0 0 55 0 0 0 38 56 53 0 0 0 0 0 8 0 0 0 39 0 92 0 0 0 0 0 0 0 61 0 0 0 35 0 49 0 0 0 55 16 0 0 0 0 59 0 34 39 0 0 0 0 0 26 57 0 68 0 87 0 83 0 0 0 0 0 0 0 0 0 0 0 55 0 85 0 0 0 0 34 76 87 0 0 0 0 52 0 21 0 0 0 76 18 4 0 0 84 0 0 0 0 0 0 0 0 0 0 0 0 0 0 63 0 0 0 0 93 50 0 0 0 83 85 0 53 0 49 0 0 0 0 0 0 0 64 0 0 0 0 0 65 0 0 0 0 0
31 67 0 61 0 0 0 0 0 0 0 0 0 0 86 35 77 0 0 0 0 0 0 79 65 0 0 76 0 0 87 0 0 0 0 0 33 0 0 0 6 30 0 0 0 88 0 0 0 0 0 16 0 0 0 0 0 0 0 0 35 0 0 0 0 0 0 0 0 71 0 89 0 31 0 82 82 0 0 7 0 0 0 0 60 0 0 0 11 0 0 0 0 0 4 0 100 0 0 0 0 0 0 0 0 0 0 2 0 0 0 0 0 0 0 0 22 0 81 0 0 0 0 0 0 0 35 0 0 0 0 0 0 0 0 0 0 0 0 69 0 0 0 19 0 0 36 46 0 0 0 0 17 0 0 0 0 65 0 0 0 0 0 0 0 0 0 0 0 34 0 0 0 92 0 0 0 43 0 0 83 0 0 0 24 18 0 0 0 0 0 23 0 0 0 0 67 0 0 0 0 10 71 0 0 0 0 0 11 0 0 0 0 0 0 19 60 0 0 0 0 0 1 0 0 0 0 0 0 76 0 36 0 0 0 54 51 74 0 85 0 0 0 0 0 0 30 0 0 0 0 16 0 0 0 0 0 0 0 0 0 0 0 0 99 10 0 0 0 0 0 81 0 0 0 0 0 0 0 94 0 0 0 0 0 0 37 11 0 17 0 0 0 0 0 0 96 0 70 0 95 0 0 0 0 51 0 41 82 0 85 84 0 0 64 0 0 0 0 0 94 0 48 0 26 93 0 0 0 0 31 0 0 86 0 0 0 0 0 0 0 0 59 97 0 0 0 0 0 2 0 0 0 0 0 0 0 92 0 0 0 0 0 44 0 0 0 0 0 0 0 0 3 0 39 0 0 0 0 61 22 0 87 0 0 0 72 0 19 0 0 87 0 0 0 0 0 0 0 0
0 0 0 0 0 0 0 0 0 69 97 0 0 0 0 0 0 58 0 0 0 0 0 95 0 66 0 0 0 0 0 0 16 0 0 0 0 0 0 6 0 0 0 0 1 0 16 26 0 0 0 0 0 0 0 0 0 0 33 0 0 0 0 0 0 0 35 0 0 0 31 54 0 0 50 0 0 0 0 0 30 0 76 0 0 0 0 0 89 48 23 0 0 15 0 0 4 96 43 0 0 0 93 0 0 0 0 0 0 0 0 13 0 0 0 17 0 0 0 0 0 0 0 0 0 75 0 0 32 0 0 0 0 0 0 0 0 0 0 38 12 0 54 0 0 61 0 0 0 0 0 54 0 0 40 0 0 0 24 0 0 0 41 0 0 0 0 46 19 0 0 4 0 0 0 54 0 0 88 0 0 66 0 0 0 0 0 0 66 0 0 0 0 0 0 20 0 0 0 0 0 0 0 0 0 0 0 0 16 0 16 0 28 0 27 0 0 0 0 24 0 0 0 0 0 0 0 22 86 34 81 0 0 0 0 0 0 0 94 0 79 0 14 0 0 0 3 0 0 0 31 0 0 0 0 0 0 0 0 23 71 27 0 0 0 94 35 0 0 0 0 0 0 0 0 0 0 0 0 0 29 0 0 95 0 0 89 0 0 0 0 0 0 16 0 0 0 0 0 0 0 88 0 98 0 0 57 0 0 0 0 0 0 0 0 54 0 0 0 68 18 69 0 0 0 0 14 0 0 0 0 0 0 0 0 0 0 0 0 0 0 0 0 67 0 0 0 97 52 0 0 36 30 0 0 4 0 0 0 0 64 44 0 0 0 0 0 0 51 57 26 0 0 0 0 0 0 0 0 44 0 0 0 4 0 0 43 0 0 0 0 0 7 0 9 91 0 77 0 0
0 0 0 0 0 0 0 74 7 0 0 0 0 0 0 0 0 0 81 33 0 0 0 0 0 0 0 0 0 0 0 0 0 0 0 79 0 26 19 11 0 0 0 0 0 0 0 86 0 0 0 0 0 0 0 68 0 0 63 0 0 0 0 0 0 0 0 0 0 0 69 0 0 0 0 37 0 38 0 0 0 0 0 0 35 0 12 0 0 26 0 0 0 73 0 94 98 0 0 20 0 0 67 0 0 31 0 0 0 0 0 0 0 0 0 0 0 0 19 26 0 0 0 0 49 0 94 0 0 36 69 48 44 0 0 0 0 0 0 0 0 0 93 61 7 43 0 90 0 25 0 0 0 0 0 35 0 0 0 0 0 0 63 19 0 0 0 0 23 93 0 0 0 0 0 0 0 0 0 0 0 99 0 0 0 0 51 0 0 0 41 0 0 0 0 0 0 0 32 0 24 52 0 0 0 0 51 0 0 0 0 0 0 0 3 0 60 0 51 0 0 0 64 0 0 0 0 81 0 0 0 0 90 0 0 92 10 0 0 0 58 0 0 0 0 41 0 3 0 0 0 0 0 0 0 0 94 0 0 0 0 0 0 0 0 82 0 0 0 21 0 0 0 42 0 0 0 31 0 78 91 83 0 93 46 0 0 65 0 0 0 0 0 0 0 0 0 87 0 0 0 57 0 100 0 99 0 0 0 0 0 0 48 19 55 0 0 0 0 0 0 0 0 0 0 0 0 9 0 0 0 0 0 49 82 22 0 0 0 97 0 5 0 33 77 0 0 0 0 0 29 10 0 0 0 37 52 44 0 0 43 0 0 0 0 75 0 1 0 0 97 50 77 0 0 0 1 0 0 0 0 0 0 19 0 81 15 0 25 26 0 0 0 70 0 0 0 0 0 0
0 0 0 0 0 0 0 15 27 99 0 0 0 72 0 0 33 0 0 15 0 0 42 0 0 0 59 0 72 5 89 0 0 0 0 0 89 27 6 0 48 0 0 0 0 75 0 0 0 0 0 0 0 0 0 0 0 0 30 71 0 8 0 0 0 0 0 0 0 0 0 41 0 0 44 0 0 84 0 0 0 0 0 0 0 0 0 0 0 0 0 0 2 77 0 0 0 0 0 0 0 0 0 0 0 0 0 0 0 0 0 0 100 0 0 50 0 0 0 77 0 0 0 39 0 6 4 0 0 0 0 13 0 0 84 28 0 0 0 0 0 0 16 0 0 0 0 0 20 72 0 0 0 96 14 0 0 0 0 90 0 0 27 0 6 44 0 0 21 14 0 3 0 0 39 0 0 93 0 36 9 0 24 0 70 0 66 0 0 0 0 85 0 0 0 4 0 60 0 0 9 0 0 16 0 0 0 0 31 0 0 0 79 0 70 0 38 88 0 0 0 0 0 0 25 0 0 0 0 0 0 0 10 0 0 0 0 0 0 0 57 6 19 8 99 0 0 0 42 0 0 0 2 95 0 43 15 0 0 0 0 0 0 0 0 0 0 0 9 84 0 41 0 16 66 0 0 49 0 37 81 0 0 42 0 0 0 51 0 55 3 0 0 0 0 0 0 0 0 0 0 70 0 79 0 0 0 0 0 0 48 0 0 0 0 0 0 0 0 71 0 0 0 96 0 0 81 0 0 0 0 0 0 0 0 0 40 0 46 5 0 0 0 0 0 0 0 32 75 0 0 0 91 91 0 0 0 0 0 0 94 11 15 0 82 96 0 0 0 0 0 79 0 0 0 0 0 0 69 0 0 0 0 0 0 0 0 0 0 0 0 0 0 0 0 0 12 0 0 52
59 21 0 78 0 0 0 0 11 25 0 59 0 0 0 0 0 26 0 46 67 0 0 0 0 0 0 0 0 0 0 0 54 0 0 0 0 0 0 0 0 0 0 0 0 0 0 0 0 0 0 0 0 0 0 0 0 0 0 70 0 0 0 0 0 0 0 0 0 0 0 0 2 13 0 0 25 100 0 0 0 0 0 3 0 0 0 0 18 0 100 0 37 0 100 72 0 0 0 0 85 0 0 0 0 51 0 6 0 0 72 0 0 0 48 0 28 0 0 0 0 19 0 0 88 0 0 0 0 90 20 0 0 24 0 0 28 0 0 0 0 0 0 0 0 0 12 90 0 0 36 0 0 0 70 0 0 0 17 27 0 16 0 87 0 0 0 73 0 0 48 0 13 0 0 74 0 0 0 42 0 0 0 31 0 0 0 56 0 9 0 90 0 0 0 0 0 0 96 36 0 0 0 25 8 89 0 79 0 0 0 0 83 0 0 0 0 36 0 0 0 0 0 0 0 0 0 0 0 98 100 0 0 14 40 0 0 89 0 73 0 85 0 28 54 0 0 0 46 0 0 0 0 0 75 0 0 1 0 0 0 0 0 2 0 0 0 0 0 0 0 0 20 0 7 0 0 0 0 0 0 73 0 32 0 0 0 0 60 0 0 0 55 0 65 0 0 0 0 0 0 0 0 0 0 0 0 0 0 0 0 1 9 0 0 0 0 0 34 0 37 0 0 0 0 0 0 18 86 0 0 0 0 0 0 0 56 80 0 0 0 0 0 61 0 0 0 0 14 0 0 0 0 0 0 0 0 0 26 0 85 0 8 0 64 0 0 89 0 75 0 0 0 0 0 0 0 98 0 0 0 0 0 0 0 0 0 20 0 0 64 40 0 0 29 0 0 0 0 44
0 0 0 0 0 0 82 0 0 0 73 0 39 0 4 0 0 0 0 0 0 22 0 0 0 0 0 0 0 0 0 59 0 0 0 0 7 0 0 56 0 0 36 0 0 0 42 0 38 0 0 0 0 0 0 0 0 0 0 0 0 0 93 0 66 0 50 0 0 100 0 0 0 0 0 0 91 0 0 0 0 0 0 32 0 0 0 0 0 46 0 0 4 0 0 0 0 0 4 9 0 0 0 0 0 0 61 26 0 3 81 0 59 0 0 0 82 0 0 0 0 0 63 0 0 60 77 12 0 0 0 0 0 0 0 0 0 0 76 0 0 0 0 0 0 99 0 0 0 0 0 0 0 0 18 0 0 27 99 87 0 0 0 0 0 0 96 23 0 0 0 0 0 85 12 40 0 0 0 0 0 13 0 44 0 0 0 0 0 64 22 0 0 0 59 0 0 0 45 0 0 4 0 0 0 0 0 0 0 0 0 0 32 0 0 0 0 0 15 0 41 0 0 61 0 34 0 0 0 0 7 0 0 0 0 0 0 15 0 0 0 0 0 0 45 0 25 45 78 0 0 0 79 0 0 0 0 0 52 0 31 0 49 0 33 0 0 0 0 0 80 0 59 9 0 0 0 0 0 62 0 2 0 0 74 0 0 0 0 0 0 0 0 0 0 0 0 19 0 0 0 59 63 35 0 0 50 0 0 0 67 0 0 0 0 0 0 0 0 3 0 0 82 0 86 0 72 0 0 42 0 8 0 0 0 29 0 9 0 60 0 0 0 0 48 0 0 0 0 8 0 0 0 0 58 0 0 0 0 30 0 0 0 0 0 67 0 0 0 0 0 0 0 0 0 0 0 82 0 38 0 0 0 0 0 0 0 0 0 0 95 0 0 20 0 0 0 28 0 0
0 0 89 0 0 42 0 0 26 0 77 0 0 0 0 0 0 0 0 0 99 0 0 34 0 0 0 0 0 0 0 75 0 0 17 0 0 0 0 0 0 27 0 0 0 0 0 0 0 0 44 0 0 0 0 2 0 0 0 25 0 0 19 0 0 0 0 0 20 0 0 100 23 87 0 0 0 0 0 0 0 0 0 0 95 63 68 0 53 0 23 13 0 0 47 45 0 0 0 0 92 0 0 84 0 0 85 0 80 7 0 39 70 0 6 12 20 44 0 27 0 74 0 73 0 40 0 0 0 0 0 0 87 54 0 0 0 0 8 44 0 0 0 0 0 0 62 52 50 0 17 85 0 43 0 0 53 14 66 0 0 0 0 34 0 16 0 0 0 11 27 0 0 0 0 43 0 0 0 0 66 0 0 0 0 0 47 0 0 35 0 0 98 2 0 0 0 45 0 0 0 0 0 0 0 0 42 0 0 0 22 0 0 0 0 0 0 0 7 0 0 0 10 0 95 0 0 0 0 0 50 0 77 0 0 0 32 0 0 0 0 0 0 0 54 0 0 0 0 0 54 67 0 0 0 0 0 0 0 0 0 0 0 0 0 45 0 0 0 0 0 0 34 0 0 0 0 0 0 0 0 0 0 0 100 1 0 64 0 42 0 0 56 82 0 51 0 36 0 24 0 0 35 0 0 0 0 0 0 0 0 8 0 0 0 0 0 47 0 0 0 0 0 0 0 0 37 96 0 0 0 0 0 0 0 0 0 0 0 0 0 14 0 0 0 96 56 8 0 76 0 0 0 36 0 0 0 0 0 0 0 84 24 0 0 0 0 18 0 74 0 0 0 32 0 0 0 82 0 0 92 37 58 0 0 0 51 55 0 0 0 0 16 0 0 0 0 0 0 65
0 0 0 0 0 0 0 0 0 34 75 0 27 0 0 0 0 39 0 5 39 0 58 85 0 0 0 0 0 0 72 10 0 93 57 0 30 0 0 0 0 0 0 8 0 0 0 0 0 0 88 0 0 0 76 33 0 0 61 0 0 0 0 0 5 0 0 0 42 0 0 0 0 96 0 0 0 0 0 24 50 0 0 0 0 0 0 65 0 0 0 0 21 0 0 26 0 0 0 0 0 0 0 0 0 73 36 0 0 0 95 0 0 0 0 0 23 19 0 0 0 0 0 0 0 0 23 0 0 82 0 0 0 0 0 0 85 0 0 0 0 98 0 0 31 80 0 0 0 0 0 0 0 0 0 66 0 0 0 0 60 0 0 0 21 71 0 49 0 74 42 0 0 0 0 0 0 0 0 76 0 0 76 0 0 0 0 0 0 25 0 0 78 0 99 0 0 0 0 0 0 0 0 50 76 0 0 0 0 0 0 55 45 0 0 0 56 0 0 0 0 70 0 35 0 79 0 62 0 97 0 0 0 0 0 0 0 0 0 42 0 80 0 0 0 0 0 0 0 0 0 0 0 0 0 0 0 0 0 0 22 0 0 0 0 0 0 0 0 0 0 0 0 0 0 0 0 38 0 0 0 0 0 0 0 0 0 0 0 0 0 0 0 10 0 33 0 34 0 0 0 48 0 0 49 51 45 0 0 56 0 0 0 0 0 52 0 0 0 0 0 0 0 0 0 0 0 93 36 0 17 0 86 90 0 0 0 0 70 19 0 27 0 82 0 0 0 0 0 0 0 0 0 0 64 0 0 0 33 0 0 0 46 0 0 17 0 0 0 43 0 0 0 30 100 0 0 0 0 0 7 0 0 0 0 0 0 0 0 0 48 0 18 0 99 0 0 0 0 0
0 0 0 54 0 0 69 0 0 0 0 0 0 0 0 21 8 0 0 0 0 0 70 46 0 45 0 0 0 0 0 0 0 58 50 0 0 18 39 0 0 0 0 0 0 0 33 0 13 7 0 0 66 0 0 0 0 0 60 0 0 0 0 0 75 12 3 10 0 74 0 0 0 0 0 0 0 96 0 0 0 0 78 0 0 0 0 0 0 0 0 0 0 0 64 64 0 0 0 0 0 0 0 0 14 59 0 0 0 6 0 0 0 81 15 0 0 0 0 0 60 27 0 0 16 0 23 95 0 0 0 0 0 0 0 0 0 0 0 96 0 0 0 0 0 0 10 20 0 0 0 93 0 3 0 0 0 0 0 0 0 0 0 0 0 0 0 0 0 0 0 0 0 0 0 0 0 0 0 0 0 21 0 0 32 0 0 0 0 0 0 0 0 0 0 0 59 0 0 0 0 0 0 0 0 0 32 44 0 0 0 0 0 0 0 0 0 0 90 0 0 0 0 43 12 0 0 93 0 0 0 0 0 37 91 89 0 0 84 0 0 11 0 88 0 0 0 0 0 0 28 0 0 0 0 0 85 0 94 0 0 0 0 0 35 0 0 0 93 0 0 54 12 0 0 0 0 0 0 94 0 0 0 0 0 86 80 0 35 64 18 0 0 0 0 0 0 0 0 0 0 0 95 0 84 84 0 0 0 0 0 83 0 0 0 0 0 23 0 0 0 0 68 22 0 0 0 0 0 55 0 0 12 38 0 0 70 0 70 18 0 0 0 0 0 0 0 97 0 0 85 0 0 0 0 0 0 0 0 0 48 0 0 0 0 0 40 0 0 0 0 0 34 24 91 0 0 0 0 0 84 26 18 4 0 51 0 0 90 0 0 56 0 0 0 76 0 0 2 0
0 80 0 0 0 26 0 0 0 0 0 0 0 6 0 0 0 0 0 0 0 0 25 0 0 78 78 0 0 7 62 0 0 0 0 0 0 14 0 54 85 73 0 75 41 0 0 0 0 0 0 0 0 0 0 0 59 0 100 0 0 0 30 0 26 65 64 0 0 0 0 0 0 0 22 43 0 0 0 0 0 0 19 0 37 0 57 85 0 60 3 84 0 87 27 0 0 0 0 0 66 47 0 0 0 0 0 0 56 0 0 37 74 0 0 0 100 0 0 0 0 0 0 0 0 0 0 0 0 0 0 0 25 0 0 9 0 91 0 0 0 0 0 0 0 0 0 0 15 89 0 0 0 0 0 0 0 0 0 55 0 55 0 0 95 0 0 0 66 21 33 0 0 0 0 89 0 0 0 0 0 0 56 0 16 0 0 0 0 0 0 0 40 0 0 0 90 0 0 38 0 6 49 0 0 0 0 0 0 0 0 0 66 0 70 0 88 0 0 0 0 0 0 0 15 0 0 0 96 0 0 65 0 0 0 0 36 61 0 0 0 0 0 0 0 0 0 15 0 0 54 0 100 0 0 90 0 86 45 0 0 0 0 0 0 35 0 0 0 0 0 0 0 0 0 0 0 64 0 0 0 0 46 0 0 0 19 0 0 0 0 5 0 0 0 0 0 80 0 0 0 99 54 0 0 0 0 0 0 0 34 0 0 0 94 0 0 0 0 0 0 0 0 0 0 0 0 87 0 0 37 0 0 0 0 56 0 5 0 0 0 0 0 0 0 44 0 33 0 0 17 45 0 85 0 0 0 0 0 0 0 0 0 0 0 0 0 0 0 17 0 0 21 0 0 97 0 0 0 0 0 0 93 0 0 0 0 85 0 0 0 64 35 0 0 0 0 0 0 0
0 0 0 0 0 0 0 0 0 0 0 0 0 0 0 0 0 14 26 0 0 55 5 52 16 14 0 36 80 0 0 52 0 0 0 10 0 0 0 0 66 0 75 48 0 0 0 0 9 0 66 0 0 0 0 0 15 11 46 0 0 5 0 0 0 0 0 88 0 0 0 0 73 0 0 0 0 28 77 0 19 0 0 0 0 83 0 0 92 18 0 0 0 0 0 0 87 0 0 0 0 63 45 0 4 73 47 0 0 0 0 0 40 32 0 0 0 0 0 0 0 0 90 0 40 0 0 0 0 44 40 0 0 0 21 0 0 0 50 0 23 0 75 0 0 0 71 0 0 0 0 38 0 0 0 0 0 0 0 0 84 0 0 56 73 0 0 19 0 90 0 0 0 0 27 0 0 0 0 0 0 0 2 0 0 9 0 7 0 0 0 0 0 96 3 0 51 0 0 7 0 0 0 0 6 0 53 85 0 0 0 0 0 0 0 0 0 66 66 0 19 0 12 0 0 0 0 0 41 0 0 0 0 83 62 0 0 50 0 0 0 0 0 0 100 0 0 13 63 1 0 0 46 0 0 42 0 92 35 0 0 0 0 0 0 56 0 0 0 35 79 83 27 75 90 81 0 0 0 0 0 0 0 0 94 0 52 17 0 0 0 0 0 97 0 93 60 0 0 5 6 0 0 70 0 36 0 38 30 0 0 0 0 21 0 0 0 0 0 0 0 0 0 0 0 0 0 0 0 0 0 0 0 0 0 0 26 54 0 0 0 39 34 0 0 0 0 24 16 0 0 0 0 0 0 0 0 0 0 99 0 0 76 0 94 0 0 0 0 60 81 0 0 22 0 0 0 0 86 0 8 0 40 0 17 0 0 0 0 8 0 0 0 0 0 0 0 0 0 0
0 0 0 17 0 0 0 0 0 0 95 0 0 0 0 0 88 0 0 0 0 0 0 0 0 0 8 71 85 70 0 67 0 0 0 0 0 0 0 0 0 27 0 0 0 0 0 0 0 0 65 0 0 55 0 0 0 42 0 0 0 0 75 0 0 0 0 0 0 2 0 0 0 0 0 0 0 0 88 48 0 0 32 0 0 0 0 68 0 0 0 0 0 32 96 0 0 0 0 0 0 40 0 0 0 0 0 28 0 0 0 0 0 0 0 0 0 0 0 15 0 0 60 0 25 96 0 0 0 0 73 0 0 0 0 0 0 0 0 0 0 0 63 0 0 93 0 20 11 0 26 0 0 48 0 26 0 0 87 0 0 0 72 87 0 0 0 0 0 0 0 0 0 30 0 0 23 0 0 0 0 0 52 0 35 17 29 0 0 0 0 0 0 0 0 0 0 72 0 0 0 0 0 50 53 0 0 0 0 0 43 0 0 0 0 0 0 0 32 0 0 0 0 0 0 0 0 0 0 0 0 48 0 0 0 0 0 0 0 0 0 0 47 0 0 0 0 0 81 0 6 32 0 0 0 0 68 0 3 0 54 0 0 0 0 0 0 0 76 0 81 91 0 0 0 62 25 74 0 0 0 0 93 0 0 0 0 0 0 0 76 0 0 55 0 41 0 0 79 94 2 97 0 0 7 0 91 0 0 0 0 0 96 0 0 0 0 0 0 0 86 0 9 0 0 42 0 0 76 0 35 32 0 0 0 18 10 68 0 47 19 0 0 0 0 0 0 27 90 0 0 0 0 0 83 0 0 0 0 0 0 0 0 0 9 25 0 0 0 0 96 0 0 0 71 0 0 78 76 70 0 77 0 0 98 0 0 0 0 34 0 0 0 0 76 0 62 0 66 0
0 98 80 0 58 70 11 45 0 24 0 0 0 0 0 65 0 49 49 0 0 36 0 0 0 0 28 100 0 0 40 0 0 0 0 0 0 67 0 0 0 0 90 97 41 0 0 0 0 55 59 93 64 0 94 0 85 0 69 0 0 0 0 77 0 82 0 0 0 0 0 0 0 0 0 94 0 0 0 0 0 0 0 0 0 0 0 0 0 0 0 0 0 23 0 0 0 0 0 0 0 0 0 0 0 0 0 82 54 54 0 83 0 0 0 0 60 0 0 0 39 0 0 67 0 86 0 0 0 0 22 0 0 0 0 15 0 95 0 0 0 52 99 0 70 0 44 0 93 19 0 0 0 0 0 0 0 0 0 0 0 0 0 0 0 0 0 0 0 0 0 0 56 0 0 0 0 0 0 0 0 0 90 0 0 0 63 0 0 0 0 0 52 76 45 1 0 0 0 0 0 0 0 0 0 0 0 0 17 0 0 0 0 0 0 0 0 14 0 0 0 0 0 0 0 0 39 100 71 0 0 0 0 43 0 61 0 0 0 0 0 78 0 0 51 0 41 2 0 17 0 0 0 92 0 18 0 0 0 0 99 63 0 12 10 0 0 0 41 0 56 0 0 0 0 0 34 0 0 0 0 37 0 0 0 0 0 33 0 31 0 0 0 0 0 71 0 0 0 0 0 0 55 0 0 0 0 0 0 0 43 9 0 0 0 0 0 0 0 0 0 0 41 34 0 0 0 0 0 0 63 0 0 8 0 0 0 0 0 0 0 63 0 0 60 86 0 72 0 0 0 0 0 0 0 0 77 34 0 0 0 66 0 0 0 0 96 0 76 0 0 80 0 59 0 0 60 0 0 0 0 0 23 35 0 0 0 19 0 0 0 32 0 0 0 0 0 63 0 0
0 0 46 0 0 0 0 0 88 68 23 60 0 0 0 27 0 0 0 75 0 0 0 0 0 49 0 0 0 35 0 0 48 19 0 0 0 0 0 0 0 23 0 49 0 0 0 0 96 3 62 0 0 0 0 0 0 0 13 45 0 0 10 0 0 0 42 0 0 0 0 0 44 0 0 0 0 0 85 0 0 0 0 25 72 0 0 0 0 49 0 0 0 0 0 56 0 0 0 0 0 0 0 0 0 0 0 21 0 37 0 79 0 0 0 0 92 0 0 0 67 0 0 0 0 0 8 0 0 0 80 52 0 11 0 42 0 0 0 83 0 0 0 0 0 0 0 93 0 0 0 0 0 40 0 58 0 0 0 0 0 0 0 0 13 0 0 0 0 0 0 0 0 0 0 84 0 0 6 0 0 0 0 0 97 0 0 72 0 0 99 0 0 0 0 0 11 0 6 0 27 0 0 0 0 0 89 0 0 0 0 0 0 0 0 0 0 0 47 35 0 0 0 0 0 0 0 0 0 0 0 0 0 0 68 31 0 0 0 0 50 0 0 0 29 0 0 0 0 0 3 0 0 0 20 0 40 0 40 0 0 0 0 0 0 0 0 0 0 0 72 0 22 73 65 61 0 0 0 0 0 56 55 0 63 61 0 0 0 0 0 0 0 0 0 0 0 0 24 44 0 0 0 0 2 0 0 0 23 0 0 0 0 0 0 0 0 0 0 0 0 0 0 0 0 37 0 38 0 56 0 54 0 5 0 0 87 47 0 0 0 0 0 0 0 0 0 0 0 0 0 9 0 0 0 0 29 0 0 75 59 8 0 0 0 0 44 66 0 0 0 0 0 0 0 55 0 0 0 74 0 0 0 0 34 0 0 0 0 0 0 0 0 0 0 0 0 0 0 6
0 0 0 0 0 0 20 0 0 0 4 0 0 0 0 0 0 0 0 54 0 0 0 0 0 0 0 0 0 0 0 0 0 0 0 0 66 48 0 0 0 0 0 0 0 0 0 23 0 29 0 0 0 81 30 2 0 0 0 0 0 53 0 0 28 0 21 0 0 70 49 0 0 0 0 29 0 0 0 0 0 3 47 98 0 14 0 0 0 0 0 0 0 94 0 0 45 0 0 0 0 0 0 0 0 69 35 0 64 0 0 0 0 0 0 0 0 0 0 40 0 85 0 0 0 1 0 0 0 0 0 0 0 0 0 0 0 45 0 0 0 0 97 0 0 98 0 0 0 0 0 0 0 0 0 55 85 0 84 0 0 0 0 0 0 0 0 0 0 17 0 0 3 0 0 87 0 0 0 0 0 34 0 61 0 0 0 0 0 0 0 0 0 12 33 0 0 0 0 0 0 0 0 0 0 0 0 59 0 2 46 0 0 0 0 0 0 0 0 0 0 52 0 9 0 0 0 0 12 0 0 0 0 0 0 98 0 0 0 11 0 15 0 42 0 0 85 0 0 35 81 0 0 0 0 0 0 61 0 0 0 0 0 0 37 14 0 0 0 0 0 83 0 0 0 0 90 56 91 0 76 0 0 0 0 0 0 0 38 82 90 79 0 29 0 0 0 0 72 0 0 63 0 0 0 0 0 0 0 0 57 0 0 63 0 92 0 55 47 97 45 0 92 0 0 0 0 0 43 0 0 0 95 0 0 0 0 94 0 0 0 0 0 61 0 0 0 0 0 71 33 0 0 0 0 0 0 11 4 0 0 0 0 0 0 0 0 0 0 0 0 0 22 0 60 0 0 0 50 30 90 0 0 0 61 95 37 0 0 0 2 0 0 0 0 0 0 0 0 65
0 0 0 15 0 35 0 0 0 0 0 0 89 0 0 0 0 0 0 0 9 0 0 40 0 5 0 0 0 0 0 50 0 0 62 0 7 0 99 0 0 0 0 0 0 0 0 43 0 0 0 0 77 0 0 0 30 0 84 17 0 56 0 0 0 0 0 0 0 0 0 58 0 24 0 0 98 0 82 0 82 0 0 0 0 0 0 0 0 0 0 0 0 0 0 0 0 0 0 99 0 54 0 0 0 0 51 0 0 0 0 0 0 0 0 0 0 0 0 3 59 12 0 0 0 0 0 43 33 48 0 95 0 39 43 0 0 0 0 0 97 0 0 53 0 39 0 0 0 41 0 0 0 0 0 0 48 0 0 0 0 0 0 0 59 7 0 0 19 0 0 12 7 18 0 0 99 0 0 0 0 70 0 87 0 71 0 0 0 63 0 0 0 0 0 0 0 0 0 79 0 5 10 0 88 42 0 26 0 0 0 0 0 0 0 0 57 0 0 0 77 3 0 11 0 0 52 25 0 0 0 0 0 0 16 78 53 0 0 0 0 0 90 0 0 0 0 0 0 0 77 0 0 0 0 95 0 0 48 0 0 57 0 0 0 0 0 0 82 0 0 70 0 0 0 47 0 0 0 73 92 0 0 0 0 0 0 0 0 0 0 46 60 0 0 0 0 0 0 49 0 0 0 0 0 0 46 0 0 36 0 38 0 0 0 66 60 5 0 0 0 0 0 0 84 31 0 0 0 0 0 0 0 24 89 0 0 0 0 44 0 0 0 0 75 0 0 0 0 0 0 0 0 0 0 0 0 0 0 0 48 0 0 0 9 0 0 0 0 0 0 0 0 0 34 0 63 68 36 0 0 53 0 0 0 0 0 0 0 50 0 0 0 84 0 0 0 0 0 0
0 0 0 0 0 0 0 0 0 0 0 0 0 0 63 0 0 0 0 0 14 60 85 0 0 0 72 79 0 0 0 0 0 0 54 0 3 0 0 0 0 4 72 0 47 0 0 0 0 0 0 0 32 0 0 0 0 5 0 32 0 0 30 0 61 0 0 0 75 0 0 0 96 0 0 0 0 0 0 34 34 0 0 53 57 0 0 82 0 0 2 0 0 0 0 90 0 0 0 0 0 0 0 0 0 0 74 4 0 0 0 0 0 0 0 0 0 0 0 0 93 0 0 0 0 25 19 0 0 0 0 0 0 0 0 0 0 0 0 0 52 0 0 0 0 0 0 88 0 0 0 0 30 0 0 0 0 0 0 0 0 96 48 0 0 0 0 0 0 0 0 0 0 0 0 0 0 0 0 33 96 34 25 5 0 0 0 0 0 0 0 0 0 0 1 0 99 0 0 0 91 0 98 0 0 0 0 0 0 0 0 0 0 0 0 97 0 0 0 0 0 63 0 0 0 0 0 89 0 63 0 0 0 0 0 0 71 43 35 0 0 0 0 46 0 44 0 0 0 0 81 0 0 0 0 0 35 0 41 0 0 92 0 0 0 81 0 31 94 12 0 0 0 0 0 0 69 38 29 68 0 0 0 0 0 95 0 65 0 0 0 0 0 0 0 29 25 0 0 0 42 0 0 19 0 0 0 20 0 0 0 0 0 0 30 0 5 0 0 0 0 0 0 0 9 0 0 67 13 0 47 0 0 0 0 0 0 0 25 0 0 0 86 0 0 0 0 0 0 0 0 0 0 0 0 0 0 0 0 0 0 0 0 31 0 0 0 0 0 0 20 0 0 0 0 0 0 0 55 0 0 0 0 0 87 0 0 83 58 0 0 0 0 0 0 44 49 0 0 0
0 0 17 93 0 19 0 0 0 0 0 3 0 0 0 0 0 0 0 0 0 47 0 0 32 0 0 0 0 0 90 7 49 0 44 0 97 0 0 0 21 0 14 0 0 54 0 0 0 0 0 0 0 0 93 0 32 0 33 0 0 0 0 8 47 0 79 0 42 0 0 0 0 0 0 0 92 0 43 0 0 0 0 0 0 0 0 0 0 61 0 0 94 0 0 4 0 0 98 0 77 0 0 39 44 0 0 0 0 37 31 46 0 0 0 0 0 0 22 0 82 0 0 0 0 0 0 0 0 0 0 99 0 0 25 0 66 96 0 5 0 73 46 38 0 0 0 14 45 0 0 0 0 44 0 0 23 0 0 89 0 100 24 0 0 12 23 0 0 0 0 0 61 31 0 32 0 0 0 0 0 0 54 0 0 0 54 35 0 0 0 51 0 0 14 9 0 0 0 0 0 0 0 0 0 0 34 55 87 0 0 0 0 0 0 0 0 0 0 0 32 0 0 0 45 0 59 0 13 80 0 0 0 0 0 0 32 30 0 0 0 0 0 0 0 0 0 96 0 0 89 50 0 0 0 0 0 0 63 61 0 0 0 0 0 0 0 0 0 52 0 0 0 0 0 0 0 0 0 0 87 0 0 97 0 52 4 0 33 0 0 0 0 0 89 0 53 0 0 0 0 0 0 0 0 0 0 0 0 0 0 0 0 0 0 63 0 0 56 0 0 0 0 0 0 0 0 0 18 0 0 0 43 0 0 43 0 0 0 48 0 22 0 0 50 0 0 0 0 0 0 0 34 0 0 0 0 80 88 0 0 0 0 1 38 7 0 0 0 3 0 0 0 0 83 0 91 0 0 0 0 0 0 42 29 55 0 0 0 96 0 0 25 0 0 0 0 0 0 0
0 0 0 0 0 0 0 0 0 47 0 56 31 0 70 0 0 96 0 76 0 0 0 0 0 0 0 0 0 37 0 0 0 0 0 0 24 0 0 0 0 29 0 0 0 30 0 0 0 0 0 0 0 0 74 0 0 83 0 0 0 0 0 0 0 0 0 0 0 53 90 20 0 0 0 0 0 0 0 89 0 0 0 53 0 40 0 0 0 0 0 0 66 0 0 0 89 0 1 0 0 76 0 0 0 0 0 0 0 0 26 0 68 0 80 0 73 0 0 0 0 18 0 28 80 0 0 0 0 0 0 0 0 0 0 0 23 33 0 0 68 0 0 96 0 14 0 21 73 0 97 0 0 84 0 0 0 31 0 0 39 0 23 0 0 0 0 0 44 0 0 0 0 9 0 0 0 49 0 14 0 0 0 0 91 0 0 0 82 0 0 0 0 85 0 73 0 66 0 0 0 0 52 0 0 0 0 0 33 0 0 0 84 0 0 0 0 0 0 0 0 0 27 0 42 0 0 3 0 51 0 43 13 0 50 0 0 0 15 33 0 9 0 0 23 79 0 19 0 0 75 0 0 0 33 0 0 0 0 0 50 45 0 33 0 0 17 0 0 0 0 0 0 0 0 0 67 0 0 0 68 0 0 0 0 0 0 0 0 33 56 0 69 42 0 0 0 0 0 0 16 0 0 74 66 0 29 0 69 0 0 0 0 0 0 0 0 0 0 0 0 0 0 0 0 0 0 0 0 0 0 0 0 0 0 0 0 0 0 0 0 0 0 95 24 0 0 0 0 0 0 0 0 0 0 0 0 0 0 0 0 0 0 0 0 0 0 0 0 0 0 0 56 96 0 2 49 69 0 0 0 0 0 0 0 0 0 0 0 65 0 0 77 95 96 24 0 0 0 0
0 0 70 0 0 51 0 0 39 0 0 0 0 0 0 0 0 84 65 0 20 0 62 62 0 0 0 49 0 0 0 87 0 0 0 0 0 95 0 0 0 0 0 0 0 0 10 0 35 10 0 0 0 27 0 0 0 0 0 0 0 0 0 0 0 0 0 76 0 0 2 0 88 75 86 0 12 0 0 0 0 0 0 0 0 0 0 0 0 76 85 0 0 0 0 41 0 0 0 0 0 97 0 0 0 0 23 0 0 38 0 70 78 0 0 0 0 0 0 0 0 0 0 0 0 41 100 0 34 0 18 26 68 0 0 0 0 0 0 0 0 0 48 0 0 0 0 0 0 50 0 30 0 77 0 0 0 85 0 0 95 0 0 0 0 0 0 8 0 0 41 0 0 0 7 76 0 0 0 0 0 0 0 53 0 0 0 0 0 0 0 62 0 12 86 62 15 0 12 0 0 0 77 0 40 0 0 0 0 94 0 0 20 0 0 0 0 20 78 0 0 43 0 0 0 71 0 0 7 2 94 0 0 0 0 0 0 0 0 0 0 0 90 0 18 0 0 0 0 38 99 75 0 87 0 26 0 98 0 0 0 0 0 0 0 0 0 0 100 49 0 16 0 0 0 0 0 0 0 34 0 0 0 63 0 59 0 0 0 0 0 0 0 0 0 93 0 35 0 0 0 0 0 0 100 0 0 0 1 65 69 0 9 19 0 47 11 0 85 36 30 0 0 0 0 0 0 0 0 49 83 0 0 0 0 0 72 41 0 0 49 0 0 100 0 0 0 0 0 0 0 0 0 0 0 0 32 0 84 0 0 0 0 0 0 4 20 0 0 0 0 0 0 0 0 0 0 0 100 0 0 0 0 0 0 17 0 0 0 0 41 0 0 0 0 51 0 0 24 0
0 52 0 0 0 0 74 0 0 82 0 0 73 38 0 0 0 11 0 0 0 0 0 0 25 0 0 5 0 0 0 0 6 0 53 0 0 32 0 0 0 0 0 0 54 0 0 0 0 0 0 21 84 0 0 0 53 0 0 0 0 0 0 0 0 0 8 0 0 0 0 0 0 0 0 0 0 0 0 49 0 66 0 0 15 0 0 32 22 84 16 0 0 32 72 0 0 0 0 0 15 0 0 0 1 0 0 0 0 0 33 0 0 0 0 0 0 0 39 0 0 19 0 0 0 0 0 0 0 56 1 0 0 0 0 86 0 90 0 87 0 0 67 0 0 52 93 80 11 0 82 0 0 19 0 0 72 0 0 69 0 8 0 0 0 0 0 0 42 13 0 0 0 0 0 0 0 0 0 0 0 13 0 0 0 0 0 0 0 0 0 77 0 71 0 0 20 0 0 52 0 0 0 0 0 0 47 0 0 0 0 0 63 0 0 0 0 23 0 0 0 5 0 80 0 0 0 0 0 0 0 45 23 29 0 0 0 0 0 0 71 0 0 98 11 0 0 0 0 0 0 0 0 0 0 0 0 0 0 0 0 32 0 0 0 0 0 0 0 0 0 0 24 0 0 93 0 0 85 0 0 0 0 0 0 84 0 0 60 0 0 41 0 7 0 0 0 25 0 0 0 0 0 0 0 43 0 0 0 0 0 0 0 0 0 0 8 0 0 0 41 50 22 0 0 94 0 8 0 61 0 0 0 0 0 19 12 71 0 0 64 0 39 80 33 0 0 0 0 0 0 0 29 0 0 0 48 0 0 0 0 0 22 0 0 0 69 0 0 0 0 0 67 0 51 0 0 0 0 0 0 0 0 0 0 0 0 0 0 25 0 0 0 59 0 0 0 0 0 0
0 0 0 0 0 0 0 52 86 0 77 0 0 96 0 0 0 27 71 0 0 78 0 0 94 0 0 0 0 13 0 56 0 0 0 0 82 0 0 0 0 0 0 0 0 0 0 0 0 64 0 0 0 0 0 0 13 62 0 0 46 0 0 0 0 0 0 0 0 0 0 0 0 0 0 0 0 18 0 0 0 0 20 76 0 0 0 0 0 0 3 48 5 0 0 0 0 69 0 0 0 0 0 0 0 0 0 0 0 0 0 0 54 0 0 0 0 0 0 0 0 0 0 0 46 0 0 0 0 7 67 0 0 0 0 29 0 0 0 0 84 0 0 32 0 0 0 0 36 0 0 0 0 0 0 0 0 0 0 0 0 0 26 0 0 60 0 0 0 0 0 43 0 0 0 0 0 71 0 0 0 0 0 32 0 0 0 0 0 0 0 0 0 73 33 0 93 0 66 0 0 0 0 0 68 0 0 0 0 0 0 0 0 0 43 0 10 0 35 75 95 36 0 97 0 0 0 28 0 0 87 0 0 0 0 0 0 90 0 2 0 0 70 0 66 0 0 38 0 0 0 0 5 0 0 87 0 0 22 0 41 0 0 14 0 0 0 0 0 0 0 11 0 0 0 68 0 47 0 0 0 16 0 100 0 0 73 0 0 39 79 73 0 0 29 22 0 0 0 21 0 0 0 91 0 0 0 0 89 0 42 0 0 0 20 0 35 0 0 0 71 0 0 0 19 0 0 0 72 0 0 0 0 0 0 0 0 7 0 0 0 30 0 0 0 0 0 0 0 0 0 0 0 0 0 0 0 0 0 15 0 85 0 46 0 0 4 0 87 85 0 0 0 0 0 15 0 17 0 0 0 0 0 80 0 0 0 58 0 0 0 51 0 0 0 0 46 0 55 0
0 0 0 0 0 0 0 0 68 50 0 54 0 0 0 0 0 21 0 0 0 0 47 0 0 0 55 74 0 59 56 0 0 0 0 17 0 0 0 53 0 19 0 0 0 60 61 0 0 42 73 0 0 0 82 0 0 0 0 0 0 0 0 0 45 3 0 0 88 0 0 0 0 0 0 0 32 0 0 44 74 0 27 0 0 0 0 0 0 0 40 0 0 78 0 0 0 0 19 5 0 85 0 71 86 0 0 75 0 21 20 0 0 0 0 0 0 0 0 0 0 75 63 0 64 36 39 34 93 0 0 0 0 0 0 0 41 0 0 0 0 0 21 0 0 96 0 0 0 0 0 0 0 53 0 0 0 27 0 15 0 0 86 41 0 0 33 0 86 12 0 0 33 0 81 0 0 0 0 20 0 0 9 59 0 51 0 0 0 0 0 0 0 0 0 0 0 0 0 0 0 30 0 0 0 0 0 0 50 0 0 54 0 0 0 0 0 93 0 0 0 0 0 81 64 0 0 0 0 0 0 0 63 0 10 0 13 0 0 0 0 0 0 0 0 0 0 99 0 0 0 96 0 0 33 0 0 0 36 0 52 0 0 0 0 68 0 0 13 0 0 58 0 65 0 0 0 0 0 0 8 0 0 55 0 0 0 41 73 40 0 0 0 0 0 0 0 0 0 0 0 91 4 0 97 0 0 23 0 76 0 59 56 0 0 21 38 0 0 0 37 0 0 0 0 0 82 70 0 0 30 88 0 0 0 0 0 0 0 49 0 0 0 0 0 0 7 0 0 0 0 0 3 0 90 0 0 29 0 0 0 0 43 0 0 0 1 0 0 10 48 0 83 29 0 0 0 0 96 0 0 32 55 72 0 0 0 12 87 7 93 44 0 71 0 0 46 0 0 0
30 0 0 68 0 87 0 0 86 0 0 0 0 0 28 0 1 0 0 0 88 0 0 0 0 0 0 0 0 0 89 0 0 0 0 0 0 0 0 0 0 15 0 0 1 94 0 48 77 0 0 0 0 0 0 0 0 0 0 55 0 0 0 0 0 96 0 0 0 0 65 0 86 0 16 52 0 0 26 0 16 2 18 63 0 33 0 0 0 0 0 0 0 40 0 0 81 0 0 0 0 0 13 0 0 0 0 0 0 0 5 0 0 40 0 0 0 0 0 0 0 0 0 0 0 0 0 0 63 0 0 0 0 0 99 0 0 92 0 0 46 24 0 0 0 1 0 0 74 0 0 0 0 0 0 0 0 0 0 0 38 0 0 0 0 34 0 0 0 0 0 0 0 0 0 80 0 70 0 0 80 0 0 0 0 41 0 0 0 0 0 44 0 0 0 0 11 0 0 56 0 0 0 74 0 0 100 25 0 0 68 0 0 0 39 0 83 0 0 0 0 0 0 0 0 96 0 57 0 0 0 0 0 0 0 0 41 0 0 0 0 0 0 0 0 13 0 0 0 0 0 0 82 0 52 0 0 0 11 0 0 0 0 0 0 37 0 0 0 0 0 0 0 0 0 15 0 0 0 52 0 0 0 0 95 43 31 0 0 36 0 0 81 0 69 0 0 0 68 0 0 53 51 0 0 0 1 0 0 0 0 0 46 0 0 0 0 0 51 0 0 0 0 0 0 0 0 0 9 0 0 43 0 0 0 0 0 0 0 73 0 0 0 0 0 0 0 0 0 0 24 44 0 81 0 0 0 0 0 16 0 0 0 0 0 0 0 0 66 0 97 0 0 0 0 78 0 0 10 0 19 0 2 0 0 0 0 0 0 0 0 0 0 0 0 0 0 0 0 0
0 0 0 0 38 0 0 0 0 0 94 0 0 36 0 1 0 0 0 0 0 0 0 0 0 0 0 0 0 22 0 0 0 0 0 99 0 0 0 83 0 0 0 0 88 71 0 98 0 0 69 0 0 63 0 16 71 0 0 18 0 0 0 25 0 0 0 0 0 0 51 0 0 0 0 7 6 62 33 0 0 0 10 24 33 8 0 0 0 0 0 0 0 0 0 52 0 0 61 20 0 0 93 0 0 68 0 33 0 12 0 0 0 10 0 0 0 0 0 0 60 0 38 0 1 0 0 9 78 0 0 0 0 0 69 0 0 90 0 0 0 0 0 18 0 0 82 0 0 0 72 96 0 85 0 0 0 78 20 0 0 0 0 0 0 56 0 0 0 69 0 0 0 0 0 0 25 0 0 0 0 0 0 0 0 85 44 0 0 0 26 0 13 7 0 0 39 44 0 11 0 0 0 0 0 0 0 55 0 0 0 0 0 28 0 96 0 0 75 0 0 0 98 0 0 77 21 0 0 0 52 94 0 0 0 0 0 0 55 0 0 0 0 0 0 0 0 87 0 96 0 0 0 0 93 0 0 0 0 0 75 77 0 0 0 0 0 0 0 0 94 0 73 0 0 31 18 0 0 0 0 0 0 0 0 0 74 0 0 0 0 0 0 0 0 0 0 0 51 0 98 0 42 0 69 24 0 0 0 0 0 0 0 0 0 0 0 0 0 0 23 0 0 0 0 0 71 63 0 0 0 0 95 0 0 0 69 0 3 59 0 0 0 89 0 0 0 0 15 50 0 0 59 64 0 40 42 0 0 0 35 0 69 0 0 0 0 0 1 0 84 74 0 0 0 21 0 0 26 0 0 0 76 0 0 0 0 98 0 0 0 0 0 0 0 18 0 0 0 0
0 0 0 0 0 0 1 0 0 0 0 0 0 0 56 0 2 0 0 0 0 0 0 0 0 0 0 0 0 13 5 0 0 94 0 0 0 0 0 0 0 14 0 0 0 0 0 34 0 0 0 0 0 0 85 0 0 0 0 0 94 0 0 0 0 0 0 0 81 0 0 0 0 0 0 50 0 0 0 76 0 0 0 47 0 25 19 0 0 0 0 0 0 66 11 0 0 45 58 41 0 28 0 0 0 0 0 0 98 0 0 45 0 0 52 99 0 0 0 0 0 0 16 0 0 73 0 0 38 0 0 0 0 0 0 0 0 0 0 0 0 0 0 0 0 33 0 0 76 88 0 1 0 0 0 99 0 0 53 0 0 0 93 0 100 0 0 0 0 22 0 97 0 0 0 72 0 29 0 92 0 0 0 61 0 37 78 0 0 8 0 0 0 0 0 0 0 4 7 0 59 0 24 0 0 0 0 0 94 0 0 0 0 0 8 24 0 7 18 0 0 4 0 0 0 0 76 0 0 0 0 0 0 0 0 0 0 0 0 0 41 5 0 13 0 0 0 0 0 0 0 0 0 0 50 39 0 0 0 0 57 0 0 0 0 78 0 50 0 0 95 0 0 0 0 85 0 0 0 0 23 0 42 62 0 0 63 0 91 0 49 0 0 0 0 90 0 0 0 0 98 0 0 0 0 0 72 0 0 48 34 0 0 0 0 0 0 0 0 58 87 0 0 0 0 0 0 0 0 97 40 0 37 0 0 73 33 0 0 86 0 94 0 0 36 0 100 0 0 0 0 0 0 0 0 84 0 0 0 0 89 97 0 42 62 0 0 0 0 40 72 0 0 0 0 0 53 0 0 0 0 0 0 41 0 0 0 0 0 0 22 0 0 0 0 0 0 0 0 0
44 100 96 36 0 0 40 0 0 29 0 0 0 0 0 0 10 20 0 0 0 48 0 64 6 0 0 0 0 0 0 0 0 0 0 0 0 0 71 0 0 65 19 0 37 98 53 0 0 0 0 0 0 0 91 89 14 43 0 0 18 0 0 97 0 0 30 0 0 0 65 0 0 0 0 30 0 0 0 0 43 0 35 0 0 91 0 0 60 0 0 0 0 0 43 0 0 0 0 0 95 78 0 0 0 0 0 0 0 0 0 0 24 0 0 0 77 0 0 0 0 33 0 0 0 0 86 0 44 0 0 0 0 0 41 0 0 81 0 0 93 0 0 0 0 22 0 0 0 60 0 47 9 0 0 4 0 0 0 0 23 0 0 0 0 88 0 0 0 0 0 0 0 0 37 0 0 92 0 0 0 0 0 67 77 89 0 0 16 0 0 0 0 0 0 0 0 23 0 0 56 0 0 0 0 3 42 0 0 0 44 5 27 0 0 0 0 0 36 0 0 0 0 44 0 0 0 4 0 0 0 0 89 0 0 0 0 29 0 0 69 0 0 0 12 86 0 0 0 0 0 32 0 1 0 0 0 0 58 0 0 0 0 0 0 0 0 0 0 0 0 0 0 0 0 0 0 0 0 0 0 68 0 27 0 0 0 0 0 0 0 0 89 0 0 0 0 0 46 0 13 0 0 0 63 0 17 26 0 75 0 0 3 0 0 0 0 0 0 0 69 75 0 13 33 83 0 76 0 0 0 0 27 0 75 0 72 0 74 0 85 37 43 0 43 0 0 0 0 0 0 0 26 76 0 0 0 0 0 17 0 74 0 79 0 0 0 0 0 0 1 97 0 0 0 0 0 11 0 0 0 0 0 0 99 11 0 0 0 34 0 0 0 0 0 0 0 31 57 0
0 0 0 0 0 0 0 0 0 0 0 0 0 0 0 0 45 0 0 0 100 3 18 0 0 0 0 0 61 0 0 0 0 0 21 0 0 0 36 20 0 0 0 0 0 0 0 77 92 62 77 76 0 0 0 0 76 0 91 0 0 0 0 60 0 0 0 0 0 0 90 19 0 0 0 38 0 0 0 9 93 73 0 0 0 0 0 47 52 85 0 0 0 0 90 0 0 0 0 0 90 0 0 0 0 87 0 0 0 0 0 0 7 0 0 0 0 0 78 14 0 0 0 0 0 0 0 0 0 0 0 0 0 0 72 0 0 28 30 0 0 0 0 0 25 0 0 0 0 0 0 40 0 0 0 0 0 0 63 40 0 0 58 7 0 0 0 64 44 0 0 0 0 0 0 27 79 0 0 34 0 0 0 0 14 75 0 77 0 94 0 0 0 0 0 14 0 51 0 49 0 0 0 31 0 0 0 0 0 0 99 24 0 0 0 0 0 0 81 0 0 66 33 19 0 0 11 0 0 20 0 0 0 0 62 0 0 15 0 0 0 48 0 0 0 0 0 0 0 0 0 0 0 0 22 0 0 0 0 26 0 0 54 0 62 0 0 0 0 0 0 0 17 0 0 0 0 45 0 0 0 19 0 30 0 0 0 0 0 0 0 0 0 73 0 0 83 0 0 0 49 0 0 0 0 96 0 100 21 0 0 0 0 0 0 0 0 55 0 93 0 93 0 0 0 0 0 0 0 0 0 0 0 0 0 0 0 0 0 0 0 0 0 86 0 0 86 0 0 74 0 18 0 0 93 0 0 10 0 0 0 0 0 0 0 0 0 10 19 0 74 0 0 0 0 0 0 0 75 9 0 47 0 0 0 53 0 78 0 0 0 32 0 0 0 0 16 0 0 0
0 44 0 0 0 0 9 0 59 0 0 0 0 0 0 23 0 0 0 0 0 32 0 0 57 0 0 0 45 0 82 0 0 0 0 0 0 61 0 81 23 0 75 98 0 46 42 8 0 0 0 0 0 0 0 13 0 0 0 0 0 0 0 67 0 0 0 0 0 0 68 0 0 0 0 0 47 0 0 0 0 19 0 0 0 0 0 81 0 99 5 0 0 8 0 0 0 0 0 0 0 41 0 0 0 0 42 0 0 0 0 0 0 0 0 0 60 50 0 0 0 0 94 0 0 0 0 0 0 0 0 0 0 93 0 0 0 0 0 0 0 53 0 0 0 0 0 0 0 0 0 0 0 83 0 0 0 0 0 0 0 0 0 0 0 0 0 0 0 0 0 94 0 0 2 0 67 85 0 15 0 86 0 0 0 36 0 0 0 0 0 0 68 0 0 0 0 0 58 0 0 0 0 19 0 0 0 0 0 0 0 0 0 0 0 0 0 0 50 0 42 0 0 0 0 0 17 0 82 67 38 89 0 53 38 0 43 0 0 30 0 0 0 0 21 0 0 0 45 36 0 0 0 0 0 0 0 42 0 0 17 0 16 83 64 31 0 0 85 0 0 0 55 0 0 34 0 0 0 93 0 0 10 0 0 0 0 0 0 53 0 80 50 0 0 0 0 98 21 0 0 0 0 0 0 0 0 0 0 0 0 0 0 43 0 0 0 74 0 15 0 0 0 0 0 88 0 0 0 0 83 0 0 77 0 0 59 0 8 71 0 0 0 56 0 63 55 75 78 0 0 0 0 0 0 0 15 4 50 22 0 0 0 80 0 0 0 0 22 0 0 0 0 0 0 0 28 0 97 0 0 96 0 0 18 88 0 0 0 0 0 24 0 0 0 56 13 0 0 57
0 43 0 76 0 0 17 83 0 26 40 97 0 0 75 0 96 0 6 62 0 0 24 5 56 0 56 0 0 0 0 0 0 0 0 0 0 0 40 0 0 86 0 0 0 0 0 0 0 0 0 15 0 0 0 0 0 0 0 26 5 35 39 0 0 0 0 0 0 0 9 0 0 85 60 0 0 0 0 0 0 0 50 0 0 10 0 52 0 0 58 0 45 0 0 0 0 0 0 13 0 0 0 0 0 0 0 22 36 0 0 0 0 0 0 0 0 0 0 62 0 0 0 47 56 26 0 79 0 0 14 0 0 0 13 0 0 30 0 0 0 0 0 0 0 0 0 0 0 0 0 60 0 0 0 0 0 89 0 0 0 0 0 0 0 0 86 0 0 65 0 0 0 94 0 0 46 0 0 0 0 0 0 0 0 0 51 0 22 0 16 0 0 0 84 48 0 0 0 76 0 10 0 0 0 0 0 0 0 0 98 0 0 0 0 0 0 75 0 0 0 0 0 0 0 0 0 0 0 0 78 0 38 73 0 0 64 0 0 0 80 0 0 17 0 0 0 0 0 0 0 0 0 0 0 0 0 100 0 73 0 97 0 0 0 0 0 0 42 0 0 0 0 0 54 44 0 0 0 0 0 0 0 17 0 68 0 0 0 0 33 0 0 0 0 0 0 0 0 0 0 37 0 31 0 0 0 0 0 31 0 0 0 0 0 0 0 0 0 0 30 0 0 0 0 0 74 0 0 0 39 0 68 82 0 0 0 35 25 0 0 6 0 0 0 0 11 0 75 53 0 0 0 0 0 0 0 18 0 0 0 0 40 30 0 0 0 49 0 0 0 93 18 7 0 0 0 0 0 39 0 0 0 0 0 0 0 0 0 0 0 0 0 0 65 0 0 0 28 0
0 0 0 0 0 0 0 81 0 0 0 0 0 0 0 60 0 0 0 86 0 0 0 0 0 0 0 0 0 0 0 0 98 0 0 84 0 0 0 0 76 75 0 0 0 0 0 0 0 0 89 0 0 0 11 0 0 66 0 0 0 0 85 66 0 0 0 0 0 79 0 0 2 0 0 0 0 0 20 34 0 0 0 95 58 0 0 0 0 0 0 0 0 0 0 35 0 0 68 0 0 0 0 0 0 11 18 0 0 0 0 0 69 43 0 47 0 55 0 0 0 0 0 77 0 0 64 0 0 0 0 49 0 0 0 0 0 0 0 41 0 45 0 24 22 0 95 89 0 0 0 0 0 0 0 0 0 0 0 46 12 0 0 0 0 0 0 45 0 4 0 0 44 23 0 0 0 0 0 0 0 87 97 0 0 74 0 0 0 0 68 0 0 33 53 0 0 0 0 0 0 0 7 0 71 17 37 0 0 0 0 22 0 0 0 0 0 0 0 0 57 0 0 13 34 0 0 0 0 0 0 47 86 0 0 0 0 0 51 0 0 0 29 0 0 81 2 0 0 0 0 0 0 0 0 31 0 48 0 0 0 0 0 7 0 0 24 22 92 0 52 0 0 37 0 100 0 0 0 0 0 0 0 53 0 0 0 80 61 0 0 0 0 40 34 3 0 30 0 88 83 0 0 0 0 0 0 55 0 0 0 0 0 0 0 0 29 0 0 0 0 65 0 35 36 0 78 0 13 0 0 17 0 0 0 0 0 0 66 25 0 0 40 0 62 0 50 0 0 0 0 54 0 0 0 0 0 0 0 0 91 0 0 0 0 0 0 0 0 0 0 0 0 19 0 0 98 0 0 32 0 0 0 0 20 0 51 10 0 0 0 0 0 0 0 0 0 0 0 34
0 0 0 0 0 0 9 0 0 0 53 0 0 0 0 6 0 0 0 0 0 20 0 16 0 0 0 29 0 5 0 0 16 0 0 0 0 0 0 0 0 78 0 36 0 2 0 0 0 0 77 43 15 0 0 67 0 76 0 0 84 0 0 0 0 0 86 0 0 0 0 0 0 0 0 0 0 92 0 0 0 0 0 0 63 0 0 29 0 12 57 0 0 47 0 0 0 83 0 0 0 0 93 0 0 0 0 0 78 21 0 0 0 0 0 0 0 0 0 0 54 94 0 68 0 0 74 42 0 0 0 95 0 0 61 0 0 0 0 0 0 0 0 0 0 0 0 0 0 0 0 83 71 0 0 0 0 20 99 0 0 0 0 0 0 8 56 0 0 0 0 0 0 0 0 0 0 0 0 0 65 0 0 0 0 0 53 84 0 27 60 0 0 0 0 0 0 0 0 56 0 0 97 0 0 0 0 0 22 0 0 0 0 0 16 36 0 42 0 0 0 0 0 12 0 22 0 88 0 0 0 0 90 0 63 0 0 0 41 0 0 0 70 0 70 0 0 0 0 0 100 72 85 46 32 0 0 0 0 50 0 0 0 0 36 0 0 0 0 24 42 0 0 0 82 21 23 0 0 0 0 0 6 0 64 0 0 0 0 0 99 0 47 0 0 0 0 0 0 0 0 0 56 0 0 0 0 0 0 0 0 0 26 0 0 34 54 0 0 0 0 0 0 0 30 0 0 100 0 0 0 57 0 0 0 0 0 90 0 0 56 6 85 5 82 15 0 0 0 0 0 64 42 0 0 74 0 0 0 0 0 0 88 0 0 30 0 0 92 40 0 0 0 0 0 0 0 0 0 0 0 0 0 0 0 0 0 42 0 79 0 0 0 0 0 0 0 0 91 0
80 36 0 0 63 0 72 0 0 0 0 0 0 0 31 0 0 0 0 0 55 0 0 85 0 0 0 0 11 0 0 0 0 0 24 87 0 0 0 0 0 0 0 0 7 0 0 0 0 0 6 0 0 0 0 0 0 62 85 0 0 0 0 0 0 0 50 0 0 0 0 0 0 90 0 0 0 0 93 0 0 0 0 43 0 0 0 0 0 40 0 27 56 0 2 79 0 77 56 11 0 0 0 0 62 7 0 0 0 0 0 59 56 0 0 0 20 0 0 80 1 0 0 84 0 0 0 0 0 0 0 7 0 90 82 0 57 90 0 48 0 80 0 77 0 63 0 0 0 0 54 0 0 55 0 14 0 42 0 0 0 0 24 0 0 0 0 0 0 0 0 0 0 82 0 56 0 49 0 0 51 0 98 0 89 0 0 0 60 9 0 0 0 0 0 0 0 0 0 0 0 86 0 0 0 0 27 0 52 0 0 0 87 0 0 0 99 0 0 0 0 0 89 0 0 93 0 0 0 0 0 0 0 63 0 0 12 0 10 0 0 0 33 0 75 0 0 0 0 0 81 0 0 0 0 0 0 89 0 89 79 0 0 92 0 89 0 0 0 76 0 0 0 0 97 71 47 22 84 0 0 0 0 20 4 0 0 0 0 0 0 70 44 0 0 0 64 47 0 0 96 40 31 31 0 20 24 0 0 0 0 85 0 0 0 0 0 0 0 85 0 0 0 0 0 0 0 0 0 0 36 0 0 0 0 0 0 0 0 84 0 28 58 0 0 79 26 46 62 0 0 0 32 0 0 0 49 0 0 0 0 0 0 0 0 10 0 23 0 0 0 0 90 7 0 0 0 94 0 57 0 0 0 0 0 0 0 0 0 0 0 0 0 0 0 0 0 0 0 0
76 0 0 0 0 0 0 0 0 11 0 0 0 0 0 0 9 0 0 0 0 0 0 46 25 0 0 0 0 0 0 0 0 0 0 0 0 0 0 0 0 0 0 0 49 0 0 0 0 41 0 0 0 0 0 0 0 0 0 0 0 0 0 0 0 0 53 14 0 0 0 0 0 71 0 0 1 0 0 0 5 0 70 0 0 0 0 0 0 57 0 0 0 0 0 0 57 0 0 0 0 0 0 0 49 0 31 32 48 0 0 0 84 89 0 0 0 0 0 0 59 4 0 38 0 23 0 0 0 0 0 0 20 0 0 0 23 68 58 0 19 0 0 0 75 0 0 0 0 96 0 27 0 83 0 0 0 79 0 0 71 65 68 0 0 0 36 0 0 0 7 0 91 31 49 0 21 0 0 0 100 0 67 0 100 22 0 55 0 14 0 0 0 53 0 0 0 0 0 0 0 0 5 0 0 84 0 0 0 0 0 65 0 0 0 84 0 0 0 0 0 0 0 72 0 0 8 0 45 0 0 88 28 80 0 0 0 0 0 0 0 0 0 30 0 0 0 0 99 0 0 0 0 0 0 0 32 0 0 0 0 0 0 0 63 0 0 0 95 0 0 0 0 0 0 0 0 0 0 0 70 0 0 47 0 0 0 71 64 0 0 0 0 97 73 0 24 0 45 92 0 31 0 0 0 0 0 0 0 59 0 0 0 87 55 62 0 0 0 0 0 0 0 0 46 0 0 0 0 0 58 0 91 0 0 0 0 60 1 0 0 0 0 0 0 0 0 0 0 0 0 0 55 0 0 0 31 16 35 0 0 0 0 0 0 54 4 55 0 41 0 0 32 42 0 0 0 0 0 0 0 0 64 32 0 0 0 0 49 0 0 0 0 32 46 97 0 0 97 0
18 64 0 0 0 0 0 0 72 0 0 0 0 0 0 6 0 0 0 0 83 0 28 0 0 0 0 0 0 0 0 0 0 0 0 0 41 11 69 0 63 0 0 0 0 8 44 0 0 0 0 0 0 0 0 81 0 0 0 0 7 0 50 0 0 0 84 0 48 0 21 0 60 0 0 0 0 0 0 0 0 0 0 0 0 0 0 0 0 0 35 0 0 0 98 92 73 0 0 0 0 0 0 0 0 0 0 0 0 0 76 14 5 26 10 0 3 10 0 0 0 0 0 0 0 0 15 20 0 0 0 0 0 0 0 59 0 0 82 0 0 0 0 0 0 0 0 0 0 60 66 0 0 0 0 0 0 44 37 0 0 0 0 17 0 0 0 54 0 0 36 0 87 0 0 0 0 0 57 0 0 0 0 0 0 58 31 0 0 0 0 0 0 0 96 73 0 0 0 0 82 0 0 74 0 0 0 0 0 0 0 0 0 0 0 0 0 0 0 49 0 39 0 0 0 0 0 0 0 0 0 0 83 0 64 0 0 0 43 0 95 0 92 0 0 0 0 0 0 38 0 0 23 0 0 0 0 49 0 9 0 16 44 58 0 16 0 0 0 27 93 0 32 0 0 22 84 0 0 0 0 79 0 98 0 0 0 27 0 0 0 72 0 0 0 0 0 28 0 0 8 0 0 60 80 0 0 0 0 0 0 0 0 0 0 0 0 0 0 0 0 0 0 50 0 0 1 0 0 0 0 0 0 56 85 0 0 0 0 0 0 0 0 0 68 14 0 80 0 0 86 0 42 0 3 0 0 0 0 0 0 0 0 0 0 0 0 92 0 98 27 0 0 0 0 0 0 0 0 41 0 0 77 0 0 72 0 0 0 22 89 0 0 100 21 0 79 0 0 0
0 0 88 60 0 0 0 0 0 79 0 0 0 0 0 0 0 0 0 0 0 0 0 0 0 0 0 0 48 0 0 0 43 0 0 0 0 0 0 0 0 0 43 0 0 0 0 0 0 0 0 51 0 0 0 0 27 0 0 0 0 0 0 11 73 24 0 2 0 0 0 53 0 88 0 0 88 67 42 66 0 74 0 0 40 0 0 76 0 31 0 14 68 72 0 0 0 0 0 0 34 0 0 0 0 27 0 0 0 0 0 0 0 0 0 87 42 0 69 0 0 0 74 22 0 0 0 0 0 0 83 0 76 0 0 0 0 0 0 58 0 0 0 19 0 0 67 0 0 0 0 14 0 0 0 0 0 8 0 0 0 0 0 0 0 0 0 0 0 0 36 0 0 51 18 73 0 0 0 0 0 0 9 0 0 0 82 0 0 0 0 0 0 0 51 0 0 89 0 0 0 0 0 54 0 0 0 0 0 6 0 58 0 0 0 0 0 0 0 0 0 72 96 0 0 0 0 0 59 5 0 3 0 0 0 43 0 0 0 56 0 0 0 0 99 1 0 0 53 0 0 0 0 0 0 0 0 0 0 58 30 0 0 0 0 0 0 57 47 92 0 0 0 0 34 0 0 0 0 0 0 0 0 0 0 28 0 16 0 0 0 0 0 55 0 75 0 10 0 0 93 0 0 0 0 0 24 0 0 82 0 0 26 0 48 87 98 87 90 0 0 100 0 0 25 0 0 0 0 0 0 0 0 91 0 0 0 22 64 0 0 35 26 0 0 0 0 0 65 94 0 0 0 0 13 0 0 0 0 0 0 12 0 0 0 0 0 2 0 0 0 0 0 0 0 0 0 0 0 0 0 0 59 0 0 0 0 0 0 0 96 0 3 9 0 80 0 78 0 0
24 35 0 0 22 0 96 0 0 0 0 0 71 0 100 0 0 0 0 37 68 0 0 73 0 64 0 0 0 0 0 94 0 0 0 0 0 0 0 39 0 22 0 45 15 0 60 0 0 2 0 0 0 0 0 33 0 0 0 0 0 0 0 0 0 0 0 0 0 0 0 0 0 0 0 0 0 0 63 0 0 0 0 0 0 0 0 0 0 56 0 0 0 0 0 60 0 0 0 0 0 0 0 0 0 0 0 0 0 85 0 0 0 0 0 70 89 0 0 11 0 11 0 23 0 0 0 51 0 42 88 0 0 0 0 19 0 0 0 0 31 0 0 0 0 0 0 0 82 98 68 0 0 0 42 0 0 0 0 0 17 95 0 61 0 40 0 5 64 0 0 26 0 0 0 8 0 0 47 22 0 0 0 36 0 0 85 86 0 0 0 0 0 0 0 23 0 52 0 10 0 53 0 0 0 0 0 2 0 0 87 0 0 0 0 0 0 0 73 0 0 0 0 0 0 0 0 0 0 0 93 0 0 27 0 0 59 0 0 0 0 0 0 0 55 30 0 0 0 66 0 50 0 0 99 17 0 94 0 0 0 0 63 0 0 28 0 0 96 0 0 0 0 48 0 10 88 0 0 0 76 32 0 0 21 0 22 0 0 0 79 0 0 14 0 60 43 0 0 0 0 0 0 0 79 0 0 78 0 0 0 0 0 0 0 0 0 2 0 58 0 0 0 35 0 0 0 0 46 0 0 0 0 0 0 0 0 53 22 19 37 13 0 92 30 0 0 0 0 84 0 0 0 0 65 0 0 0 0 0 0 0 0 0 0 0 0 0 0 0 48 0 0 0 0 0 0 41 0 18 0 48 0 0 11 0 0 38 0 0 50 0 0 0 0 0 100 37 57 0
0 55 46 7 0 0 0 0 0 0 0 0 0 0 0 0 0 97 0 95 97 38 0 66 47 37 0 0 0 71 0 0 0 0 0 26 0 0 0 17 0 0 54 0 0 0 0 0 0 0 67 33 50 0 25 0 93 0 0 0 0 0 0 0 0 59 0 0 0 0 0 0 0 58 43 0 0 61 18 78 0 0 0 0 56 0 0 0 0 0 84 0 0 0 0 0 0 0 0 0 0 0 0 4 0 1 0 0 28 0 0 51 0 78 0 0 76 0 0 0 0 47 0 0 97 68 0 49 0 0 0 17 0 50 0 74 0 92 0 0 0 0 0 0 0 0 56 0 0 82 0 56 0 0 0 41 0 57 0 35 0 0 0 0 0 0 39 0 0 0 0 0 0 37 0 0 0 0 0 0 19 0 0 22 0 0 0 0 0 0 0 0 0 68 0 16 0 64 86 0 0 0 98 0 0 68 0 0 0 14 68 0 0 0 0 0 0 0 0 0 0 9 0 0 0 0 0 0 4 0 0 0 87 72 0 0 0 0 0 0 0 0 0 0 0 0 0 0 0 0 0 0 0 0 0 97 0 0 0 0 0 0 0 79 0 0 88 0 0 0 0 47 58 0 0 0 25 76 0 0 0 36 0 0 0 0 23 0 0 33 0 0 34 14 81 0 0 0 46 0 0 0 0 0 53 0 0 100 37 0 0 97 0 7 0 53 0 93 0 0 0 0 0 0 0 0 74 50 43 0 0 0 0 93 0 19 0 1 37 0 0 0 0 0 0 0 68 0 0 0 83 0 0 0 0 0 0 0 0 54 0 0 0 83 0 20 0 0 72 0 0 0 0 0 0 4 0 0 0 0 0 0 30 0 0 0 0 0 0 0 0 0 0 0 95 2 0 0 0 0
0 0 97 0 0 0 0 27 0 73 0 0 0 92 0 0 0 71 8 0 0 0 0 0 0 0 0 0 0 0 0 0 0 0 0 0 0 0 0 0 0 0 0 0 0 0 0 0 0 0 0 69 0 0 0 0 82 0 0 0 0 100 55 0 0 71 24 0 0 0 0 0 95 0 0 0 49 53 47 0 24 0 0 0 0 0 0 0 0 0 0 65 0 0 0 3 0 80 0 0 0 0 0 0 0 0 75 0 0 0 0 0 0 0 36 94 0 0 0 43 0 0 23 0 0 0 0 35 0 27 99 0 0 0 0 0 0 0 0 0 0 32 0 0 100 0 0 0 0 0 0 0 0 0 0 0 0 0 0 0 0 0 46 0 0 0 0 0 0 0 93 0 0 0 0 73 78 0 75 31 0 83 0 0 85 89 44 0 0 0 0 0 0 0 0 0 3 0 0 0 0 0 66 0 0 89 0 0 50 0 0 35 0 0 92 0 0 0 0 0 43 0 43 0 0 43 70 0 0 0 0 0 0 0 0 0 0 0 0 88 0 0 94 88 0 0 30 0 0 0 0 88 0 0 0 0 0 0 0 8 0 0 50 0 0 0 82 0 0 0 0 38 0 0 82 0 0 47 0 82 0 0 0 0 0 59 0 0 0 0 0 0 0 12 14 80 83 0 19 0 0 88 69 0 0 38 0 43 0 0 51 0 0 23 16 0 0 0 0 0 0 96 0 0 0 0 100 0 0 0 0 0 88 0 0 0 97 0 0 0 0 0 54 0 41 72 0 0 0 0 0 69 0 0 0 0 0 44 0 0 0 0 37 0 96 9 0 0 66 0 66 0 0 81 51 75 0 0 55 0 0 79 0 0 0 0 0 0 40 0 0 78 0 0 0 0 42 0 0 48
0 0 0 0 0 0 0 0 0 0 0 0 0 0 0 0 8 0 0 0 0 0 0 0 0 0 38 0 0 0 38 0 26 0 0 0 63 0 0 0 98 0 0 0 13 0 0 0 0 0 0 0 46 0 0 0 0 0 95 0 0 0 0 0 0 0 0 0 0 60 0 0 0 77 30 0 0 91 0 0 0 0 32 0 0 0 23 0 0 20 0 98 0 0 0 0 62 0 0 0 0 33 54 0 0 0 0 0 0 0 99 0 9 0 6 0 0 0 0 0 0 0 0 24 0 0 0 0 0 60 0 0 0 0 0 91 0 0 0 0 0 0 85 0 40 0 0 0 0 0 0 0 62 0 95 0 0 0 0 0 40 0 0 0 0 0 0 4 0 0 0 0 0 0 23 0 0 0 3 0 22 0 54 0 0 0 0 0 0 0 0 0 0 9 0 22 0 0 0 21 4 0 0 0 0 0 0 0 44 0 46 0 31 2 0 77 0 0 69 0 0 0 0 0 0 0 0 0 0 0 0 0 0 0 0 0 0 0 62 0 0 0 0 0 0 0 0 0 100 0 0 0 7 63 82 58 0 0 0 0 29 0 0 2 18 0 83 0 0 0 0 0 0 0 67 0 0 0 0 7 0 0 67 0 0 60 0 0 0 0 0 0 0 0 0 0 0 40 34 0 0 59 0 0 95 0 0 0 0 59 0 0 28 0 0 0 0 39 0 80 0 0 9 50 0 28 50 0 0 0 93 0 100 0 0 0 0 22 0 0 0 0 0 0 0 25 0 0 86 0 0 0 0 86 71 0 69 0 0 0 18 0 59 0 0 0 0 71 98 0 0 0 0 9 0 0 0 0 0 98 0 0 0 97 0 0 48 0 43 46 19 0 0 0 0 27 0 0 0 0
0 0 0 0 0 0 0 0 0 59 0 0 28 0 0 0 63 0 0 0 22 0 0 0 0 80 0 0 0 0 11 0 23 0 67 79 40 0 0 0 0 27 0 0 0 50 0 89 0 0 0 83 0 0 33 71 0 0 0 0 48 0 0 0 67 29 0 0 0 0 0 0 0 0 0 0 0 0 0 0 80 0 0 0 58 14 0 0 0 0 79 0 0 0 0 0 0 0 65 0 0 0 59 0 88 0 0 73 31 0 0 0 0 0 0 80 0 0 0 22 0 45 0 0 15 0 0 99 0 0 0 0 0 0 0 0 98 0 0 0 0 0 0 74 39 0 0 66 0 0 48 0 0 0 0 0 0 38 0 0 10 0 57 0 0 0 0 0 0 0 0 1 0 0 25 0 0 0 0 0 0 0 0 0 0 0 0 0 0 0 0 72 0 74 0 0 0 80 0 0 0 0 0 7 0 0 27 0 0 0 0 0 0 0 0 0 0 0 0 0 0 0 0 5 0 0 0 0 0 0 0 0 34 0 0 32 0 0 0 0 87 0 0 0 0 0 100 0 81 0 0 3 0 41 0 0 58 0 59 0 0 6 0 0 31 58 0 0 0 0 0 0 0 0 0 52 95 0 0 0 0 0 0 0 0 0 0 0 0 31 0 0 96 0 0 0 0 6 56 0 0 54 0 0 0 97 0 14 0 0 0 0 0 0 0 0 0 0 18 49 98 84 86 99 0 0 0 0 0 0 0 0 0 0 0 0 0 67 0 0 0 0 0 0 46 0 0 0 0 0 0 0 73 0 80 0 0 13 0 93 39 84 0 0 0 0 0 0 0 0 0 49 90 0 0 52 0 0 0 35 0 0 0 0 5 0 0 0 0 0 0 0 46 0 0 0 0 0 0 58
0 67 0 0 0 0 0 91 0 0 0 0 0 0 0 61 0 60 0 79 0 4 36 0 38 0 0 0 0 79 37 0 0 0 0 0 0 0 68 0 0 0 0 0 0 0 52 0 0 5 0 0 0 25 0 0 0 0 74 0 3 0 0 0 0 22 24 84 0 0 0 0 0 0 0 0 0 0 0 0 94 0 0 0 0 74 75 85 66 0 35 0 0 62 80 73 0 0 0 0 8 0 13 9 0 0 0 0 0 0 0 0 0 0 0 0 0 0 21 80 0 45 0 0 0 0 0 0 0 0 34 0 0 0 90 0 0 14 0 0 0 0 0 0 0 0 31 17 0 0 49 0 6 0 0 89 31 0 0 0 0 0 45 0 48 54 0 0 0 0 0 0 42 0 0 0 0 60 0 0 0 11 0 0 0 0 0 81 0 0 0 0 41 0 0 0 6 0 0 0 0 0 0 0 0 0 5 0 65 0 18 0 0 0 0 86 0 28 0 0 0 0 0 0 0 0 0 0 74 0 0 85 0 0 0 0 15 0 70 0 0 0 8 0 75 0 0 0 0 64 28 44 0 0 0 0 48 0 0 0 70 0 0 0 0 41 0 0 0 0 0 0 0 0 0 51 0 0 0 44 0 0 0 0 0 0 45 0 0 0 68 85 88 0 0 41 0 0 0 0 0 0 0 0 82 24 0 0 0 0 0 46 0 0 51 30 0 0 0 0 0 0 0 5 60 0 93 0 0 20 0 0 0 0 19 58 35 0 9 9 0 63 72 0 55 92 0 0 0 0 0 0 88 0 95 7 0 0 0 0 0 0 0 0 0 17 0 0 0 0 60 0 29 0 0 0 0 0 0 0 0 0 80 0 0 52 0 0 0 15 0 0 39 0 88 0 0 47 0 0
0 81 0 91 0 92 0 70 1 0 55 0 0 0 0 0 53 93 96 0 0 21 0 38 55 39 0 14 0 0 0 0 0 0 0 0 0 33 0 38 0 98 0 0 45 0 0 0 0 59 0 0 0 0 0 0 0 0 0 0 0 0 0 0 0 30 1 0 0 0 0 0 0 0 51 60 0 0 62 0 0 0 0 8 0 0 87 0 0 43 0 72 0 0 0 0 98 0 0 6 0 0 0 0 0 0 0 0 28 0 0 0 0 0 91 0 0 0 0 33 0 0 0 0 0 56 11 47 0 0 0 0 0 58 37 0 0 0 0 0 0 0 0 41 0 0 46 0 0 47 0 0 21 0 0 0 0 0 0 0 0 0 15 80 88 0 0 0 0 4 0 0 0 0 0 0 0 0 0 0 0 0 0 0 99 0 0 63 0 0 0 0 0 0 0 0 0 0 78 0 59 51 0 0 36 0 0 0 0 86 66 0 4 83 0 0 0 0 0 0 0 73 62 69 44 0 7 0 0 44 0 35 0 0 0 0 40 0 98 0 23 33 0 77 0 0 0 0 0 0 0 0 0 0 26 0 0 0 56 0 50 0 0 61 70 0 0 90 33 0 0 0 0 0 0 89 9 0 100 0 0 0 82 0 0 71 0 0 0 0 0 0 0 64 0 0 19 21 0 57 0 0 0 21 0 40 0 0 0 0 0 0 0 0 10 0 0 0 62 0 35 0 75 0 84 12 0 0 0 0 0 52 0 0 0 0 0 96 0 0 0 0 0 46 50 100 0 0 0 0 0 0 0 0 8 60 0 0 31 0 0 0 17 68 0 0 37 0 0 0 32 0 0 94 0 72 20 50 0 0 70 0 94 15 0 5 0 44 0 0 0 0 0 0 0 0 0 0 0 35
66 28 0 9 0 0 0 0 0 0 0 0 0 28 0 0 0 0 25 0 0 0 0 12 88 52 0 69 1 0 34 0 7 0 0 0 0 45 0 0 0 0 0 0 46 100 0 0 0 0 93 0 0 0 0 0 0 0 0 0 92 0 27 0 70 0 0 0 0 45 0 0 83 0 40 0 0 0 0 0 0 85 0 0 0 0 0 0 0 0 0 0 0 0 0 31 84 0 0 100 0 23 0 0 23 0 0 0 0 0 0 42 0 0 0 100 0 0 0 0 67 0 27 0 0 28 0 5 0 0 0 0 0 0 35 0 61 44 0 0 0 0 67 47 0 0 0 92 31 0 29 0 0 0 0 0 0 99 0 0 0 0 0 0 0 0 0 61 0 0 0 45 0 0 0 0 0 0 0 0 0 0 0 0 0 87 0 0 0 46 0 0 5 0 0 47 0 0 0 0 0 0 0 0 0 0 0 0 0 0 0 0 0 54 45 0 0 0 0 0 0 0 0 0 0 0 0 0 0 25 0 0 66 0 17 0 5 0 91 0 0 4 0 0 0 77 23 0 25 0 89 0 64 0 0 0 0 0 0 0 0 0 5 76 0 0 0 0 46 13 65 0 0 0 51 0 0 0 21 33 0 0 0 0 7 0 0 0 0 0 0 0 100 0 0 0 0 0 0 0 0 0 46 0 0 0 0 0 0 0 0 88 31 0 0 0 0 72 0 0 0 0 0 0 0 0 0 65 0 0 67 0 0 0 38 0 0 76 0 0 0 0 0 5 0 68 0 0 0 0 0 56 0 0 0 0 59 0 40 0 5 0 87 0 58 0 48 0 0 0 0 0 0 0 0 71 0 0 0 0 0 42 45 0 0 0 0 64 75 0 0 0 0 0 25 0 0 60 0 0
47 0 0 98 0 0 0 0 0 0 57 96 0 0 0 0 0 0 0 0 45 0 0 26 0 0 2 0 0 0 0 0 0 55 0 0 0 68 0 0 55 0 0 46 0 0 0 0 0 0 40 46 59 0 0 0 100 0 0 0 21 0 0 0 0 0 0 0 0 0 0 0 0 0 0 0 31 0 31 0 0 0 0 0 0 0 0 0 0 0 0 90 0 0 67 0 0 0 0 0 69 96 0 0 0 0 0 0 0 0 0 0 0 0 0 4 0 9 0 0 50 84 0 0 0 0 0 20 0 0 0 31 0 0 0 0 0 0 0 0 24 0 98 0 79 0 66 0 90 0 92 0 67 0 0 0 0 0 44 0 97 0 10 0 27 0 0 9 42 0 4 0 0 68 0 63 0 0 0 0 0 73 0 0 5 0 75 0 0 88 0 55 0 0 0 0 0 0 94 0 0 0 0 0 60 0 0 0 0 53 53 0 0 0 0 0 64 29 43 81 0 0 50 0 56 0 0 0 0 0 0 0 0 0 0 0 49 76 0 0 0 0 0 0 0 85 0 39 67 0 0 40 0 0 0 0 0 0 0 0 0 0 0 9 84 0 68 0 0 19 0 0 0 11 0 0 0 22 68 38 0 0 0 0 0 0 0 0 0 0 0 0 59 17 0 0 0 0 3 51 0 0 0 13 0 0 0 94 0 64 0 44 91 0 0 0 0 0 0 0 0 0 0 11 0 0 41 53 0 0 0 93 0 0 0 0 0 90 100 0 0 0 0 40 0 0 0 94 0 0 1 18 0 0 0 9 51 60 0 0 0 0 0 0 4 0 26 0 0 0 51 71 0 0 0 52 0 96 0 0 38 0 0 0 0 0 0 42 0 0 0 0 0 13 0 68 0 0 0 0
0 0 53 0 0 0 0 0 60 9 0 0 89 0 0 67 52 6 0 0 0 0 40 62 0 50 55 0 0 65 0 0 0 0 0 35 0 79 0 0 46 0 65 0 0 39 0 0 15 0 0 0 0 0 0 0 0 0 0 62 0 11 0 0 0 0 79 0 6 88 0 6 0 91 66 0 0 0 0 0 0 0 0 0 0 0 0 0 0 0 0 0 0 0 0 0 0 0 49 0 0 0 0 0 0 67 0 0 0 0 0 0 7 0 35 0 98 0 0 0 0 53 0 0 0 0 95 0 0 0 0 0 0 0 0 0 9 0 58 0 0 0 0 0 0 26 0 56 0 0 0 0 0 0 0 0 75 0 0 0 21 0 0 0 0 0 0 10 85 37 0 61 0 99 0 0 0 12 0 61 0 0 54 27 0 0 48 0 0 0 0 0 29 31 74 0 0 0 0 0 98 22 78 0 76 0 0 0 0 81 0 5 0 0 0 0 0 87 0 0 0 0 0 0 0 0 0 0 0 0 0 73 0 0 0 0 0 0 21 0 0 0 0 0 0 0 12 96 0 0 82 0 0 0 82 0 0 0 0 0 0 28 0 0 0 0 0 0 0 0 0 0 0 0 47 60 74 0 0 61 0 0 0 0 0 0 0 0 0 34 0 0 0 16 50 83 0 0 0 0 0 0 0 0 7 19 0 0 0 0 37 0 85 6 43 0 0 1 0 14 0 29 0 0 9 0 23 0 49 94 0 0 0 0 0 0 0 0 0 0 0 0 0 0 0 39 0 0 0 0 0 46 0 0 0 30 0 0 0 0 0 0 22 0 44 0 52 0 0 78 0 0 0 0 0 0 54 0 0 0 0 52 0 0 0 0 0 0 0 36 0 0 0 0 7 0 0 0 0 61
0 0 65 0 59 0 0 0 16 0 82 0 0 0 0 0 0 0 0 0 2 0 0 0 0 0 0 0 0 0 0 0 0 0 0 0 94 0 76 0 0 0 0 0 0 0 0 79 0 13 0 62 0 0 0 0 0 29 24 0 0 0 0 0 44 0 15 10 76 0 0 45 0 20 0 0 0 0 0 0 0 0 60 8 96 0 5 24 0 0 0 0 0 0 54 0 0 0 0 0 0 90 23 37 90 99 0 0 0 0 0 0 0 0 0 0 0 18 0 0 0 0 66 0 0 0 92 50 88 31 11 0 0 0 0 0 0 0 0 0 0 30 0 0 0 0 84 0 89 0 0 0 0 0 0 0 0 0 0 0 0 0 0 0 0 0 0 0 0 34 37 0 0 0 0 79 0 0 0 0 0 0 0 63 0 53 0 0 7 0 0 0 0 0 0 22 0 86 0 0 0 0 80 10 0 8 0 37 0 0 0 0 90 0 0 0 0 12 0 0 63 0 0 12 0 91 0 0 0 82 0 0 0 0 0 0 85 32 0 0 0 0 0 0 28 0 0 3 68 0 0 40 0 0 0 0 0 0 0 0 0 0 0 0 0 64 0 0 0 0 0 0 0 20 0 0 0 0 0 0 0 19 0 0 66 0 0 78 8 0 0 0 52 0 0 0 0 34 0 0 83 0 0 76 50 0 0 0 0 0 0 0 0 0 41 0 83 31 0 0 0 19 0 72 0 0 0 0 0 79 0 0 0 0 0 0 0 0 0 0 0 0 0 0 0 0 0 0 6 47 0 0 0 0 0 12 0 0 64 15 0 36 0 55 66 14 12 67 0 99 0 30 0 0 0 0 93 58 0 4 73 0 0 100 0 0 93 0 0 44 0 0 0 0 60 0 0 0 0 0
0 0 0 0 47 0 2 0 0 0 0 0 11 29 0 0 0 0 0 0 0 0 0 0 0 0 0 29 0 0 0 0 0 0 0 0 0 0 0 56 0 0 30 0 0 85 0 0 0 0 0 0 88 0 0 0 0 0 21 0 8 0 0 0 59 0 0 6 0 0 0 0 0 0 0 11 0 0 0 0 0 0 91 0 0 0 0 0 0 0 0 0 0 0 1 98 41 0 0 0 0 0 0 0 0 0 0 0 0 76 8 79 0 0 0 0 0 0 67 0 0 29 0 31 36 2 0 0 0 78 0 0 0 0 0 0 40 0 0 0 78 0 0 82 0 80 0 0 0 0 0 0 0 0 0 99 46 0 51 0 0 95 0 0 0 80 0 0 0 0 0 0 92 50 0 0 22 21 0 0 0 0 0 0 0 0 73 60 0 0 0 0 0 0 0 0 0 92 65 0 0 0 0 0 3 0 0 9 0 0 0 65 0 0 0 0 0 0 38 0 0 9 79 0 0 16 60 0 0 0 9 56 0 0 0 0 0 84 0 0 0 0 20 0 0 47 0 0 32 35 0 100 0 0 0 53 0 6 93 0 0 0 30 0 0 0 0 0 0 0 0 0 0 0 0 26 0 51 85 0 0 19 0 0 0 0 92 92 0 59 0 0 0 0 53 0 0 0 0 0 0 0 60 0 49 0 0 0 0 0 0 0 0 0 0 0 61 82 0 0 0 0 0 0 0 0 0 0 89 14 0 0 0 51 29 0 0 0 0 71 77 0 88 0 0 0 0 21 0 0 55 5 4 7 0 0 0 42 37 0 56 0 0 0 0 49 0 0 0 0 0 0 0 0 84 0 3 38 99 0 22 0 0 26 41 0 0 0 0 0 0 0 0 0 0 0 0 0 0 0
0 0 0 43 0 21 67 0 0 0 35 0 0 0 0 0 57 0 0 9 0 0 0 25 0 87 0 49 0 77 21 0 0 0 0 0 0 0 30 0 14 47 0 22 0 0 94 89 0 0 0 13 70 0 0 18 0 0 68 90 68 15 64 0 51 0 74 0 66 0 0 0 0 0 0 0 0 0 15 0 95 0 0 0 0 0 0 0 0 19 0 0 39 0 0 0 0 0 0 0 0 0 0 0 1 51 0 15 0 0 80 14 0 22 30 0 43 0 0 0 0 71 0 15 17 0 0 19 0 0 0 0 8 27 0 0 36 78 0 0 55 0 0 0 0 19 0 0 0 92 0 0 90 0 79 0 93 0 0 90 0 3 9 0 0 83 0 74 17 0 0 0 82 0 0 54 0 78 31 17 0 0 55 0 0 0 0 0 0 0 0 99 0 2 0 8 0 19 0 0 0 82 0 61 13 64 47 0 6 55 91 0 0 0 0 0 0 0 16 0 0 0 0 0 0 0 27 0 0 0 0 0 0 0 34 0 0 0 31 0 0 0 56 0 21 0 0 0 51 0 86 0 0 0 47 51 77 0 0 0 0 0 0 0 49 0 0 0 0 0 0 0 42 0 0 0 0 0 0 0 86 0 80 96 0 94 97 0 0 0 0 0 0 0 97 0 0 0 0 0 0 97 99 0 0 0 0 0 71 0 58 0 72 0 32 0 28 68 0 0 0 0 0 0 0 0 0 63 0 0 0 52 97 87 0 0 0 0 0 4 0 0 56 35 0 0 0 0 0 0 0 0 0 0 37 0 12 0 0 0 0 48 0 0 0 52 0 8 0 0 54 0 0 0 0 0 0 0 0 0 0 0 0 1 11 0 0 0 0 0 0 0 0 0 0 0 0 0 0 0
10 0 0 71 0 0 0 0 0 0 0 0 45 62 85 0 0 0 0 0 0 0 0 0 67 0 0 0 0 0 74 0 0 27 35 0 34 0 0 0 9 0 68 73 0 17 33 0 0 0 26 0 89 0 0 0 0 36 0 0 0 6 0 0 55 0 0 0 0 0 0 0 0 0 0 0 0 49 0 0 0 0 75 0 0 44 93 0 0 0 59 0 26 0 0 85 13 0 90 0 60 0 0 0 0 0 0 0 99 0 82 4 0 0 0 0 87 31 0 0 48 0 0 81 0 0 0 27 0 9 90 0 68 75 0 10 14 0 69 0 0 0 59 0 0 0 0 42 0 41 0 0 100 62 0 0 0 0 0 41 30 0 0 0 0 0 0 0 0 0 0 0 0 0 98 0 0 0 0 0 0 0 0 0 0 0 71 0 0 0 0 0 41 0 0 0 0 0 17 0 0 0 0 59 90 0 0 18 0 0 0 32 0 0 0 0 0 0 0 0 0 0 0 19 0 0 0 0 0 0 0 0 0 0 95 0 0 31 25 92 0 63 0 89 77 0 0 0 0 0 0 0 0 0 28 0 31 0 0 47 0 0 0 0 47 0 0 0 0 0 92 0 0 0 0 0 0 0 4 0 49 0 0 87 0 0 0 79 0 0 0 0 62 98 58 0 0 0 63 0 33 0 93 52 0 22 0 0 0 0 56 0 0 0 0 53 0 0 0 0 6 0 0 0 2 0 0 0 0 0 0 0 4 24 0 0 90 0 0 11 61 0 0 0 0 0 0 0 0 0 0 0 0 2 93 76 0 41 0 12 54 45 0 38 31 0 0 0 0 0 37 0 10 0 0 70 79 0 0 0 15 0 0 0 0 70 0 0 35 0 34 0 0 84 0 0 0 84 0 0
0 84 0 0 0 72 0 0 0 85 0 49 0 0 42 0 0 0 0 0 0 0 91 100 90 0 0 73 0 0 0 0 54 0 0 0 0 0 90 0 0 0 0 0 0 0 0 0 0 2 0 0 0 68 0 0 0 0 0 0 55 0 0 33 0 0 25 55 0 0 0 3 0 0 0 0 43 31 48 0 0 0 0 0 0 10 0 0 0 95 77 0 0 0 0 0 1 0 0 0 0 50 0 0 0 9 0 0 0 2 0 94 0 0 0 0 0 2 0 0 0 41 0 0 0 0 0 32 0 3 0 0 0 0 0 0 0 0 65 60 10 0 0 54 0 0 0 0 0 0 0 0 0 0 0 8 0 0 0 0 0 47 69 0 0 0 0 0 0 74 0 0 19 0 0 0 46 0 0 0 0 0 0 0 0 87 0 0 0 0 49 16 0 0 12 0 67 0 0 0 0 80 0 0 0 0 0 38 0 96 0 0 22 0 67 0 0 74 0 0 0 0 61 0 0 0 80 64 0 0 22 0 74 0 42 0 0 0 0 87 0 0 22 0 0 0 29 9 15 0 78 0 0 0 0 0 0 0 0 65 0 0 0 0 0 0 0 0 0 0 0 0 0 0 0 18 0 0 0 29 0 0 0 0 56 97 65 0 0 0 0 0 0 0 0 55 0 0 0 0 0 0 0 0 0 0 0 0 0 0 0 0 0 77 69 0 0 0 0 0 0 0 70 0 0 0 54 83 0 78 80 62 0 95 0 75 0 0 0 0 0 0 0 100 1 0 24 0 0 0 5 38 63 0 0 0 0 0 67 26 0 0 79 0 0 0 0 0 44 0 0 0 4 0 75 0 0 0 0 0 59 13 0 0 0 20 0 0 0 0 0 0 46 0 0 46 0 0 0 0
0 50 0 77 0 0 39 0 0 0 74 0 0 31 0 0 75 0 17 0 0 0 0 39 0 0 0 0 0 0 0 0 0 22 0 0 39 44 0 0 0 81 0 60 1 0 0 94 0 0 46 30 0 29 0 0 0 24 0 70 0 0 0 0 0 0 0 0 0 0 0 0 0 0 0 0 0 1 0 0 0 0 0 0 0 0 91 0 11 0 61 39 0 0 0 0 0 0 0 0 0 0 63 0 0 0 49 0 0 0 0 17 0 43 0 0 0 96 0 0 0 89 0 0 0 0 0 99 51 0 0 0 49 0 43 0 0 0 0 21 0 0 0 0 0 0 0 0 0 0 0 38 0 44 0 28 0 0 0 51 0 0 0 0 0 0 0 0 55 53 53 0 0 56 0 0 0 0 0 0 60 0 0 0 30 0 0 0 76 0 0 0 0 0 0 0 75 0 0 32 0 0 21 0 0 0 0 0 47 0 0 72 0 9 0 0 0 0 0 0 0 0 30 0 0 0 0 0 0 0 49 0 10 78 6 66 0 0 0 0 54 0 96 0 0 0 0 100 0 45 90 38 0 0 0 0 33 0 84 22 0 0 0 0 0 75 43 0 0 0 0 0 0 77 0 0 0 0 0 0 8 0 75 0 0 0 0 0 35 0 0 0 0 0 0 0 2 55 0 0 0 0 0 0 0 0 94 0 0 0 0 0 84 0 0 0 0 0 0 0 95 0 82 0 0 59 0 0 0 45 0 0 0 0 45 0 0 51 47 0 30 85 0 0 0 0 0 84 0 0 15 0 0 0 0 0 0 81 0 0 0 0 58 38 0 0 0 44 0 83 0 0 43 95 0 0 0 16 0 0 74 32 9 0 0 0 80 0 0 0 0 73 0 58 0 0 0 42 0 0
96 0 0 0 0 20 0 20 0 0 0 9 0 0 55 46 0 0 40 0 0 0 0 0 0 0 0 0 0 0 0 82 0 0 54 4 0 0 0 0 0 99 0 0 71 0 0 0 0 0 80 0 0 0 0 0 0 0 0 13 37 60 0 29 0 37 0 0 0 0 0 0 0 0 60 8 0 0 52 54 55 0 0 0 0 0 12 0 0 0 0 21 0 0 13 0 0 37 47 0 0 0 7 0 0 0 0 0 32 0 0 0 0 0 0 0 47 100 0 0 0 0 0 51 15 0 0 0 0 0 0 0 0 0 0 0 0 0 9 0 0 0 0 0 0 83 61 0 0 0 48 0 95 0 22 0 0 4 0 0 0 67 0 0 0 92 0 0 81 80 0 0 0 0 0 0 0 0 0 0 3 0 39 0 0 80 49 0 0 0 87 0 0 0 0 0 0 0 87 0 0 0 0 0 0 0 0 0 0 0 0 0 75 0 0 0 0 0 10 0 22 0 0 0 0 0 0 0 0 0 0 0 0 0 0 57 0 0 35 0 0 95 93 0 0 43 0 0 46 0 0 62 0 0 76 7 0 0 0 0 0 0 0 7 0 0 0 0 0 0 0 0 0 0 95 0 0 0 0 0 26 26 0 0 0 0 0 0 0 31 80 0 0 0 0 0 51 86 0 0 0 78 0 0 0 0 99 0 0 0 0 0 0 0 0 0 0 0 0 0 74 0 0 0 0 0 0 0 81 0 30 88 96 0 10 100 0 0 78 0 0 0 60 0 52 75 0 0 0 60 0 0 0 0 0 5 2 94 0 29 0 0 0 0 0 0 0 0 0 0 0 0 0 0 0 0 0 0 0 0 0 0 0 67 0 0 0 0 0 30 0 0 0 0 0 0 61 0 0 34
0 0 0 6 19 55 0 28 24 0 0 0 0 0 66 0 98 0 0 52 22 0 0 0 0 0 0 0 0 0 0 0 0 0 0 0 17 0 0 0 0 0 0 0 0 94 0 0 0 33 0 0 91 0 0 0 0 38 0 0 0 88 0 0 0 0 37 0 0 0 0 0 0 0 0 45 0 95 0 57 0 0 0 0 0 0 0 0 0 0 0 0 0 0 29 0 0 0 22 0 0 0 50 0 12 73 0 0 0 24 0 0 0 0 0 0 0 0 0 0 0 72 0 0 0 0 0 2 0 0 0 0 0 10 75 0 39 0 0 16 0 0 0 13 0 37 0 89 87 7 0 0 0 73 0 0 0 0 9 0 0 0 0 41 1 0 0 0 0 81 0 0 0 31 0 0 0 63 70 0 0 36 83 0 0 0 95 0 0 12 0 15 90 62 63 0 0 59 94 90 0 86 0 0 0 85 0 0 6 5 0 94 0 0 0 0 0 14 0 0 0 0 0 0 62 35 0 0 0 0 74 0 0 0 4 0 0 0 0 0 0 0 0 0 0 32 0 0 100 0 0 0 71 0 0 0 0 0 0 5 19 0 0 0 58 0 0 0 0 0 0 0 0 27 0 0 84 0 0 0 0 0 16 0 68 0 0 0 74 0 0 27 0 0 0 0 0 87 0 0 0 0 0 0 0 49 0 100 0 0 67 0 37 0 0 41 0 0 0 93 0 25 0 7 0 0 0 0 74 0 0 29 43 90 0 0 0 0 84 85 0 0 14 0 41 0 0 0 0 0 62 0 0 0 43 21 0 0 0 0 74 0 98 26 46 25 33 35 94 30 0 0 78 0 0 68 0 0 0 0 0 78 94 0 0 42 0 0 94 0 0 0 0 0 0 0 0 82 0 0
0 0 0 0 0 92 0 75 0 0 0 0 0 0 99 0 0 76 0 0 0 0 0 0 90 0 99 0 0 0 0 6 0 70 0 0 0 77 0 0 0 0 0 0 0 74 0 0 0 0 0 0 0 0 0 0 78 0 98 0 31 0 0 0 0 0 0 0 0 0 0 0 0 0 0 0 0 0 0 0 0 8 0 0 58 19 0 0 0 0 0 0 0 0 0 68 0 0 0 0 0 49 0 66 0 0 58 74 0 31 43 11 0 0 81 0 0 0 0 0 5 0 0 0 0 94 91 0 0 0 28 0 0 57 0 0 0 0 0 6 50 0 97 0 0 0 0 34 38 0 8 0 0 0 0 0 0 0 0 59 0 0 0 0 0 0 0 0 0 0 0 0 0 54 63 0 0 0 0 0 0 87 0 6 0 59 23 89 0 6 0 1 0 0 0 0 0 0 0 0 0 0 0 95 19 99 76 0 20 0 88 0 0 0 65 63 51 0 0 0 0 0 0 0 79 0 16 0 10 0 0 0 0 0 0 0 0 0 73 0 0 0 0 22 0 0 0 21 55 0 0 0 0 0 0 0 0 72 0 0 0 0 0 0 0 0 0 0 83 0 35 0 0 45 0 0 96 99 0 0 0 0 0 0 61 74 0 0 0 0 64 0 0 44 0 0 96 58 0 0 0 31 0 0 0 0 78 0 0 0 0 95 0 15 0 0 0 60 0 48 66 18 0 0 0 0 0 4 0 0 0 0 0 0 0 0 0 0 0 0 0 0 0 0 0 0 0 2 0 0 82 0 68 57 0 0 79 0 17 0 0 0 0 0 0 46 0 88 0 70 0 82 0 0 0 0 0 0 0 0 0 0 0 0 0 48 0 22 0 0 0 0 0 0 0 0 0 0 87 0
0 0 89 37 0 0 0 0 0 0 10 93 0 0 85 0 0 0 0 0 0 0 59 0 48 0 64 29 0 0 0 0 0 55 36 0 0 0 77 0 97 0 0 0 92 27 0 0 23 0 0 86 0 0 71 62 0 5 0 0 0 78 0 0 37 0 0 0 32 0 0 0 0 0 59 9 0 0 0 0 49 0 96 0 0 0 0 0 0 1 0 30 0 0 0 0 0 0 0 0 59 0 0 77 0 0 0 89 0 0 0 0 0 0 3 0 0 0 0 0 92 0 0 80 0 0 0 0 0 51 0 0 0 0 0 0 98 0 0 0 30 0 3 10 0 0 18 0 0 0 82 0 97 13 11 59 0 0 0 10 0 0 0 0 0 0 94 0 0 0 0 0 0 34 0 0 0 14 0 5 0 0 0 0 4 0 0 0 0 0 0 0 0 0 0 93 0 0 0 0 0 0 0 0 0 0 0 0 97 0 0 86 0 0 0 4 0 0 0 0 75 12 0 0 0 29 40 0 33 47 0 0 0 0 0 0 83 0 47 12 0 0 0 0 8 0 0 0 0 0 37 1 0 85 0 0 0 0 0 91 77 0 13 0 0 0 0 0 0 0 85 90 0 0 8 0 0 0 0 41 0 0 0 29 0 31 0 72 0 68 0 69 0 0 0 0 0 0 0 66 0 0 0 0 0 9 0 0 0 0 0 0 0 0 0 0 53 57 0 0 0 0 10 0 0 96 0 0 70 0 43 0 48 0 0 0 0 0 0 0 0 24 0 0 3 0 55 17 0 0 0 40 0 54 0 0 0 0 0 72 0 0 0 9 0 0 67 0 0 0 29 0 0 0 0 74 0 0 74 6 3 0 0 0 9 68 0 0 41 84 0 94 0 0 0 0 0 0 46 0
40 0 0 0 54 0 0 0 0 8 13 98 0 11 2 0 0 18 0 0 27 88 0 0 0 0 0 0 0 0 2 43 0 0 0 0 0 0 0 0 0 0 0 0 57 0 33 0 0 55 0 0 0 63 0 0 0 0 0 13 0 0 0 1 0 0 0 23 0 0 0 0 0 0 0 0 60 0 0 0 0 0 0 11 25 0 19 0 38 77 0 35 0 56 0 0 0 27 0 0 0 74 0 0 0 36 29 0 76 0 0 0 0 0 14 0 0 0 0 0 0 86 0 99 0 0 34 0 39 33 0 0 34 0 0 0 9 36 0 0 0 0 0 0 59 0 0 0 0 0 0 0 0 0 0 0 0 0 0 0 24 0 69 0 11 0 0 0 18 46 70 0 39 0 0 0 0 0 0 0 0 0 0 0 0 38 4 0 0 0 12 0 52 64 0 86 0 0 0 0 0 0 0 0 33 80 88 0 0 0 0 0 77 0 0 0 0 0 0 0 67 53 0 81 0 0 0 0 0 0 0 77 0 0 61 0 0 0 58 67 0 0 0 0 12 98 0 0 0 0 43 0 23 0 0 0 0 2 0 56 42 0 0 48 0 26 0 0 0 49 0 0 2 0 12 0 0 0 0 17 0 0 0 0 0 30 0 25 0 0 0 0 0 96 0 0 0 11 0 0 0 0 0 0 73 81 0 0 0 0 0 0 90 0 0 0 37 0 0 0 0 18 62 0 98 0 0 0 0 94 40 0 1 0 0 0 45 21 0 84 0 0 0 0 0 0 0 0 0 0 0 0 0 19 0 23 40 14 0 0 0 54 0 0 0 0 0 91 0 0 0 0 97 0 0 0 0 0 0 0 24 0 0 0 0 0 0 0 0 0 0 35 0 68 0 0 0 0 18 0
0 0 0 0 0 0 0 0 0 0 0 59 0 0 0 0 0 0 0 0 0 0 0 0 0 0 0 0 0 0 58 0 0 0 0 0 0 0 33 0 0 0 0 0 0 0 0 0 0 45 100 2 0 0 1 0 0 57 45 0 0 0 0 0 0 45 0 0 0 83 36 0 8 0 5 0 0 25 0 0 0 0 0 0 0 0 0 0 0 0 0 50 0 2 0 0 0 82 47 29 0 31 0 0 0 67 0 0 0 35 0 0 0 26 0 0 15 0 0 0 0 0 0 0 21 0 0 0 0 44 30 94 8 0 0 0 0 0 0 0 7 0 0 0 0 0 0 0 15 0 0 0 0 0 0 0 77 0 0 0 44 0 0 0 28 0 15 0 0 0 91 0 0 0 0 0 86 70 0 0 0 31 0 0 0 89 43 0 0 0 0 0 0 0 32 0 0 75 0 0 40 0 0 26 52 0 0 0 42 0 5 89 46 0 0 0 0 0 0 0 62 0 0 0 0 0 0 13 83 0 60 0 0 0 0 0 0 0 0 0 6 0 47 0 0 59 0 51 0 0 0 0 0 0 0 92 0 0 0 0 5 8 0 0 71 55 0 0 53 0 0 0 0 0 0 0 0 0 0 0 97 0 0 0 45 0 0 0 0 0 0 0 0 0 7 0 0 94 0 71 0 0 0 0 64 77 0 0 0 0 0 0 0 0 0 14 30 0 16 0 0 0 0 0 0 29 0 0 0 26 0 0 0 0 0 0 0 44 0 0 0 39 95 0 0 38 39 15 0 32 0 0 0 0 54 0 0 0 0 44 0 0 25 76 0 0 0 0 78 3 0 80 0 88 0 25 0 0 0 0 0 0 18 78 3 73 0 0 0 0 0 0 0 0 0 0 0 0 0 0
0 0 85 0 5 0 0 0 84 0 0 0 96 79 0 0 0 99 0 0 0 97 0 0 0 0 0 0 51 0 0 0 0 0 0 22 0 0 0 0 33 0 0 0 51 0 51 0 73 0 0 0 0 0 0 0 0 0 33 5 0 0 0 0 50 0 0 0 0 0 0 0 0 0 62 33 0 0 0 0 0 0 0 0 0 0 0 0 0 0 0 0 0 0 14 0 10 98 0 99 0 0 0 0 0 0 0 44 63 0 0 0 0 0 0 70 0 63 0 0 50 29 0 0 26 0 47 0 0 73 23 0 14 61 21 0 2 0 0 0 68 0 0 0 0 0 83 0 0 0 0 0 0 0 77 0 0 0 86 0 0 0 50 60 0 0 0 0 0 0 0 0 7 0 0 0 0 0 0 0 0 0 0 51 0 0 0 0 0 0 0 0 0 0 0 0 0 66 0 69 0 0 57 28 0 0 0 0 86 19 0 0 76 53 2 0 1 0 0 0 0 42 0 0 0 0 0 0 0 0 29 0 3 0 0 0 25 0 0 0 0 0 94 0 85 70 0 0 47 10 0 0 0 0 0 0 58 0 34 0 0 0 38 0 0 0 49 80 0 0 0 0 0 7 0 0 42 0 0 94 0 0 0 55 0 18 33 4 0 21 91 0 0 0 0 0 0 0 0 0 0 0 36 0 0 0 77 0 0 36 0 19 20 32 74 0 0 0 85 0 0 0 0 54 0 0 1 0 0 0 0 0 0 0 0 0 86 0 0 0 72 0 30 0 0 40 0 0 0 40 78 50 0 99 0 50 55 0 0 27 62 0 0 87 0 0 0 0 0 0 0 0 0 21 76 81 5 0 0 0 0 0 0 0 0 56 98 0 48 0 0 0 0 4 0 0 35 14 87 0
0 0 59 0 47 0 52 50 85 0 0 0 0 79 95 0 0 52 97 0 89 0 0 0 94 0 0 0 0 0 0 0 71 35 0 21 25 9 67 0 0 0 15 0 5 86 0 0 0 0 0 0 0 0 0 0 0 0 0 82 0 22 0 63 0 0 54 0 0 0 77 0 0 0 0 0 0 0 0 0 15 0 0 0 0 41 91 0 0 0 0 0 0 0 0 77 0 0 0 0 0 84 9 0 0 0 51 0 0 0 0 0 0 0 0 0 93 0 0 0 0 0 0 0 0 97 0 0 0 1 0 0 87 0 0 5 0 0 0 0 0 0 0 0 0 0 0 0 91 24 0 0 0 0 0 0 0 0 0 0 24 0 0 0 0 0 0 73 0 0 21 0 0 0 0 0 76 0 0 0 0 0 0 38 0 0 0 0 0 0 0 0 11 17 0 0 0 0 49 0 0 0 45 5 0 0 0 0 0 0 0 0 0 0 0 0 0 0 0 0 0 20 0 44 0 0 0 99 0 0 0 75 0 0 0 29 0 0 0 88 0 0 64 0 0 19 86 0 79 97 0 0 0 0 0 0 0 0 28 15 34 0 0 75 52 0 0 0 0 0 0 0 3 74 0 0 0 75 55 0 0 0 12 0 0 0 23 0 0 0 0 0 82 0 0 60 0 0 0 0 0 0 0 0 0 0 0 0 0 72 0 0 87 0 0 2 9 0 49 49 69 0 62 0 0 0 83 0 0 0 44 0 0 0 0 0 0 0 0 22 0 0 0 29 48 44 0 0 0 0 0 99 0 0 0 32 0 0 45 0 0 0 0 99 50 0 63 0 0 59 8 0 0 22 91 0 3 27 0 26 0 0 0 0 67 0 57 0 0 0 0 0 0 0 0 0 0 0 1 0
0 0 0 0 42 0 0 74 0 6 0 0 0 0 0 0 45 0 0 0 0 0 0 0 0 0 48 0 15 0 59 0 44 81 0 45 26 0 0 0 0 0 0 92 0 45 0 0 0 0 0 0 4 68 0 0 0 0 0 0 0 0 34 0 0 75 0 0 33 0 32 0 0 0 0 0 76 0 0 84 81 0 0 0 0 0 0 0 0 0 0 0 0 0 0 0 0 8 0 0 0 0 0 0 0 0 19 0 0 0 25 85 0 27 0 0 0 0 40 0 0 25 33 0 0 0 0 0 80 0 0 0 0 0 58 82 0 0 0 37 0 0 0 0 0 0 0 44 0 0 0 0 0 26 0 0 0 0 90 0 31 0 0 0 0 92 29 0 0 0 0 0 76 0 77 0 0 0 0 0 32 0 0 0 0 0 31 0 0 59 0 28 0 0 87 8 0 89 84 0 32 11 0 0 97 0 0 0 0 0 0 0 17 0 0 20 0 0 45 0 0 0 0 51 0 0 0 21 0 2 0 22 0 0 0 16 0 54 0 0 60 13 0 94 0 0 60 0 0 0 71 0 0 0 0 26 0 0 0 69 0 69 0 88 0 0 41 59 46 72 0 34 0 40 0 15 66 0 81 0 0 0 0 0 0 0 0 0 0 0 0 0 0 0 0 0 0 0 0 0 0 51 0 0 0 0 0 0 0 0 0 54 0 81 36 0 0 0 0 0 35 0 44 0 0 77 0 0 0 0 0 29 0 0 0 62 0 76 0 0 0 69 0 83 0 0 0 0 0 0 0 0 0 0 0 79 0 0 0 42 0 36 36 69 37 0 0 0 0 0 0 0 0 0 62 12 0 0 43 35 58 0 0 0 0 0 0 23 98 0 0 0 77 0 0 0 0 0 30 0
0 0 0 0 0 0 30 0 0 0 0 0 69 0 48 0 80 35 0 0 0 0 0 0 54 0 0 34 0 0 0 0 0 0 0 0 35 0 0 0 0 0 26 92 0 0 0 0 0 0 0 0 0 0 0 0 30 0 0 0 0 35 0 0 0 0 0 0 42 0 0 0 25 0 83 0 0 0 0 0 0 86 68 0 0 0 33 0 51 10 0 0 86 0 0 0 0 0 0 0 0 0 87 0 0 0 0 0 0 0 89 0 0 0 0 10 0 52 0 0 0 49 0 0 0 4 0 91 0 0 0 0 0 80 0 0 68 50 0 74 0 0 0 14 12 0 0 0 62 0 0 93 0 83 0 0 0 0 0 0 0 0 0 0 0 0 16 0 0 0 0 0 0 0 76 28 0 0 13 0 0 0 0 0 0 19 0 37 0 87 0 0 0 72 78 0 0 0 0 33 70 0 0 63 91 48 64 0 0 0 0 0 0 24 58 0 0 0 0 97 0 0 0 0 0 0 0 47 0 0 0 0 0 44 93 0 77 0 32 0 0 0 0 0 0 0 0 0 0 0 0 0 0 25 71 53 0 48 0 0 0 0 94 0 84 0 0 33 87 0 0 0 0 0 47 10 0 0 0 75 36 0 0 0 4 36 82 0 0 32 0 0 0 0 96 25 100 0 4 0 0 0 72 84 0 0 0 0 6 0 0 0 0 38 76 89 0 0 0 3 73 0 0 0 0 0 0 96 0 0 0 0 0 46 0 0 0 0 0 48 29 0 0 0 0 0 59 0 0 0 0 11 0 0 48 0 58 0 62 0 54 0 0 0 0 0 0 89 0 16 0 20 0 0 0 0 0 0 0 0 0 99 0 0 0 0 0 0 0 0 0 0 0 85 0 0 0 0 9 0
62 0 0 0 28 0 25 0 0 0 0 0 58 0 0 0 0 49 66 28 0 0 0 0 17 0 0 0 0 0 33 0 0 55 0 0 0 47 0 0 0 96 0 0 0 0 0 0 0 0 0 0 0 0 0 0 29 1 39 0 0 0 0 3 0 18 0 0 0 0 0 0 0 20 0 0 0 42 0 0 0 53 0 0 0 0 0 0 32 0 0 0 0 0 72 0 0 0 0 0 62 0 0 0 0 0 0 0 0 0 0 0 0 0 0 0 0 0 0 0 0 54 51 0 0 0 0 29 0 0 0 0 0 0 0 0 23 64 61 0 89 93 0 0 0 6 29 0 0 0 15 0 0 0 0 0 0 0 0 68 0 0 16 69 0 22 37 0 73 0 73 16 0 99 0 0 0 0 85 0 0 0 0 27 0 69 88 0 0 0 40 0 14 0 0 0 0 0 0 0 0 0 0 0 0 0 47 0 52 91 0 0 0 0 0 0 0 0 0 17 24 0 0 0 0 0 0 0 21 33 0 0 93 0 0 0 99 0 0 38 0 0 79 0 0 0 0 0 97 0 0 0 0 0 45 88 0 0 0 0 0 0 0 0 0 0 29 78 0 0 0 0 0 18 0 97 87 73 0 0 0 0 0 0 0 0 0 0 0 2 0 19 0 27 0 0 0 0 16 0 97 0 0 0 0 0 0 89 0 0 4 0 0 0 0 0 57 0 0 0 0 0 0 0 0 0 0 0 0 23 0 44 0 0 0 0 0 14 0 0 0 12 46 0 0 0 0 0 93 0 100 0 0 0 12 0 0 0 0 0 0 0 0 50 0 0 66 51 0 0 0 0 0 0 0 0 0 0 0 0 0 17 0 0 0 91 0 0 0 24 0 0 0 53 0 0 0 0 0 0
0 0 0 0 0 0 0 0 0 97 4 0 0 0 0 0 0 0 39 0 0 94 0 0 0 0 20 0 89 78 0 0 0 0 9 0 0 0 12 0 0 91 16 0 12 0 0 17 0 92 0 0 0 0 0 39 0 0 0 0 0 0 0 0 0 0 61 0 0 0 0 0 0 0 0 26 0 81 0 94 87 0 0 0 7 20 70 0 0 37 0 0 0 0 0 79 0 0 0 0 0 25 0 0 24 0 96 45 63 0 0 0 0 42 0 94 0 89 38 0 0 0 0 0 0 0 0 0 0 22 99 0 0 0 0 0 0 87 0 0 0 7 0 0 0 0 0 0 0 0 0 0 0 0 0 0 0 24 0 0 0 0 41 17 0 0 0 0 0 0 0 0 0 45 0 0 0 0 0 0 0 0 0 0 86 0 0 0 0 0 0 0 0 0 0 0 0 0 19 0 0 0 0 44 32 0 0 0 0 48 0 0 0 53 31 0 36 0 0 65 40 0 0 0 80 12 0 0 0 21 0 3 0 0 8 0 0 0 0 65 0 0 0 0 0 0 0 0 0 0 0 0 0 0 82 0 0 0 0 0 0 0 36 0 12 0 46 85 0 0 0 0 0 0 0 0 0 0 0 0 0 52 22 0 0 0 0 0 0 0 0 2 0 0 0 0 12 40 0 75 0 0 0 0 37 60 0 0 0 89 73 0 0 0 0 0 46 6 0 0 0 0 0 0 0 0 0 0 65 0 34 0 0 0 0 0 74 0 37 0 0 0 0 0 0 0 0 97 0 0 0 0 52 21 51 0 0 49 0 0 0 0 0 0 0 0 0 0 0 0 0 0 5 0 0 0 0 0 0 0 0 0 0 2 0 0 0 29 0 0 0 0 0 0 0 0 38 0 58 0
0 0 58 0 0 0 0 0 53 0 8 0 0 0 0 0 0 0 0 0 0 0 0 33 0 0 0 0 0 92 0 0 0 58 27 0 0 0 34 0 0 0 0 0 0 0 0 61 0 0 86 0 0 0 0 0 0 0 90 0 0 0 0 0 0 51 0 0 8 92 0 0 0 0 11 98 35 0 0 0 0 0 0 0 0 93 46 0 0 0 0 0 0 39 0 0 0 46 0 0 0 67 86 0 0 0 71 0 0 0 0 0 0 0 0 18 0 32 0 0 20 0 0 0 0 0 0 0 0 0 0 0 0 0 23 21 0 0 0 11 0 0 0 0 0 0 0 0 0 0 0 0 0 0 0 41 0 0 0 17 91 0 0 0 0 0 7 0 0 40 0 23 0 16 29 0 0 0 54 24 11 79 0 0 0 0 0 0 0 0 22 0 0 77 0 83 0 0 57 0 0 36 0 0 0 0 0 0 0 0 0 0 0 0 0 0 95 0 0 0 77 14 36 0 0 82 0 0 90 85 0 0 0 38 0 84 0 0 0 0 0 0 16 0 0 0 0 0 0 0 0 0 0 83 0 0 0 0 0 0 38 0 0 0 0 0 0 0 0 0 0 0 0 0 0 0 45 85 0 0 61 0 0 0 0 0 0 0 23 0 0 0 0 66 0 0 76 0 0 72 10 52 0 0 49 40 0 0 0 0 0 0 0 0 88 0 89 0 0 0 0 0 45 29 0 0 59 0 0 0 0 58 0 0 59 0 0 0 63 0 0 0 0 41 0 0 15 0 0 0 0 1 0 0 0 0 90 99 0 0 0 0 0 0 0 71 0 0 0 0 33 0 0 0 0 0 0 0 0 0 0 0 0 0 0 32 80 0 0 0 3 93 43 0 66 0 0 0 0 0
39 0 0 37 19 0 0 30 90 0 0 0 0 0 0 59 0 0 0 0 0 0 0 0 0 0 0 0 0 0 0 0 98 0 80 0 9 0 30 0 0 92 0 0 81 2 0 0 0 0 0 0 0 0 0 0 0 6 0 0 0 0 0 0 0 0 0 63 0 16 0 0 0 0 37 0 0 0 28 0 0 0 0 0 0 82 50 0 89 38 0 80 0 90 33 0 0 0 0 0 0 0 0 0 86 0 0 57 0 0 0 77 24 0 0 0 0 0 0 0 0 0 94 0 40 0 0 0 0 0 0 9 0 47 69 0 0 22 0 0 0 0 88 70 0 0 0 0 0 40 0 0 82 0 0 0 86 0 11 0 87 0 0 0 0 0 0 39 0 0 55 0 38 0 0 0 72 40 79 0 0 0 0 0 0 0 14 46 0 0 0 0 0 0 0 0 0 0 0 62 0 0 0 0 0 0 0 48 0 0 0 0 0 0 0 0 0 0 29 0 39 7 0 0 53 0 0 0 35 14 0 70 21 0 0 0 0 0 0 0 15 0 0 0 0 0 0 0 0 0 0 0 76 39 72 0 0 70 5 64 16 47 54 28 0 25 0 77 0 0 0 17 0 0 0 0 6 0 0 0 0 0 0 0 0 0 0 0 0 3 0 0 0 0 0 0 0 0 59 63 0 82 0 0 0 0 18 48 0 38 0 0 0 0 0 0 0 49 33 0 78 0 0 0 0 94 0 45 0 0 0 0 14 0 7 0 0 0 0 0 0 0 0 92 0 0 0 0 0 0 3 4 0 0 0 0 0 0 0 0 0 0 0 39 4 33 0 0 0 70 0 0 40 26 76 13 0 0 0 0 0 0 0 0 0 0 0 0 0 0 0 0 0 0 0 0 22 14 99 0
0 0 51 0 0 87 0 0 41 0 89 0 61 25 0 0 0 0 0 0 0 0 0 0 22 0 0 0 0 0 0 0 0 0 0 0 0 73 0 0 72 0 0 19 0 70 50 0 85 0 0 0 17 95 0 0 31 0 6 0 0 0 0 87 0 55 0 91 44 0 0 0 0 72 65 0 17 0 86 0 0 0 0 68 0 0 0 0 0 0 0 93 18 72 0 93 6 0 0 0 0 0 0 61 0 14 90 0 0 0 0 0 0 0 39 0 0 0 0 62 0 13 0 0 9 0 0 0 0 0 0 0 72 0 0 1 80 56 0 92 38 0 0 0 0 0 0 0 26 35 0 0 57 99 0 0 71 0 0 0 0 0 0 0 0 0 0 0 0 33 0 17 0 0 0 0 0 10 55 0 0 0 0 0 47 43 0 18 0 0 0 0 0 0 0 0 68 0 0 0 0 93 0 0 0 4 0 0 28 0 0 74 18 0 0 0 70 0 0 40 0 0 0 0 20 0 26 0 0 78 0 0 34 0 0 0 0 0 0 0 43 0 0 94 0 0 0 0 0 0 0 0 0 0 0 0 0 0 40 0 63 90 0 0 0 0 0 0 0 0 0 0 42 0 0 0 0 33 0 0 48 0 0 0 0 0 0 0 0 0 0 0 0 0 0 0 0 0 0 0 0 0 22 0 0 0 37 25 0 0 0 0 0 0 0 62 0 0 0 22 0 0 0 0 0 84 0 0 0 0 0 29 0 85 0 0 0 0 21 0 0 0 0 23 0 25 0 75 29 52 0 0 0 0 0 0 0 0 0 0 0 0 0 0 0 0 0 67 0 0 0 0 0 0 0 0 9 0 0 0 73 0 40 0 0 56 0 0 0 0 0 0 0 84 0 0 0 0 0 0
48 25 94 0 0 0 15 56 0 18 0 79 38 88 0 0 0 92 0 0 0 0 75 0 0 1 57 0 0 0 0 0 0 80 0 99 0 0 0 0 0 99 0 0 0 0 0 16 0 0 16 45 0 0 0 0 0 0 12 0 0 0 0 66 0 29 0 33 0 0 0 0 0 0 0 0 0 0 0 96 0 0 5 0 0 0 34 0 0 0 0 0 0 0 0 6 0 0 63 83 0 0 0 0 0 0 0 0 0 0 0 7 0 0 0 4 0 93 0 76 0 0 18 0 0 0 0 0 0 0 0 88 0 0 0 0 0 0 0 0 0 0 0 0 0 0 71 0 0 0 0 0 0 0 0 0 0 0 0 0 0 0 100 69 0 0 0 0 88 0 0 7 0 0 0 0 0 49 0 0 85 0 0 0 0 56 0 0 0 0 74 74 0 0 85 0 17 92 0 0 0 0 52 0 0 0 0 0 0 85 0 0 0 0 86 0 0 0 0 0 29 0 0 0 0 0 72 0 0 0 0 0 0 0 77 85 0 0 0 0 0 0 46 12 0 0 10 0 31 52 0 0 0 0 18 0 0 41 36 78 0 0 0 0 0 0 0 0 61 0 0 0 57 48 0 0 0 94 47 0 0 0 0 0 0 30 0 0 10 0 85 58 0 26 0 0 0 0 0 0 0 35 35 0 0 99 62 88 0 0 0 0 0 0 27 0 0 96 0 39 0 0 37 0 0 0 7 0 94 0 0 0 0 0 36 0 58 7 0 0 0 0 0 0 57 0 40 0 0 0 0 0 0 0 0 0 0 0 0 21 0 0 0 82 0 0 0 51 0 0 0 38 0 0 71 0 0 0 67 0 0 88 0 0 73 0 0 22 0 0 0 16 60 79 65 0 17 0 0 0
0 0 0 0 0 0 0 0 0 0 51 0 0 0 0 0 0 56 31 0 30 77 11 0 0 31 0 0 0 0 0 0 0 0 0 0 0 0 0 52 0 0 0 0 0 0 0 0 0 18 48 0 24 72 0 1 38 0 0 0 0 12 48 0 0 0 0 74 70 0 37 0 0 0 0 0 0 33 24 0 0 51 0 0 0 0 0 56 0 0 38 0 0 0 0 0 0 72 0 0 0 61 0 0 0 43 0 0 75 0 0 0 96 0 0 0 0 63 82 0 0 46 0 0 0 0 0 75 0 0 40 0 0 74 0 0 78 0 0 23 0 41 0 0 0 0 0 62 92 0 76 46 0 0 0 0 0 0 23 0 0 0 0 0 34 0 0 49 0 0 0 0 0 0 0 14 0 0 0 0 95 0 0 83 0 0 0 0 0 7 0 0 63 0 0 67 0 0 47 0 0 0 0 0 0 0 0 31 0 0 2 0 0 71 0 0 0 0 0 0 0 77 0 0 49 0 0 0 0 0 0 0 80 36 4 0 0 86 0 0 0 0 0 0 0 0 0 0 0 26 0 60 84 0 0 0 40 0 0 0 0 70 0 0 78 0 0 0 0 28 0 0 35 0 0 0 77 0 0 0 46 0 0 10 0 0 0 0 0 0 97 0 0 0 92 0 0 0 0 4 0 0 0 70 0 64 0 0 53 25 0 0 0 0 64 0 0 0 0 0 0 0 0 0 0 0 19 0 0 0 0 0 0 0 0 0 0 0 0 0 0 0 50 0 77 0 100 42 0 81 0 0 0 0 75 0 0 0 43 55 0 0 0 0 0 0 93 0 40 0 0 18 0 0 0 0 0 0 0 5 0 85 0 0 0 67 11 0 0 39 76 0 0 15 0 36 0 44 0 0
30 0 0 0 30 16 0 0 4 0 0 0 0 0 0 0 80 62 0 0 24 0 0 0 0 93 0 23 0 0 40 0 0 0 0 0 0 0 0 0 0 66 64 97 1 91 39 0 0 0 0 0 0 30 0 95 0 0 0 0 0 0 0 0 0 1 25 0 0 76 0 0 0 0 0 6 2 30 39 0 45 62 51 42 0 0 0 0 52 86 0 0 0 0 0 0 68 0 0 14 47 0 0 0 0 0 7 20 0 0 56 97 83 0 0 0 27 79 0 0 0 0 0 0 0 0 0 0 0 0 0 0 0 0 0 57 0 0 0 0 0 0 0 0 0 0 0 0 0 47 0 0 0 0 0 0 0 0 0 0 0 0 0 2 0 0 0 0 0 0 21 0 0 33 0 0 0 86 0 0 0 0 0 0 44 0 10 0 0 11 0 0 0 0 0 0 58 52 0 0 0 0 0 0 0 0 0 0 48 0 0 93 80 0 0 0 0 0 65 66 0 0 5 0 0 0 0 96 0 0 0 71 0 0 0 0 77 0 0 80 0 0 0 0 0 0 0 3 0 54 0 0 0 10 0 0 0 0 35 0 0 0 0 0 0 50 92 0 0 0 61 0 0 61 83 0 34 0 0 0 0 0 0 0 0 0 0 0 0 74 0 0 0 12 0 26 0 0 0 0 0 0 26 0 65 0 0 0 26 0 0 0 0 0 0 5 0 33 0 0 58 0 0 0 38 74 0 0 0 0 0 0 0 0 0 0 0 64 75 0 79 0 0 0 0 0 0 0 0 0 0 0 0 0 0 0 0 0 0 4 0 95 25 0 0 0 0 67 75 0 0 0 75 0 49 0 21 0 0 0 0 0 0 54 0 68 78 0 0 49 0 0 6 0 0 0 59 74 0 0
75 0 0 0 0 0 0 0 0 0 29 0 0 0 0 0 0 0 0 0 0 0 0 98 0 0 0 0 4 0 3 0 0 5 0 0 0 0 0 0 65 7 0 93 64 0 0 0 0 48 0 0 0 25 73 13 0 6 0 12 0 0 0 41 0 0 0 0 0 0 0 80 0 81 0 0 0 0 0 79 55 0 36 0 0 50 22 0 0 0 23 0 63 0 0 38 0 20 0 26 0 0 0 28 0 89 0 0 0 0 67 0 0 50 0 0 0 97 0 0 0 0 0 0 51 33 0 0 0 0 0 0 0 88 0 0 55 0 89 0 52 0 0 0 0 0 0 76 0 0 0 0 0 0 0 98 0 0 0 97 0 70 0 0 0 0 0 92 0 49 0 0 32 0 0 0 0 0 0 0 83 57 0 0 82 0 0 0 0 0 0 92 33 0 0 95 0 0 71 0 0 23 0 0 94 0 0 57 0 0 0 0 0 0 0 0 0 0 0 32 0 0 0 0 0 0 0 87 100 0 0 0 0 43 0 0 53 0 0 84 0 0 0 0 0 24 0 0 7 14 0 63 0 0 0 21 0 0 81 0 0 0 0 0 0 0 0 0 0 0 83 0 0 78 92 0 0 96 46 48 0 0 0 0 0 0 95 0 0 20 79 66 20 0 94 0 66 0 22 82 0 0 20 0 0 0 55 0 0 88 54 73 0 9 34 0 0 0 0 0 0 0 37 0 0 0 0 0 0 87 63 0 36 0 88 78 0 0 0 0 6 0 0 42 51 0 55 0 0 0 0 0 77 0 0 13 0 0 0 0 0 0 0 15 0 0 0 0 0 0 0 25 0 0 0 45 0 0 0 0 56 0 0 0 0 0 0 84 0 0 0 0 64 0 0 0 0 0 0 0
0 0 0 9 0 0 0 0 77 0 0 73 0 0 0 0 0 0 1 0 0 6 0 0 0 0 0 0 0 0 0 13 0 0 0 0 0 41 14 0 46 0 0 0 0 0 0 0 0 0 0 0 0 77 41 66 31 0 0 38 7 62 0 22 0 0 0 0 0 66 0 0 0 0 0 0 73 32 94 0 64 0 86 0 0 0 0 0 43 0 0 0 0 0 2 0 0 32 0 0 0 0 0 0 0 84 2 0 0 21 0 0 21 0 0 64 0 0 0 0 0 39 0 0 91 75 38 0 0 0 32 0 83 0 77 0 0 0 64 0 42 0 0 0 0 22 0 0 0 0 0 0 10 0 0 0 0 0 20 0 0 0 0 46 42 0 0 0 0 0 0 67 0 0 0 78 53 0 0 0 0 0 24 0 0 39 0 0 7 0 66 0 18 15 37 0 0 0 0 0 0 0 0 0 0 79 0 0 46 0 0 0 0 0 12 0 0 0 0 60 0 0 62 0 0 0 0 0 0 0 7 0 17 0 0 28 0 56 0 0 0 86 86 0 0 0 0 16 0 0 0 0 2 0 0 70 92 0 0 0 0 19 0 0 0 69 0 0 0 0 0 0 0 0 0 35 0 0 87 23 0 38 0 0 19 0 91 0 0 0 0 0 0 0 76 0 0 17 0 0 0 0 0 0 44 0 0 0 27 0 0 0 57 0 0 27 0 94 0 0 0 81 0 0 92 40 0 0 0 0 0 0 0 6 0 0 0 0 76 0 0 83 0 0 0 0 88 0 0 0 24 7 0 0 91 0 0 34 86 0 0 0 0 33 0 48 0 0 36 7 0 81 0 86 0 0 58 0 0 0 0 0 74 0 0 0 0 88 0 86 0 0 0 0 0 0 0 1 0 0
0 0 20 0 0 35 93 59 0 4 0 66 0 0 11 28 0 0 4 0 0 72 0 57 45 0 0 0 0 0 0 0 0 0 0 0 0 0 61 17 0 0 0 0 52 0 0 0 20 29 0 0 13 0 0 0 0 0 93 0 0 0 0 0 0 0 0 0 18 0 0 0 38 100 0 0 87 0 0 0 0 0 0 85 0 0 0 0 93 0 0 0 0 0 0 0 0 0 0 0 0 0 0 0 0 96 91 0 0 0 0 0 0 0 0 0 0 0 0 7 0 0 17 33 0 89 1 0 0 0 0 42 0 0 52 0 0 13 0 0 50 0 0 0 0 0 0 0 0 0 0 11 0 24 0 81 22 14 81 0 0 0 95 0 0 38 0 27 0 0 0 0 0 84 19 0 0 0 0 0 0 80 0 0 65 0 0 0 0 37 56 0 0 0 0 36 58 0 0 0 0 0 0 0 0 0 0 0 0 0 49 0 0 0 0 0 0 0 0 0 0 0 0 0 0 0 0 0 0 0 0 0 0 38 0 0 57 0 61 24 20 0 0 64 0 42 0 0 0 4 90 0 57 59 0 51 0 0 0 70 0 0 63 0 0 14 74 0 0 84 0 0 0 0 0 0 0 15 0 0 0 0 39 67 0 0 0 35 0 0 0 0 0 0 0 0 0 0 0 0 0 0 0 40 0 0 0 0 0 0 0 39 0 0 0 0 82 48 44 0 0 61 0 0 0 0 0 85 0 0 0 0 0 0 36 0 22 22 0 0 0 0 0 85 0 62 0 0 0 47 0 27 0 16 0 21 74 0 0 2 0 0 0 0 0 61 0 84 0 0 0 0 0 0 41 0 0 95 0 0 0 0 0 0 0 0 84 69 29 51 0 0 0 0 0 0 0 19 0 84
0 0 0 0 0 0 96 47 0 0 83 0 0 0 0 81 0 0 99 0 38 46 36 0 0 0 78 0 0 6 0 47 0 0 0 0 0 0 0 0 46 0 0 0 0 0 15 0 0 0 0 70 30 45 0 0 0 66 6 0 0 0 0 0 0 0 0 27 0 41 0 19 0 0 0 22 0 0 0 80 0 27 0 0 0 0 0 68 20 0 0 0 0 0 97 0 0 0 0 0 100 0 0 0 0 63 0 0 0 0 0 0 0 0 0 4 0 0 52 0 0 0 0 0 70 0 37 50 0 62 0 0 14 0 0 0 0 0 22 0 0 95 0 0 22 0 0 20 0 0 0 0 0 63 0 16 0 76 0 0 0 0 0 0 0 0 92 32 0 0 76 11 87 0 0 0 0 40 0 0 0 0 0 0 0 0 0 0 0 10 0 85 0 0 0 54 1 0 0 47 0 0 0 0 0 0 0 0 0 0 0 0 64 50 24 0 0 0 0 87 0 0 18 0 0 0 0 0 0 50 0 0 0 0 0 0 62 10 0 0 0 0 0 0 0 0 0 0 76 0 68 9 0 0 0 0 0 45 0 0 0 0 61 0 54 0 0 0 73 0 0 0 0 0 0 0 0 0 93 53 0 8 20 0 0 6 0 0 0 43 0 0 0 10 68 42 31 0 0 0 0 38 0 0 0 0 16 63 0 0 0 85 0 0 0 0 0 0 0 0 0 0 0 0 0 0 0 0 0 0 0 41 0 0 0 0 0 0 0 62 0 0 0 0 0 0 0 0 0 0 0 0 8 0 37 70 0 0 96 0 0 0 47 0 0 0 0 0 0 0 0 0 0 0 0 0 0 0 0 98 0 0 0 0 0 0 9 0 0 76 0 0 56 0 0 0 0 0 0 32
15 93 82 0 0 7 68 0 0 0 30 0 0 27 0 0 63 0 0 0 0 76 0 0 46 0 0 0 0 0 0 0 0 0 0 0 0 47 0 0 0 0 0 0 0 0 0 73 0 67 0 75 0 0 0 33 0 81 0 0 0 3 0 0 0 0 0 20 95 0 0 31 0 0 54 0 0 18 0 0 0 0 0 67 0 51 12 0 0 0 0 0 45 0 0 0 0 0 0 0 0 0 0 0 0 0 0 0 0 0 21 2 0 27 0 0 0 93 0 36 0 38 0 0 0 88 0 0 0 0 0 0 33 0 0 0 87 0 0 0 0 77 0 0 0 0 77 14 0 0 0 0 0 0 0 0 0 0 0 0 0 0 0 0 0 19 45 0 0 7 0 0 0 79 0 0 0 0 0 0 86 0 0 0 0 0 0 0 0 0 86 0 0 0 0 0 54 0 0 95 41 0 0 0 0 66 0 16 0 0 0 27 0 0 0 56 0 0 51 0 0 24 12 0 0 0 0 0 0 0 0 0 3 0 37 0 0 0 0 0 0 26 46 0 0 0 0 0 27 0 0 0 0 0 0 0 82 0 0 0 0 51 0 0 0 43 0 0 39 0 0 0 0 0 0 0 0 44 0 0 0 0 73 54 0 0 0 0 0 0 0 0 67 0 0 0 0 66 0 95 70 0 0 0 0 0 0 26 0 65 0 0 45 0 0 0 32 98 94 62 0 0 0 0 0 0 0 0 0 0 0 0 0 0 0 0 0 0 92 0 0 0 0 0 0 0 0 0 0 64 61 57 0 0 0 0 58 0 55 0 27 0 0 0 0 67 0 0 0 0 0 61 0 64 67 0 0 0 0 0 0 0 0 0 56 0 79 0 0 0 0 34 0 0 31 0 0 0 0 0
0 0 0 0 0 4 56 0 0 73 0 0 0 0 0 0 81 0 54 0 37 24 0 0 0 25 0 0 38 0 0 0 0 0 0 0 35 0 0 0 0 64 52 38 0 0 0 0 0 0 0 0 0 0 0 0 0 0 67 0 27 0 0 0 0 14 0 0 0 0 0 0 0 0 0 90 39 0 0 0 23 0 0 0 0 0 0 0 0 0 0 19 0 79 0 0 0 8 28 0 81 31 0 0 56 0 0 0 0 0 38 0 0 0 0 0 0 0 28 0 17 0 0 1 0 26 89 0 0 0 0 0 0 0 99 0 0 59 1 0 0 97 0 0 0 0 0 0 18 72 0 0 0 10 0 22 66 0 0 0 0 0 0 0 0 70 0 96 28 0 0 0 0 0 0 0 0 85 85 0 0 0 0 77 0 0 0 38 0 0 0 0 68 0 0 0 0 0 55 0 0 0 0 99 0 0 0 0 0 0 18 80 71 0 0 0 0 0 0 20 84 91 0 0 30 0 0 0 0 0 0 78 0 0 0 0 69 74 43 0 13 0 0 0 0 0 0 0 24 0 0 0 0 0 0 32 0 0 0 0 7 0 0 0 0 16 0 0 0 46 0 0 10 0 34 0 0 97 0 0 0 0 0 0 0 0 0 0 0 0 91 3 0 66 0 0 43 0 61 0 0 0 0 0 0 17 96 53 59 0 0 70 0 0 0 0 27 0 74 0 0 0 0 8 0 0 10 0 0 0 24 0 51 0 0 0 0 58 74 0 0 0 0 0 0 0 0 0 0 0 0 0 0 0 0 0 70 0 0 0 0 0 0 0 14 0 14 0 20 0 0 0 0 0 0 0 29 0 0 0 5 0 0 0 0 90 9 37 0 0 0 0 0 0 0 0 56 0 0 29
0 0 90 0 43 0 0 0 0 11 0 0 0 0 0 0 0 0 75 0 0 0 0 0 0 0 0 0 0 0 46 0 0 76 0 84 0 0 0 0 0 0 0 0 0 96 0 0 73 0 43 0 24 0 0 0 0 10 0 0 0 0 0 0 0 0 27 0 57 0 0 0 44 0 0 0 0 0 67 0 0 0 49 0 59 59 0 0 7 2 0 0 0 0 84 0 0 0 0 0 0 0 64 0 0 71 0 0 58 0 56 0 0 0 0 0 0 0 0 0 0 0 0 66 0 10 0 4 0 0 97 0 0 0 0 0 0 0 63 95 0 0 0 0 29 0 0 0 0 0 0 80 40 0 0 36 0 40 0 0 0 0 0 0 0 0 0 0 61 0 32 0 46 24 0 0 0 0 0 29 0 0 69 0 0 0 0 0 0 93 0 0 0 0 0 74 0 42 68 0 0 0 0 0 100 0 0 0 0 0 81 90 62 0 0 77 0 0 0 0 0 0 0 0 0 0 0 0 17 0 0 0 0 0 0 0 57 0 0 0 0 0 61 0 56 0 0 0 0 0 0 60 0 0 0 0 0 0 0 0 0 0 0 0 0 0 86 96 0 0 25 0 0 0 0 0 90 0 65 0 0 0 0 0 55 10 0 0 0 71 0 0 0 0 0 0 74 48 76 0 62 0 0 0 0 0 0 48 0 21 0 64 48 0 0 0 39 25 0 0 0 0 0 0 4 0 0 0 83 32 0 100 0 97 0 0 0 0 0 0 0 0 0 0 68 0 74 0 0 0 0 74 0 0 0 0 0 0 78 0 0 9 0 0 67 0 0 0 0 0 0 0 0 0 0 0 15 0 0 0 0 35 0 0 0 90 0 63 0 28 87 0 0 78 25 0 0 0 0 3
0 0 0 0 62 76 0 0 0 0 74 28 77 0 0 0 97 0 0 0 0 73 7 0 0 0 0 56 71 0 0 13 71 0 0 0 0 98 0 0 0 90 0 0 0 0 0 47 0 0 0 0 0 0 0 0 0 0 0 0 21 0 0 0 67 0 0 0 0 85 0 96 51 0 48 0 0 0 17 0 0 0 0 0 0 82 0 0 0 0 0 0 36 37 98 0 0 0 0 0 0 0 0 0 0 0 0 0 0 0 0 0 0 0 0 0 77 0 0 0 0 0 0 0 0 0 0 32 0 0 19 0 5 22 0 5 0 0 0 8 21 62 0 0 0 67 0 0 0 0 0 0 0 62 0 0 0 0 0 0 51 65 0 39 0 65 42 0 37 87 0 0 0 0 59 76 0 96 59 0 0 74 0 0 83 0 38 9 0 0 51 0 0 0 0 48 89 0 0 0 0 0 0 0 1 0 0 75 0 0 68 0 64 0 0 0 0 0 0 48 0 94 26 29 0 84 65 78 83 96 0 0 0 0 0 0 0 41 0 3 0 0 0 0 17 0 0 54 0 0 0 34 0 0 0 0 0 0 35 2 0 0 0 0 0 0 0 0 64 0 97 0 40 35 0 0 0 0 0 0 97 80 5 0 0 0 0 0 0 0 37 0 50 0 0 0 11 0 0 0 0 0 0 0 0 0 0 0 0 99 0 72 0 75 0 0 0 0 0 91 67 60 0 0 0 98 0 0 0 46 0 0 0 0 0 0 0 0 0 0 0 0 0 0 0 0 0 14 0 0 22 69 0 0 21 0 79 0 0 0 0 0 0 0 0 0 0 0 0 0 0 0 0 0 0 0 0 0 0 0 54 0 63 0 97 0 0 0 94 0 0 0 0 0 0 0 0 0 0 0
85 73 0 0 63 97 0 0 0 19 0 0 0 48 0 0 0 0 0 0 0 0 27 0 0 0 0 0 0 0 36 0 31 0 99 0 36 0 64 0 0 0 93 0 0 50 63 0 42 92 0 0 0 0 77 0 0 0 0 0 42 81 0 0 0 0 0 0 0 0 0 0 0 0 0 78 0 12 0 0 0 0 0 0 0 63 0 0 0 0 0 0 90 66 70 0 0 0 25 0 73 0 0 0 0 81 0 22 0 0 0 1 89 0 19 0 20 0 15 0 97 0 0 0 0 0 0 0 0 0 0 0 0 0 0 47 2 0 0 36 61 0 59 86 0 0 0 0 0 0 49 0 39 0 0 0 0 47 0 0 0 0 0 0 0 0 0 0 61 0 49 0 42 31 0 43 21 30 0 0 0 92 0 0 0 0 0 54 0 0 0 28 0 0 29 0 0 0 38 0 0 54 0 0 0 0 0 0 0 0 82 2 90 0 0 0 0 0 0 0 0 0 15 30 0 0 0 0 0 0 0 71 0 70 0 0 0 0 0 15 0 66 45 0 0 0 0 0 0 40 46 45 0 45 0 0 0 0 0 0 0 93 0 0 0 0 0 32 97 0 0 0 0 0 0 0 47 0 0 0 0 0 0 0 0 0 0 0 0 78 0 29 0 0 0 0 0 0 0 40 0 0 0 55 59 0 0 0 0 19 0 0 0 0 51 0 0 70 0 0 0 0 0 98 0 0 83 0 0 0 0 37 0 20 0 4 0 0 57 0 0 11 0 0 0 0 0 0 0 0 0 0 0 0 0 0 0 90 56 0 0 0 0 0 80 88 0 0 0 0 0 0 0 0 0 8 0 0 0 0 0 0 0 0 0 0 0 0 0 0 0 76 55 67 66 0 0 0 0 0
0 0 0 0 0 0 0 74 0 0 63 0 0 87 0 0 0 0 0 0 0 0 0 0 0 0 0 0 0 0 30 0 0 0 33 0 0 26 50 0 0 0 0 0 0 0 0 0 14 3 83 97 0 0 73 71 0 0 0 0 0 0 0 0 0 0 78 0 0 0 0 0 0 0 0 0 23 0 0 0 0 14 0 0 0 0 0 0 68 77 0 0 0 0 70 0 0 0 0 29 47 0 0 0 0 0 0 0 96 2 0 49 0 0 0 0 59 0 0 55 0 75 0 0 57 0 0 0 0 0 0 61 0 0 86 0 0 8 85 99 0 0 0 0 0 0 0 0 4 0 0 0 31 0 0 0 0 0 0 0 0 0 72 0 0 95 0 0 0 0 0 77 0 0 0 0 0 8 18 0 0 70 0 0 66 0 59 0 0 0 85 0 0 0 64 29 0 0 0 0 0 0 0 77 49 0 0 0 0 92 0 47 25 0 0 73 71 80 0 0 0 0 0 0 0 0 56 76 5 10 0 64 3 0 0 0 0 3 0 0 73 0 0 28 98 0 0 0 0 26 0 54 0 54 0 97 82 0 0 0 51 0 20 0 0 0 0 0 0 0 29 0 0 0 0 96 39 95 0 0 0 97 0 0 58 0 0 72 0 88 0 0 57 0 0 0 0 69 0 0 0 0 0 0 69 29 0 39 0 0 0 0 0 0 0 35 98 0 0 0 0 0 0 0 0 22 0 0 0 0 36 0 0 49 72 0 0 0 38 47 63 0 0 56 72 93 0 0 0 0 7 0 0 54 0 19 0 0 0 10 88 0 0 0 48 0 4 19 0 43 51 24 0 0 0 0 71 0 73 33 99 0 0 0 0 0 0 0 0 0 0 0 0 0 96 0 0 0 0 0
0 0 0 0 0 95 17 75 88 85 0 0 0 0 0 0 0 0 0 0 0 0 45 0 0 0 69 0 0 98 0 0 0 0 0 0 38 38 0 0 0 0 0 0 78 0 0 22 36 0 0 0 0 57 0 0 99 0 0 25 39 0 20 0 0 0 0 0 0 0 0 87 85 0 0 28 0 0 84 0 12 11 40 0 0 0 0 0 0 0 0 0 0 0 0 0 0 0 0 0 26 12 51 0 13 0 0 66 70 0 52 0 0 0 8 0 0 0 69 0 0 97 4 79 0 0 0 0 0 0 0 19 0 0 0 0 0 0 22 0 0 0 87 0 0 0 0 0 0 0 0 0 0 0 0 0 22 0 0 2 0 0 0 62 34 0 0 0 0 0 0 0 0 0 0 0 0 0 0 0 0 89 0 0 0 0 0 0 28 0 0 0 0 0 6 0 0 0 27 0 0 0 0 0 0 0 0 0 0 0 41 0 0 0 0 0 0 46 0 0 0 0 0 0 0 0 0 0 0 0 0 13 0 63 76 0 0 0 0 46 0 92 0 0 0 0 0 0 0 0 0 54 0 0 0 42 0 16 0 0 0 0 0 0 0 0 0 0 0 1 0 0 0 76 0 0 0 67 0 0 0 0 9 0 0 0 0 0 51 0 0 0 50 0 0 0 0 0 0 35 0 0 23 88 0 0 0 0 0 0 0 0 0 0 0 0 0 0 0 0 0 0 81 0 24 0 38 44 0 0 24 0 0 99 0 0 0 0 0 0 0 0 0 0 0 0 0 73 0 0 85 0 75 0 0 36 0 0 82 0 0 0 0 0 0 52 0 0 45 0 0 0 0 0 0 0 0 0 86 0 0 0 59 0 0 0 0 0 0 31 0 0 0 0 72 2 5 0 0 4
0 0 12 0 0 21 21 0 0 0 0 77 0 0 0 97 0 0 0 0 0 0 0 0 0 0 0 0 0 0 0 0 53 0 0 0 25 95 0 0 0 0 8 0 0 0 0 0 16 44 0 0 0 0 41 0 0 0 91 0 0 0 0 0 0 60 0 0 0 0 0 0 0 0 41 0 0 0 0 0 0 0 0 17 0 0 0 0 0 31 0 0 0 0 0 0 0 0 0 0 0 0 96 57 0 100 0 81 0 0 94 0 52 32 55 0 91 0 0 0 0 0 0 0 0 5 38 0 44 0 52 0 0 0 0 0 39 0 41 0 0 0 0 23 0 0 0 86 0 95 0 0 0 0 63 70 51 0 0 24 69 0 31 0 0 0 42 0 0 24 0 75 0 0 0 0 0 47 44 0 22 0 0 0 0 44 0 76 19 36 0 0 0 0 0 0 0 0 98 0 0 0 38 0 0 0 87 0 0 91 0 77 0 61 33 0 14 57 65 0 0 0 0 0 0 0 0 0 0 0 0 30 0 0 0 0 58 0 87 0 0 0 0 26 0 0 0 0 0 19 0 0 0 0 0 24 0 0 0 0 0 62 0 92 0 3 83 0 43 0 0 0 0 0 0 13 0 0 94 9 44 0 0 0 0 0 0 0 0 0 0 89 0 0 0 0 0 56 0 42 0 0 0 0 0 65 0 13 0 0 99 0 0 69 0 0 0 0 0 3 0 62 0 0 0 0 55 1 8 0 0 0 0 0 0 0 69 77 52 0 0 0 74 0 0 0 0 0 58 0 72 0 0 0 0 0 95 0 0 29 0 0 0 11 0 0 0 0 0 0 35 0 0 0 75 0 0 97 0 0 9 0 0 0 0 0 0 0 7 0 0 0 0 82 0 0 0 87 0 0
0 77 0 0 44 0 0 0 0 23 0 0 0 0 34 0 0 0 44 0 0 0 16 0 0 71 0 0 0 34 0 0 73 0 0 0 45 0 29 28 0 0 0 0 0 0 48 0 0 66 0 47 0 65 97 0 0 92 0 0 6 85 13 2 0 57 0 0 69 66 0 0 0 95 0 0 0 0 59 0 0 78 0 22 91 0 0 97 0 0 55 0 47 0 0 0 0 0 26 0 0 0 0 26 26 0 0 22 0 0 0 0 0 74 0 0 63 0 40 0 0 0 12 0 0 0 5 0 51 0 0 27 92 74 0 0 0 0 0 0 0 0 0 17 0 0 0 0 0 0 0 0 0 0 0 0 0 91 74 0 0 0 0 0 0 0 0 40 0 0 0 0 0 0 0 94 0 0 0 62 88 0 0 0 0 0 0 82 38 0 3 0 0 0 1 0 0 0 0 0 0 0 0 93 0 43 0 0 0 0 0 0 0 0 0 0 0 61 0 0 82 0 0 0 0 0 0 0 0 0 87 75 0 0 25 0 0 0 0 41 0 65 49 70 0 0 0 0 0 0 0 0 0 0 87 0 0 44 29 0 0 71 0 69 63 0 37 53 0 0 0 86 0 0 0 0 0 0 54 0 77 0 0 0 0 0 0 0 0 29 0 0 0 0 0 89 0 0 34 0 12 0 4 0 0 0 0 0 0 0 0 0 0 0 0 0 0 0 0 0 0 0 0 0 0 12 0 0 0 0 0 23 0 81 0 70 0 10 0 0 0 0 0 0 0 0 22 0 0 0 0 0 0 0 24 0 0 0 0 0 0 0 0 0 20 0 0 0 51 0 0 0 62 0 95 8 0 41 0 0 56 0 0 0 0 22 13 0 0 98 0 0 0 89 0 0 66 0 0 0
0 0 0 0 0 0 0 0 0 84 6 0 13 0 0 0 0 0 21 0 0 0 0 80 0 0 23 0 0 0 2 0 0 0 0 0 60 0 0 0 0 9 5 67 0 0 0 48 47 71 0 0 0 0 0 0 0 0 0 0 71 0 0 0 0 0 0 0 0 45 0 0 0 49 17 0 0 58 0 46 0 0 0 0 0 0 58 0 0 0 0 0 0 0 0 0 0 0 0 0 0 0 0 0 0 0 65 34 0 0 32 0 0 0 0 0 73 29 62 0 0 0 0 0 0 0 0 57 100 0 0 0 59 0 62 0 0 0 10 0 0 80 0 37 0 8 0 0 0 38 0 0 0 0 67 0 0 0 0 0 0 0 0 0 17 0 0 0 0 70 0 0 15 99 0 0 0 0 0 34 46 38 0 0 0 0 0 63 0 16 100 0 0 0 37 0 0 0 17 0 0 0 0 0 0 0 0 0 0 0 0 0 6 8 0 0 0 32 0 0 0 80 0 49 0 83 0 0 84 0 0 0 0 27 0 0 0 0 0 0 0 0 76 0 58 0 0 0 0 93 0 69 0 0 0 54 0 75 0 70 0 33 0 0 0 0 0 0 0 8 0 0 0 0 0 0 84 55 0 0 0 0 0 0 45 21 0 0 0 0 0 0 76 0 0 0 0 9 0 0 0 0 0 0 0 0 36 0 0 84 0 0 0 0 0 0 100 0 0 0 0 0 0 0 0 0 12 34 0 0 0 0 0 55 0 91 2 0 91 0 40 0 0 0 0 0 0 30 51 69 42 0 0 53 0 0 0 0 29 0 0 0 0 0 93 0 10 0 0 0 0 0 0 0 0 0 0 0 86 0 0 0 0 0 0 0 56 0 0 0 0 61 0 0 49 0 49 0 0 0
0 0 0 39 16 0 90 0 87 0 0 69 0 0 0 0 22 0 0 0 0 0 0 88 46 0 0 0 56 0 0 0 95 11 0 0 0 13 0 0 0 0 99 0 0 6 0 29 0 0 0 41 0 0 0 0 30 0 0 0 0 22 0 0 0 6 0 0 0 0 17 0 0 0 0 0 0 47 0 0 0 0 96 81 0 0 29 0 0 0 77 8 0 0 0 0 0 0 0 0 0 5 36 0 0 12 0 0 67 0 0 0 0 0 0 0 62 0 0 0 0 0 28 0 0 0 33 0 0 0 53 0 0 58 0 0 0 0 0 0 0 0 0 0 0 0 50 63 0 29 51 0 0 0 0 0 0 0 0 0 0 61 0 65 0 0 0 0 0 0 0 0 0 21 0 0 0 33 0 0 0 0 0 0 63 0 0 17 0 84 0 14 0 0 0 0 0 0 30 27 0 0 0 0 0 0 75 90 72 0 96 0 62 0 0 0 0 0 0 0 0 15 0 0 0 0 47 0 0 0 0 0 0 0 56 0 71 0 0 0 0 0 0 0 0 0 39 53 0 0 0 0 0 0 0 0 0 0 0 63 0 0 0 0 76 65 0 0 8 0 0 0 0 0 0 0 0 0 4 0 0 0 99 12 0 0 99 77 0 0 0 32 0 68 80 0 0 0 0 0 0 0 0 0 30 0 0 0 0 0 0 45 0 0 0 0 0 32 83 0 0 0 0 77 0 0 0 0 0 0 0 0 0 0 0 25 31 0 89 0 0 0 0 0 0 0 76 0 0 0 0 0 59 0 0 0 0 23 0 0 0 0 0 0 43 6 9 61 0 13 5 0 0 0 0 0 0 0 0 0 0 70 0 0 0 0 0 25 0 0 0 0 0 0 0 0 0 0 0 0
0 0 0 0 0 0 0 0 88 21 9 0 0 0 0 0 68 0 0 0 0 0 0 75 0 0 45 0 0 0 61 0 0 69 0 2 0 0 58 0 0 0 0 0 0 61 52 0 7 28 82 0 0 96 0 0 0 62 0 0 0 0 0 0 0 0 0 0 40 0 0 0 0 0 0 0 74 0 0 0 61 0 0 0 0 0 0 0 0 39 2 0 0 0 0 0 0 0 0 0 0 17 20 100 0 38 0 0 0 0 0 0 0 0 0 0 0 0 68 0 0 0 0 84 0 35 0 20 0 81 0 0 0 0 0 0 0 0 16 0 42 0 0 98 0 34 0 0 0 0 0 0 55 0 0 0 0 0 0 52 0 0 0 0 0 0 2 0 0 0 0 0 0 0 0 0 67 0 20 87 47 0 41 0 0 0 0 53 14 0 0 67 0 0 0 0 0 0 0 0 0 0 0 65 0 0 86 0 0 0 53 43 98 0 0 0 0 0 0 0 0 0 0 0 0 0 0 60 25 0 0 0 0 0 0 5 0 66 0 0 0 0 92 0 53 0 0 0 0 0 0 50 0 0 92 0 0 0 0 0 0 34 0 0 0 55 41 0 0 77 0 0 0 0 0 57 0 0 41 0 0 0 38 0 92 0 0 0 2 0 89 0 77 53 0 66 0 30 0 53 0 53 0 0 0 0 0 0 0 12 0 0 40 0 0 0 0 0 0 0 0 0 0 0 0 0 12 34 77 0 0 0 0 78 93 88 0 0 0 24 0 0 0 0 0 0 0 0 0 20 55 0 0 0 98 0 0 0 0 0 0 0 0 0 0 0 62 0 0 0 0 0 97 0 8 0 0 0 0 0 0 0 0 100 37 0 0 0 0 51 0 18 0 0 0 0 0 0 0 0
0 0 0 0 0 0 20 12 12 0 19 0 0 76 0 19 0 0 0 14 0 69 99 22 0 99 0 0 37 0 0 90 21 0 0 0 0 0 0 0 0 0 0 66 0 0 56 0 0 0 55 0 0 0 0 0 99 0 0 0 0 0 0 19 0 32 0 39 0 0 0 0 89 0 10 0 0 0 0 0 0 62 0 50 0 0 0 0 0 0 0 0 0 20 0 0 0 0 76 0 0 0 23 0 64 0 94 0 0 44 0 0 0 0 0 0 0 62 0 19 0 24 37 0 0 0 0 0 55 0 54 0 0 0 0 0 38 0 59 80 0 0 0 57 0 0 0 0 0 0 94 0 0 83 0 0 0 0 0 0 0 0 0 14 30 0 0 0 0 0 0 0 72 0 0 70 0 96 0 0 0 0 0 92 6 0 0 35 0 63 0 0 39 0 0 24 0 0 65 0 0 0 93 0 0 0 0 0 0 0 0 0 0 0 13 35 0 13 0 91 0 66 38 0 0 0 0 0 37 44 0 84 10 0 13 97 0 0 0 33 0 0 0 16 52 0 0 0 11 0 0 0 73 0 0 25 0 0 0 0 0 0 0 98 39 0 46 80 0 0 0 0 0 0 20 0 0 0 0 0 55 0 0 0 6 30 0 0 0 28 45 71 0 0 0 0 0 0 0 0 72 0 60 0 34 65 0 0 96 0 50 0 86 0 0 96 0 0 0 82 9 0 0 85 0 0 97 0 0 0 0 0 0 0 0 0 0 62 22 0 0 0 0 0 0 0 0 95 0 0 43 0 95 0 36 0 0 0 60 0 0 62 0 0 0 0 0 0 59 0 6 0 0 0 0 0 22 29 47 0 0 0 0 0 0 34 48 0 0 80 0 0 0 64 0 0 0 66 49 0
33 0 0 0 2 0 84 0 0 0 0 0 0 0 36 0 0 0 17 0 0 0 0 0 0 0 0 0 0 0 0 0 0 0 0 38 0 0 0 0 0 0 0 0 0 0 0 0 0 0 51 0 0 0 0 0 0 71 0 0 0 0 0 0 0 0 0 74 0 0 0 0 0 94 0 0 0 0 0 0 85 0 23 0 0 0 0 0 0 0 0 0 0 0 0 0 0 0 0 62 0 85 84 0 0 0 0 0 0 0 0 0 0 0 0 88 1 0 0 0 0 0 0 9 0 0 0 0 0 0 0 0 18 0 0 0 52 0 0 49 0 0 0 0 0 0 0 73 0 17 0 0 14 0 0 0 0 0 0 0 0 26 0 30 0 0 0 0 0 0 0 0 0 0 0 0 0 0 0 45 0 0 0 0 60 0 0 0 13 0 0 0 40 0 0 0 0 0 0 84 0 0 0 0 0 0 0 0 0 0 0 0 0 0 0 0 0 0 0 52 20 0 27 0 0 0 0 0 0 0 0 100 0 0 85 0 30 0 0 61 68 99 0 0 84 0 0 55 0 0 0 0 0 0 0 79 41 73 0 100 0 0 28 0 0 5 0 0 11 54 80 0 0 4 0 0 0 0 0 0 27 0 30 0 0 0 0 0 47 87 0 0 0 0 0 0 0 0 0 86 84 0 0 86 0 26 0 0 0 0 0 0 75 0 0 22 0 0 54 0 0 0 0 0 53 0 0 0 0 0 49 0 0 0 39 94 95 0 0 0 0 0 0 0 53 0 0 0 18 0 0 45 57 0 0 90 0 0 98 0 0 27 0 0 0 0 22 86 0 0 0 0 18 77 0 0 75 0 0 0 0 0 0 0 0 28 0 0 0 0 0 0 0 0 0 78 0 0 0 0
0 0 0 0 0 47 0 0 0 0 0 0 10 51 68 87 0 0 0 0 5 0 0 0 97 0 0 78 0 0 0 0 99 0 0 63 75 0 0 0 0 0 0 15 0 27 0 0 0 0 0 0 70 0 21 0 0 0 0 0 0 0 0 0 84 0 0 0 0 0 66 0 0 4 0 0 76 0 40 0 51 0 0 0 82 0 0 0 0 0 0 0 0 0 0 0 55 0 56 0 0 0 66 0 26 42 0 0 0 0 0 42 0 71 0 0 0 0 0 78 0 0 0 72 0 0 0 0 0 0 0 0 0 0 32 0 0 35 0 0 0 0 0 0 0 0 0 0 0 85 0 82 0 42 0 0 0 12 86 0 0 0 0 100 0 0 14 0 0 0 0 0 0 0 0 0 4 0 0 0 0 0 0 0 59 21 0 75 0 0 0 75 0 48 0 0 0 0 0 0 0 14 0 0 0 0 0 0 0 0 44 0 0 0 0 0 0 0 45 0 0 0 0 0 0 0 0 0 0 0 0 95 0 47 0 0 0 0 0 0 0 0 0 0 0 0 0 0 39 9 0 0 16 21 0 0 0 0 0 0 5 0 69 0 0 0 0 97 0 0 0 0 59 3 30 0 74 0 0 0 1 53 0 0 6 71 41 0 0 52 28 0 0 0 88 0 0 0 0 0 0 0 0 0 0 0 0 0 12 0 0 72 33 0 0 100 0 0 0 0 0 0 0 84 0 0 36 0 0 0 0 73 0 0 0 0 0 0 0 0 19 0 0 0 10 0 0 77 0 0 0 56 0 0 0 70 0 66 0 0 0 78 10 0 0 0 57 0 0 0 32 0 37 0 0 0 73 0 0 0 0 0 0 0 0 0 0 0 0 0 0 0 30 0 63 10 0 47 0 0
71 0 0 0 0 0 0 0 0 0 0 0 0 0 0 0 0 0 0 0 0 20 0 25 0 0 0 54 97 0 0 0 0 0 25 0 0 0 0 21 89 0 0 0 0 0 70 0 0 0 0 0 0 0 0 0 0 0 0 0 0 19 0 0 24 0 0 0 0 0 48 0 0 30 0 41 0 45 19 0 0 0 0 0 0 1 90 97 0 0 0 25 0 0 0 0 0 0 52 0 0 0 94 0 42 0 0 0 0 99 0 4 0 0 0 0 0 11 17 0 0 0 0 0 0 0 0 0 0 0 0 73 0 0 33 0 82 0 0 0 0 21 0 67 0 0 0 99 0 0 7 0 34 0 0 0 0 0 0 0 0 16 0 0 0 0 47 0 0 0 0 44 90 0 0 86 0 0 0 20 56 44 0 0 0 0 0 0 0 0 0 0 0 0 6 0 0 0 40 0 0 0 0 27 0 0 0 50 49 0 36 0 0 0 0 48 0 0 88 79 0 64 0 0 0 0 0 0 0 36 0 0 0 0 0 0 0 0 0 0 0 18 69 0 0 0 34 0 82 40 0 0 0 34 73 0 0 0 0 0 0 19 0 0 0 0 0 12 11 0 57 29 0 0 0 0 0 33 33 0 0 33 38 0 13 11 0 21 0 0 33 0 0 0 0 88 0 0 0 0 0 0 0 0 0 0 0 0 0 0 0 8 0 55 80 0 0 0 46 0 0 0 0 27 0 0 0 0 52 0 0 0 0 0 0 0 0 0 0 45 0 0 78 50 0 0 0 0 0 73 0 60 94 0 20 0 0 0 0 67 0 57 29 0 0 0 0 63 0 0 0 0 0 83 0 0 0 94 0 0 0 0 0 0 0 0 5 0 0 0 0 0 33 0 0 0 0 47 30 0
0 94 8 0 0 0 0 0 60 0 0 0 0 0 0 20 0 0 0 38 0 0 0 0 0 100 0 22 0 0 79 0 13 9 0 0 0 0 0 24 0 0 0 0 0 0 0 0 34 0 0 0 0 0 0 21 0 0 0 0 0 0 18 0 0 74 0 0 18 0 0 0 89 0 0 0 0 0 0 0 0 46 0 0 0 31 0 0 97 0 0 0 0 0 0 87 63 0 0 0 0 0 27 0 0 0 0 30 0 29 0 75 0 0 0 90 0 27 0 21 0 0 0 0 0 0 0 0 0 0 0 0 0 0 31 0 0 0 0 0 8 0 0 4 94 0 0 44 0 0 76 94 0 0 0 0 0 0 0 0 0 0 38 63 0 0 0 0 0 0 0 0 0 0 0 0 27 4 0 0 0 0 0 0 0 0 35 0 0 0 0 0 0 0 0 0 0 0 0 0 0 0 0 21 0 52 0 0 0 0 0 17 0 41 63 0 0 85 0 0 0 78 0 0 0 0 0 90 0 48 0 0 0 0 0 14 85 0 0 0 0 0 0 25 18 30 0 0 0 0 0 0 0 0 0 0 0 0 0 0 0 0 0 0 0 99 0 0 0 0 0 0 0 0 0 0 89 0 0 0 0 29 0 0 0 0 98 0 0 0 0 0 0 0 0 0 0 0 0 0 87 0 0 0 0 4 0 0 0 0 3 0 23 65 0 0 77 0 0 0 0 0 0 0 0 0 0 5 0 8 0 0 0 0 0 0 73 0 0 43 0 0 0 0 0 0 43 0 0 0 0 0 0 0 0 0 0 0 0 77 0 89 65 0 0 5 0 0 79 0 17 0 0 0 77 0 0 58 0 0 0 0 0 0 0 0 50 0 48 89 50 0 0 38 0 0 12 0 0 0
0 0 6 0 0 0 0 0 0 0 0 0 0 0 0 0 0 15 0 0 67 49 0 0 0 0 0 0 0 0 91 0 0 0 0 27 0 0 96 0 0 100 2 0 0 0 76 66 0 23 75 0 0 0 0 42 0 0 0 0 20 0 0 0 75 56 0 0 0 51 0 0 0 0 0 0 0 19 0 0 0 58 99 0 0 0 24 0 0 0 0 0 0 0 0 0 0 0 0 0 0 0 0 0 0 0 0 0 14 0 71 0 0 17 0 0 62 0 0 0 20 0 0 95 0 0 70 0 0 0 0 0 62 0 92 0 0 0 0 0 0 0 0 0 0 0 0 0 0 0 0 0 0 0 0 0 0 0 0 0 0 0 0 87 0 0 0 0 0 0 0 0 0 0 47 0 0 0 0 0 10 0 14 0 89 0 0 0 0 0 0 0 0 0 0 0 27 45 75 0 22 0 0 0 0 0 0 0 0 0 0 0 0 0 0 0 0 76 0 0 63 0 97 0 0 0 0 69 0 0 82 0 0 0 0 79 0 0 0 31 0 0 0 0 95 12 0 0 94 0 93 0 0 0 74 0 0 0 0 0 0 0 0 0 0 0 0 0 40 0 48 59 0 0 0 0 0 47 0 15 0 0 0 0 0 0 65 0 0 0 0 17 0 0 0 45 0 84 0 0 0 29 0 0 0 55 0 52 0 28 0 0 3 0 0 0 0 0 78 0 0 0 0 57 0 0 0 0 0 0 0 0 0 0 6 0 0 72 93 0 0 0 0 83 44 0 1 30 0 27 0 0 0 0 0 0 0 0 0 0 0 0 0 0 0 0 60 0 0 0 0 70 0 0 0 0 0 40 49 0 0 0 44 50 27 48 0 35 0 0 0 0 89 63 0 0 30 81 0 0
72 0 0 0 77 33 0 0 0 0 0 0 0 22 0 69 0 100 0 0 0 42 8 0 46 0 17 0 0 0 0 92 71 0 0 0 92 3 0 0 80 0 0 0 0 22 0 0 0 0 0 0 0 0 0 0 0 0 0 0 0 0 0 0 20 0 0 0 0 0 0 0 0 0 0 0 0 0 0 8 56 0 0 60 0 0 0 16 0 0 0 0 0 83 0 0 0 0 60 0 40 8 0 0 0 62 0 26 0 0 0 0 76 96 0 0 0 0 0 0 0 0 0 0 66 0 0 0 0 0 0 0 0 0 28 0 0 4 0 0 0 65 0 80 0 0 59 0 62 0 0 61 59 0 0 0 46 0 0 0 0 0 50 0 0 0 0 0 0 0 0 6 64 0 0 0 0 0 0 0 0 0 0 0 0 0 0 63 0 0 0 0 28 0 0 0 0 37 0 0 0 0 0 0 0 0 97 0 0 0 0 17 0 0 0 0 90 0 0 0 0 0 0 12 81 0 95 0 76 35 22 0 0 0 0 8 0 0 0 0 0 0 0 0 0 0 0 74 0 100 0 0 0 0 0 0 0 0 0 0 44 52 0 0 74 0 0 0 0 65 28 8 48 0 0 52 0 0 0 0 59 95 0 0 0 0 37 67 0 0 0 0 0 27 0 0 99 0 45 0 0 0 0 0 0 0 0 0 0 0 0 0 0 23 3 67 0 35 0 55 0 0 0 0 0 83 0 68 3 13 34 0 0 61 0 8 32 0 0 83 0 34 0 90 0 0 0 0 41 0 22 0 0 0 0 82 0 0 0 0 0 0 0 74 99 0 0 0 0 0 0 0 0 0 0 29 0 67 0 45 63 96 0 0 58 0 0 0 0 0 0 0 0 17 0 0 0 40 53 0
0 78 0 0 57 0 98 7 0 0 0 0 0 0 0 48 0 0 0 0 98 0 0 80 0 0 19 24 0 73 0 0 0 0 0 0 0 90 0 0 0 0 30 0 16 0 71 0 87 91 0 0 0 47 0 0 0 0 0 76 0 0 61 0 0 0 0 0 0 0 0 0 0 8 0 0 51 0 0 0 0 0 0 0 27 0 63 0 0 0 77 0 15 0 0 0 61 0 0 0 0 0 33 0 68 0 80 0 0 0 0 0 0 0 49 0 29 0 77 0 0 0 0 0 0 0 0 0 0 0 0 0 0 0 90 0 0 0 0 25 5 0 0 0 0 0 84 0 0 0 97 0 0 0 30 0 0 33 37 0 1 0 4 0 0 0 65 0 0 25 0 0 0 0 0 74 0 0 0 0 54 96 33 0 0 0 0 58 0 0 0 0 74 92 95 0 0 0 0 0 0 0 0 92 0 0 43 0 0 0 0 62 0 0 0 0 0 36 0 0 0 71 0 0 54 0 0 0 13 0 0 0 0 0 0 0 0 0 0 80 0 64 37 0 0 0 77 0 0 59 0 0 0 0 0 48 0 0 0 0 9 19 0 0 24 43 0 45 0 0 57 22 96 0 0 0 68 0 99 58 0 0 30 20 0 0 69 29 0 0 0 0 0 0 88 0 0 0 0 0 0 0 0 69 0 0 0 0 78 16 0 0 0 0 0 0 0 0 0 0 0 0 56 0 0 84 18 0 13 0 0 0 67 0 0 0 0 0 0 0 0 0 0 19 21 0 0 0 0 0 0 98 0 0 0 0 0 50 0 0 0 0 0 0 0 0 19 0 0 0 0 0 0 0 0 0 34 0 0 0 0 93 0 0 0 0 0 0 72 0 92 0 0 0 0 0 0 0 0 0
0 0 0 0 0 0 0 0 0 0 14 0 0 0 0 0 93 0 0 0 0 0 0 0 0 0 0 0 0 0 73 0 0 0 0 50 35 61 0 47 0 0 0 0 0 0 73 0 0 55 0 57 0 0 0 16 0 0 0 0 56 43 0 0 85 0 0 0 0 0 0 0 0 0 7 0 0 0 68 40 0 0 29 12 0 0 0 0 31 0 0 0 0 0 0 0 0 0 44 0 7 0 56 0 50 5 78 0 0 0 0 0 0 0 0 0 0 0 0 47 79 64 0 85 51 0 0 0 0 0 0 8 28 0 0 0 0 0 0 0 90 95 0 0 0 0 0 0 49 0 0 10 0 0 82 0 0 0 0 0 0 0 0 0 0 0 7 0 7 0 0 0 84 0 84 0 0 0 62 0 0 0 58 0 0 0 0 0 0 92 0 77 54 0 0 0 0 0 19 0 0 0 0 0 0 21 0 0 65 0 0 0 0 0 35 0 0 97 0 0 0 0 0 0 0 0 0 70 0 0 0 0 0 0 0 0 47 0 0 0 0 0 84 0 0 90 26 6 0 0 0 0 0 0 0 0 0 0 0 0 0 0 13 0 0 0 0 0 0 0 0 0 0 0 0 0 0 97 0 0 0 0 0 0 0 0 0 0 10 0 0 0 0 0 0 0 0 0 47 0 0 0 63 59 0 0 0 0 0 0 0 0 0 0 0 0 0 0 0 50 0 0 0 0 0 49 37 99 0 0 37 0 0 0 0 0 0 0 0 0 32 70 82 0 0 0 0 0 0 0 0 0 0 0 0 21 0 0 100 0 0 0 0 0 99 0 35 90 0 0 0 66 0 0 0 26 0 0 0 0 0 0 0 0 0 0 31 0 88 0 0 64 55 57 0 28 0 48 0 33
0 0 0 0 83 91 26 0 34 57 37 0 75 0 0 0 0 0 0 55 0 41 0 31 0 0 0 0 0 15 0 0 0 54 0 0 0 0 0 49 0 0 0 0 27 30 0 0 0 0 26 0 93 0 0 5 0 100 70 0 0 0 0 0 0 3 0 77 0 0 38 58 0 64 0 0 30 0 0 41 0 75 58 0 17 0 0 35 0 91 0 0 0 73 0 0 81 0 0 75 0 0 0 56 0 0 0 93 17 0 0 0 0 0 0 0 0 0 0 0 0 0 0 77 0 0 0 0 0 0 0 0 0 27 0 29 0 72 0 0 0 0 0 0 0 4 60 0 0 0 0 0 50 0 0 0 0 0 7 55 0 0 32 0 0 96 0 72 0 0 0 0 0 0 0 0 0 0 0 0 100 0 0 0 0 0 0 0 0 0 34 58 0 0 0 0 56 0 75 0 0 0 0 0 0 75 0 0 0 0 0 0 0 0 0 0 0 0 0 0 0 69 39 0 0 0 0 0 41 0 0 0 47 0 100 0 25 31 0 0 0 0 0 76 0 0 86 0 0 0 76 0 0 49 0 0 0 0 0 0 0 0 0 64 64 20 65 0 96 0 0 52 0 0 71 0 0 0 29 0 0 33 0 0 0 0 0 0 0 0 69 0 0 0 0 8 0 0 0 0 0 0 0 0 0 0 36 0 0 0 0 0 0 0 0 0 0 0 0 0 0 0 0 0 0 3 25 0 0 0 17 0 0 0 86 11 0 0 0 24 0 0 0 0 0 0 0 0 0 99 0 32 0 0 0 0 0 0 0 0 0 0 0 0 0 0 0 82 0 77 0 0 0 58 0 0 0 18 0 79 0 9 0 0 0 0 95 67 0 0 0 0 0 0 0 3 0 0 0 0
0 31 0 0 5 0 86 0 0 0 0 47 0 70 29 0 0 0 0 0 94 57 0 0 0 48 0 49 71 0 0 64 0 0 0 0 80 0 0 0 0 38 0 0 13 0 57 0 0 27 0 0 0 14 0 0 0 0 0 0 59 0 0 0 91 0 0 0 0 0 0 0 34 0 0 0 0 71 0 0 55 0 0 0 0 0 86 79 0 0 0 0 0 0 0 0 0 0 0 0 0 0 12 0 0 0 0 0 0 0 0 34 41 0 0 0 0 93 0 0 0 0 0 0 0 0 71 0 0 0 0 0 97 0 35 0 0 79 0 1 0 0 0 0 79 0 76 46 0 0 0 0 0 17 0 0 0 0 0 0 0 0 0 36 0 31 0 0 0 0 0 0 0 0 0 59 0 0 16 0 0 0 0 0 0 0 0 0 0 63 0 0 92 0 0 0 0 0 0 0 0 0 0 0 0 45 70 22 0 0 0 0 0 0 0 0 10 0 0 18 0 0 0 0 0 0 47 0 0 0 0 0 0 0 77 47 0 0 0 88 0 0 0 0 0 0 0 0 0 0 0 0 0 0 0 0 0 0 0 0 0 99 0 0 34 0 0 91 0 0 0 0 0 0 0 65 26 0 0 0 0 0 48 0 58 0 0 0 0 0 0 0 0 0 0 68 18 0 79 0 0 0 10 0 0 97 0 0 0 32 0 0 0 0 0 0 53 13 0 0 5 0 0 62 0 0 0 0 0 0 0 44 0 0 0 0 0 0 0 1 75 25 0 0 0 0 0 63 0 27 0 0 82 29 0 0 0 0 0 0 0 60 80 0 23 0 0 0 0 0 0 0 50 79 0 15 0 0 0 0 0 0 0 0 83 0 0 22 0 0 91 0 0 0 0 0 0 0 0 0
0 0 8 0 16 90 0 43 0 0 0 0 45 0 0 55 0 0 0 0 0 0 49 0 35 0 0 0 96 0 66 95 0 83 0 0 19 0 93 82 0 0 0 0 0 0 6 0 0 0 0 0 0 0 0 68 0 0 0 0 0 0 0 0 67 0 0 0 95 15 93 0 0 2 0 0 0 0 0 19 2 0 39 0 0 0 0 0 0 14 0 0 100 0 0 0 0 0 0 0 0 0 0 57 0 0 0 0 0 0 0 0 0 0 0 21 0 0 46 0 0 99 0 0 0 59 0 0 0 17 74 0 0 0 0 0 0 0 0 0 0 0 0 0 0 79 0 0 0 0 0 73 0 0 0 0 0 0 0 33 0 0 0 0 0 0 0 0 0 65 0 59 0 29 0 2 0 0 0 0 0 0 0 0 19 0 0 62 0 0 0 0 0 0 67 90 0 0 0 0 0 0 0 0 0 0 0 0 84 0 5 0 0 7 99 0 0 0 0 0 0 33 0 0 0 6 0 0 52 0 0 0 0 0 0 0 0 0 53 0 0 0 39 0 38 0 0 0 0 0 0 0 67 0 0 45 21 93 0 0 0 0 0 75 0 21 79 0 0 0 0 0 89 0 0 89 100 0 0 0 0 0 0 0 0 0 0 29 0 78 0 0 0 0 0 0 40 0 0 0 44 97 71 28 0 0 0 16 0 36 0 0 0 0 0 29 0 0 0 4 56 27 0 0 0 75 0 59 90 15 0 0 0 0 0 89 0 0 0 0 0 0 0 47 0 75 50 0 0 0 0 91 0 19 16 0 38 0 0 0 0 31 0 49 0 0 0 76 0 0 11 0 0 60 0 0 52 16 57 0 76 23 0 0 56 0 0 8 0 0 0 56 0 0 0 0 0 0 0 0
0 20 0 0 1 0 0 0 0 0 0 0 0 0 0 0 0 23 0 0 69 0 0 0 8 22 0 0 0 0 0 0 0 99 0 0 17 0 96 0 0 0 0 0 0 0 0 0 0 0 0 0 0 78 0 0 0 0 77 62 0 0 32 32 0 43 79 0 0 0 0 25 91 0 0 0 0 0 0 0 39 0 62 86 21 0 0 0 0 0 0 0 0 0 0 18 0 0 0 0 0 35 0 0 0 0 0 9 0 0 0 0 0 0 0 46 0 0 0 4 0 0 0 0 0 0 0 19 42 0 0 0 0 0 0 0 0 53 0 0 0 0 0 0 0 0 0 95 0 0 0 0 97 0 71 0 12 0 59 0 0 0 0 0 0 86 0 96 96 0 0 0 0 0 0 0 0 0 0 0 0 0 0 65 0 0 0 0 0 8 69 0 26 38 0 0 0 15 0 0 0 3 36 0 0 0 0 19 0 16 0 84 0 17 0 0 0 0 30 0 0 0 0 0 0 0 0 0 74 0 0 0 0 93 0 0 0 0 0 0 0 0 0 0 0 0 55 0 0 0 0 0 53 0 0 0 47 0 0 0 1 0 0 0 0 0 0 0 0 0 32 58 0 0 98 0 0 0 0 0 16 0 0 0 92 0 0 0 0 0 44 0 0 41 0 0 0 0 0 0 0 51 88 0 58 0 98 20 0 0 29 0 53 0 0 0 0 0 0 0 0 0 0 0 0 39 0 0 0 0 35 40 0 0 0 92 0 78 0 0 0 26 0 0 0 0 0 0 0 0 0 0 0 0 0 0 0 0 29 75 0 46 0 60 73 0 0 0 0 0 97 0 0 0 4 0 0 0 0 0 0 0 0 0 0 26 33 0 0 0 0 4 0 0 0 0 5 0 0 96
0 0 0 0 0 0 92 11 0 0 93 54 0 0 0 0 0 0 0 61 0 5 56 0 92 0 0 0 0 63 0 0 0 0 0 0 0 0 0 0 0 6 19 0 0 0 0 47 0 0 0 0 0 0 0 0 0 0 0 0 0 85 0 0 0 0 0 0 0 17 0 0 20 23 0 0 87 0 4 0 0 0 0 0 0 0 0 0 0 0 0 0 0 0 36 0 0 10 0 0 0 0 0 94 0 0 38 0 39 0 0 0 0 35 0 39 0 0 0 0 0 50 0 0 0 53 70 0 8 0 36 0 0 0 0 0 0 0 0 0 0 0 0 0 0 0 0 0 0 0 0 0 22 14 0 0 0 0 0 0 0 0 0 7 0 0 0 0 0 0 0 0 0 0 12 0 0 0 0 0 0 0 0 0 0 0 0 36 0 0 0 0 0 0 0 0 0 6 0 0 0 0 0 0 0 43 0 0 0 0 0 0 62 0 0 0 0 0 0 100 0 0 95 0 53 0 0 78 0 0 0 50 0 0 0 0 0 0 0 81 77 0 0 96 0 42 0 0 0 0 13 0 0 0 0 29 0 0 0 16 0 98 87 59 0 0 0 0 57 0 0 0 0 0 0 0 0 0 0 0 0 0 0 49 2 22 62 0 0 69 0 0 0 0 0 0 0 0 5 18 0 39 48 0 0 0 0 0 0 0 0 30 0 0 0 0 0 0 16 0 0 90 0 0 0 0 0 0 0 6 0 0 0 0 67 0 61 0 37 0 39 0 43 0 0 0 0 0 13 0 72 0 0 29 18 0 99 0 0 33 95 0 0 0 0 0 0 0 0 0 47 0 0 0 0 0 0 0 0 0 0 0 0 0 0 0 0 0 0 0 0 72 0 0 57 0 0 0 0 0
0 0 0 0 23 62 0 25 0 0 0 0 0 0 95 0 0 0 0 0 0 61 0 0 0 57 0 0 0 0 46 0 0 0 44 7 0 0 0 84 0 0 0 46 0 91 0 0 70 0 0 0 0 41 0 0 0 0 17 0 0 0 55 0 0 39 0 0 0 93 0 0 0 0 61 0 0 100 88 36 52 0 0 0 0 0 93 0 0 0 0 0 0 0 0 0 0 77 79 0 0 0 0 9 0 0 0 0 0 0 0 0 0 0 0 0 0 0 0 0 88 24 0 0 17 0 10 72 99 0 0 86 0 0 29 56 95 0 93 0 0 0 0 0 0 0 57 0 97 0 0 0 0 0 0 0 11 39 0 0 0 0 0 0 40 0 0 0 8 0 0 0 0 0 0 0 0 0 0 27 0 0 0 0 61 79 0 0 28 0 0 0 0 0 0 0 0 0 0 0 0 0 0 0 12 96 43 0 0 0 24 82 83 16 0 49 0 0 0 0 0 0 28 74 0 50 0 0 0 0 0 0 32 0 0 50 0 0 0 39 0 0 0 0 0 0 73 0 56 77 0 0 0 0 0 0 35 82 100 0 0 70 0 0 0 0 0 0 12 0 0 66 0 0 0 1 0 0 0 0 0 0 0 44 98 0 0 0 0 0 0 88 0 0 0 0 0 0 76 56 0 0 0 0 0 78 0 0 0 0 0 28 39 0 76 80 0 0 0 0 74 0 78 0 56 22 0 0 99 0 0 70 71 0 0 0 0 8 34 0 21 7 0 0 31 0 16 0 0 0 0 0 0 99 0 0 0 0 0 0 0 62 0 0 0 0 0 0 0 0 0 0 0 0 0 0 0 0 0 0 0 51 13 26 0 69 0 18 0 0 0 0 0 45 0 0 32 0 0 0
0 0 0 11 0 0 78 72 0 0 0 0 0 0 0 0 0 0 22 0 0 0 44 46 0 0 97 0 0 0 0 0 0 0 57 98 0 0 43 0 0 0 0 0 0 16 0 31 88 60 0 0 0 0 0 0 0 0 0 0 0 23 0 0 0 0 77 0 22 0 0 22 0 73 0 0 0 0 0 0 0 0 0 0 5 35 0 0 0 0 38 19 0 0 0 55 0 0 0 85 53 0 0 0 0 0 0 0 0 0 84 0 44 0 0 0 0 0 56 0 67 0 0 0 61 0 0 89 0 0 0 0 0 0 23 53 0 0 0 0 0 80 0 0 0 0 0 0 0 0 0 1 0 69 50 0 0 0 0 0 0 19 37 0 53 14 0 69 0 0 0 68 0 0 0 0 1 0 0 0 28 0 0 0 0 0 0 0 0 0 0 49 33 67 0 0 59 0 37 0 0 0 60 0 22 0 0 0 0 0 0 0 54 45 0 0 95 39 74 0 0 0 0 0 0 0 0 0 0 0 76 0 6 0 0 16 0 0 0 89 0 0 0 78 0 0 0 22 0 0 0 82 0 0 0 0 90 0 0 0 0 0 25 4 0 0 0 0 0 0 86 39 0 0 0 0 83 0 0 97 75 0 0 0 0 0 0 0 0 23 0 0 0 44 0 0 6 0 0 0 0 93 0 0 20 41 0 72 1 0 0 0 0 0 0 36 36 92 0 0 43 18 35 20 47 0 0 0 0 41 0 0 45 100 0 0 0 0 0 19 0 29 0 71 0 73 72 0 72 65 94 0 0 82 0 0 0 0 92 61 0 38 0 0 0 51 5 0 0 0 0 0 58 0 0 0 0 0 0 16 0 0 0 0 0 0 0 0 0 74 77 0 0 0 94 0 0 0 93 0
0 17 0 0 0 0 0 0 0 0 0 0 58 0 0 15 0 0 0 70 80 0 0 0 93 0 75 0 0 0 0 0 0 0 0 0 10 24 53 35 48 0 99 0 70 0 0 0 0 0 0 0 0 0 0 0 63 11 30 0 0 0 0 0 0 0 0 95 7 0 0 4 0 0 0 0 0 0 95 0 0 0 0 0 0 22 44 0 11 0 0 0 0 2 0 57 0 0 0 8 0 0 0 0 0 4 0 54 0 0 0 0 0 0 0 0 0 0 0 0 0 0 0 0 0 0 0 0 0 21 0 0 0 0 49 0 0 0 0 17 0 0 58 45 0 0 0 20 0 0 0 0 0 0 0 0 0 0 0 0 82 0 0 0 0 0 0 0 0 0 0 0 0 0 90 0 37 0 0 0 67 0 0 0 35 0 0 0 0 0 71 0 17 63 0 0 0 0 28 3 0 0 0 0 0 0 99 0 0 0 0 0 97 10 0 6 0 0 0 0 0 0 0 0 0 0 0 0 0 0 0 0 0 0 0 0 0 39 0 0 0 0 0 0 0 65 88 96 90 1 0 0 55 0 0 0 0 0 0 48 0 0 59 1 0 95 0 0 0 0 0 0 0 0 0 0 91 0 9 0 0 0 38 0 61 0 0 0 0 0 0 9 81 0 48 0 0 0 22 0 22 0 0 0 0 0 0 0 0 71 76 38 0 0 0 0 0 0 83 0 0 14 12 0 0 0 0 80 0 21 0 0 0 0 0 0 0 0 10 63 0 0 0 0 0 0 0 0 0 0 0 0 0 0 0 96 0 0 0 0 0 0 53 0 0 0 0 0 67 0 0 0 19 0 0 0 0 0 0 0 5 0 51 0 77 0 0 0 0 0 30 90 78 0 12 0 5 0 89 98
0 58 23 0 0 0 74 85 0 0 0 53 0 0 34 0 0 0 0 0 17 0 69 0 0 0 0 0 0 0 0 0 0 0 0 2 50 0 0 82 6 0 0 0 77 0 55 99 0 0 76 0 0 0 0 0 0 0 0 0 0 0 0 0 0 0 0 86 0 0 0 26 21 38 75 38 0 0 0 0 0 0 0 22 0 0 0 0 0 79 20 0 8 0 0 0 0 0 0 77 97 76 84 0 52 0 0 0 45 0 41 0 0 60 13 37 0 60 0 27 0 37 0 67 65 0 0 0 0 0 0 0 0 0 19 0 0 64 0 0 0 75 0 0 0 0 40 0 0 0 100 0 0 0 0 0 0 0 0 0 0 0 0 0 0 0 0 0 0 0 0 25 48 0 0 89 0 0 0 0 0 24 0 0 0 0 0 0 0 0 0 0 78 39 6 0 0 74 0 0 27 0 0 0 0 0 0 0 0 96 0 0 0 0 0 0 0 86 13 0 0 0 0 0 0 0 0 0 0 0 0 0 0 0 0 0 0 0 0 60 75 73 0 0 0 0 0 0 0 0 0 0 0 6 0 0 0 92 0 0 0 15 0 91 0 0 0 3 0 0 0 0 0 0 0 0 0 14 20 21 0 0 22 0 0 45 78 0 0 0 0 0 0 0 0 72 0 0 0 0 0 0 41 0 0 57 0 0 0 0 0 24 0 0 100 7 0 63 0 72 0 0 100 0 0 0 0 65 0 0 89 0 0 76 0 71 0 20 0 0 0 76 0 0 0 0 100 0 0 0 0 20 0 0 0 0 0 0 0 0 99 0 0 0 35 0 0 96 0 0 64 0 0 0 33 100 0 0 0 70 0 0 0 0 0 0 0 0 0 0 0 90 0 37 0 0 64 0 3 0
0 0 0 0 0 0 3 0 0 0 0 35 0 0 94 0 0 0 78 0 0 0 0 73 0 0 0 0 0 95 0 0 0 95 0 0 0 0 0 0 18 0 0 36 0 73 0 47 0 82 3 0 0 0 0 15 0 0 0 0 0 0 0 0 0 0 100 0 0 53 74 22 0 0 0 0 29 100 0 24 0 0 0 0 0 0 3 0 0 76 0 0 0 0 0 0 0 0 0 14 0 0 0 0 42 90 0 0 63 77 0 0 0 0 0 0 0 0 0 0 0 0 20 0 49 0 0 0 40 28 0 0 0 0 78 0 67 0 0 0 11 20 0 0 58 0 0 0 46 39 0 79 0 0 0 0 32 0 55 0 0 0 76 30 0 0 15 45 88 0 3 0 0 0 96 0 0 0 0 70 0 0 0 0 0 0 0 83 0 0 0 46 1 0 70 0 0 39 0 0 0 0 34 0 0 0 0 0 0 0 0 0 0 48 0 97 0 0 0 19 100 0 0 0 0 0 65 61 0 0 0 28 0 0 34 0 0 0 0 0 56 0 0 0 0 0 49 0 0 0 70 0 10 0 0 0 20 16 0 0 0 0 0 0 0 0 49 0 0 0 0 0 53 0 0 92 32 44 0 76 85 99 65 0 0 0 18 14 56 100 0 0 0 0 86 54 60 24 0 0 0 0 0 0 67 0 65 67 0 0 0 0 57 0 0 33 74 41 0 0 50 0 0 12 35 6 0 0 0 0 0 0 0 0 0 0 0 0 0 0 0 0 0 0 0 0 49 0 0 32 0 79 49 0 0 0 0 0 0 0 18 0 0 0 0 0 0 0 86 0 49 0 89 0 0 0 0 0 0 0 0 0 70 0 0 0 0 8 37 0 0 0 0 0 0 0 0 0 0 0
0 0 0 0 0 0 0 0 0 0 58 0 0 0 0 0 0 28 0 0 7 0 0 64 34 0 0 0 0 0 0 0 45 58 6 0 0 0 0 95 13 0 2 0 0 0 0 0 0 41 33 62 90 0 46 0 0 0 0 0 0 0 0 0 0 0 0 100 0 0 5 36 89 0 20 0 0 82 0 0 0 0 0 0 0 0 0 0 0 0 0 11 35 0 9 0 0 0 0 0 0 0 57 0 17 0 23 0 0 0 0 53 0 0 0 0 38 0 0 0 0 0 0 0 0 0 0 0 0 0 0 0 29 0 70 51 19 0 55 0 0 0 74 0 0 0 0 0 43 0 0 0 0 26 62 0 0 0 26 0 0 0 0 88 48 0 0 87 0 0 0 0 0 0 0 0 0 0 8 0 0 24 0 0 0 0 0 0 0 0 76 0 0 7 26 0 0 99 0 3 57 78 66 68 0 20 65 71 18 0 0 0 59 0 0 79 0 52 0 0 71 0 0 96 0 0 0 11 0 0 0 0 0 0 58 0 0 0 0 0 0 0 38 0 61 0 0 0 1 0 0 0 0 31 0 0 0 0 0 48 93 0 0 0 0 77 67 0 2 0 89 0 13 14 0 86 5 14 0 0 0 0 8 0 9 89 60 0 0 83 0 29 0 0 0 0 70 34 0 91 0 0 6 0 0 0 0 0 0 46 0 1 0 0 29 21 0 0 0 0 26 10 0 0 0 0 67 0 0 0 0 0 0 51 0 0 0 0 0 0 0 0 0 0 0 9 54 0 0 53 0 0 0 0 0 0 0 16 0 21 0 0 0 0 0 0 0 0 21 0 0 0 0 0 0 22 0 0 0 34 72 0 0 0 17 0 0 0 86 0 31 0 0 0 0 0 0 0 0 0
0 0 0 58 0 0 0 17 20 0 0 0 0 0 0 0 0 89 0 0 0 0 0 0 46 0 84 0 0 0 0 0 7 0 30 4 0 0 0 0 0 0 6 0 0 0 0 0 0 0 0 0 0 0 0 0 13 72 0 0 0 0 33 0 0 0 0 29 0 66 0 0 0 42 0 0 0 0 0 0 19 0 54 0 0 0 0 0 0 0 0 0 0 23 0 0 0 0 0 0 0 0 0 99 61 0 0 0 0 0 0 0 0 0 0 0 0 0 0 0 97 0 0 0 0 0 81 0 25 0 0 60 0 0 0 6 0 0 0 0 0 47 0 0 0 0 0 0 0 0 0 0 0 0 98 0 0 0 0 0 0 0 0 100 0 0 0 0 0 11 0 0 0 0 0 0 66 0 0 0 0 0 18 0 27 45 98 19 0 0 73 0 33 0 0 0 0 0 21 0 0 65 0 0 0 0 82 1 0 0 0 0 0 0 0 0 0 0 0 60 0 53 0 0 0 18 0 0 25 35 0 0 0 0 0 85 0 0 0 0 0 0 0 0 25 0 0 31 0 0 0 6 0 0 0 64 0 0 65 0 0 0 36 0 33 0 0 60 10 0 0 0 0 20 42 59 0 61 0 0 0 0 24 0 0 32 0 85 48 63 0 0 0 0 0 0 0 0 0 0 0 0 0 0 79 0 0 39 34 0 63 0 0 0 0 7 0 0 0 0 0 0 37 0 0 85 0 0 0 0 0 45 0 5 0 0 0 0 0 0 0 0 83 0 48 0 33 0 0 37 0 0 0 0 8 0 0 0 0 0 0 0 0 0 0 0 52 0 0 0 0 0 16 0 0 80 0 75 0 0 56 0 0 0 0 0 0 0 0 0 44 33 0 0 0 0 69 0 0 0
0 89 0 0 0 0 49 0 40 0 0 0 0 0 55 0 0 0 11 0 69 0 0 19 0 8 0 70 0 0 0 0 0 0 0 59 0 22 0 0 68 0 0 16 20 0 0 0 22 0 0 46 0 0 0 0 93 0 0 0 91 42 0 0 0 71 0 0 0 56 0 99 53 0 51 90 0 0 0 0 26 0 0 0 0 0 30 0 0 0 33 0 0 0 57 73 0 0 0 0 0 0 0 21 45 0 0 0 0 0 57 0 0 50 0 0 0 80 0 69 0 0 91 0 0 0 0 70 0 0 0 0 0 74 0 0 0 0 0 0 0 0 0 61 35 0 0 41 0 0 0 0 0 0 0 0 0 25 0 40 0 0 0 0 0 0 76 0 0 0 90 0 0 97 7 0 0 0 0 0 0 0 0 0 0 0 0 0 0 0 51 7 0 0 0 52 90 79 44 0 0 0 0 0 0 0 0 0 0 0 0 0 0 0 0 78 15 0 0 0 25 0 0 0 0 0 0 45 0 0 0 0 66 0 70 0 0 0 0 0 0 68 94 0 0 31 0 0 0 76 0 0 0 0 0 0 0 0 0 0 0 0 0 0 0 0 0 0 74 0 0 0 0 0 16 0 0 0 0 0 0 0 15 0 0 75 0 0 0 0 0 0 92 94 65 0 0 0 0 96 0 0 95 65 0 0 0 0 0 0 0 0 11 11 78 0 0 0 0 0 86 0 36 0 0 0 0 0 0 38 0 0 0 12 0 0 0 0 93 28 0 0 0 0 0 0 0 0 92 0 0 46 0 0 0 0 96 0 0 0 0 0 0 10 0 77 0 0 84 0 0 0 0 0 0 0 0 0 26 0 0 0 0 0 0 0 0 0 80 0 90 0 0 57 48 0 21 0 0 23
0 0 0 0 0 0 0 0 0 0 0 0 0 0 0 14 0 76 0 0 0 0 0 0 60 0 0 0 0 0 31 35 0 0 29 0 0 86 0 52 28 0 18 0 0 96 88 0 0 0 0 0 0 0 0 0 0 0 0 0 45 26 0 0 0 0 0 0 66 16 0 0 0 0 0 0 0 0 0 0 43 0 99 0 8 0 0 0 0 0 0 0 0 0 0 82 0 78 59 0 75 14 0 0 0 0 70 14 0 0 19 0 35 0 0 0 0 0 0 30 0 0 0 0 9 66 4 0 80 0 0 39 0 0 0 15 0 0 52 0 35 0 0 0 0 0 0 0 0 0 64 0 0 0 4 0 0 0 0 100 0 0 88 0 0 57 30 47 0 0 0 0 0 16 0 0 0 0 0 0 0 0 0 0 61 0 91 0 0 0 0 0 0 0 0 0 0 0 31 0 0 0 0 0 0 0 0 0 0 53 0 0 0 0 49 0 0 0 14 0 0 0 0 0 76 0 82 0 0 0 0 0 47 0 60 0 0 0 0 35 97 0 0 0 76 0 0 39 0 77 0 0 40 0 0 0 0 0 0 0 16 89 59 0 7 0 55 0 0 0 0 23 0 0 99 0 0 0 0 0 5 0 0 0 0 0 0 0 0 0 0 0 0 40 0 0 0 88 29 0 0 0 0 0 0 0 0 0 0 0 9 18 1 0 80 28 0 35 0 0 0 0 0 59 82 0 0 0 0 0 6 0 43 0 0 92 0 22 0 0 0 0 89 57 44 84 0 0 17 0 0 82 0 0 0 18 22 0 0 0 0 0 0 0 32 97 0 0 98 0 53 0 0 0 66 0 0 0 0 0 0 99 0 0 0 0 32 2 0 0 0 0 98 0 0 0 0 0 0 0
0 95 0 0 0 0 0 0 0 39 73 0 0 0 46 0 0 31 0 0 33 0 0 0 0 0 0 0 0 31 0 0 0 0 0 60 0 0 31 0 87 96 0 0 79 0 91 37 0 67 43 0 0 0 0 0 0 0 0 0 0 0 0 75 8 0 0 2 0 0 0 0 0 0 0 47 0 0 98 0 0 0 0 100 0 0 35 46 0 11 0 38 18 0 0 0 0 10 0 34 0 0 0 0 0 0 67 0 75 0 0 0 0 0 0 0 0 0 3 0 0 0 0 0 0 0 44 49 0 0 30 0 0 0 0 0 0 0 0 0 90 18 0 0 0 100 33 0 0 0 0 0 0 0 0 0 75 0 17 0 11 0 0 0 78 37 0 0 0 97 0 0 0 38 77 0 0 0 10 0 0 79 91 0 0 0 22 83 34 0 6 0 0 79 0 0 0 0 0 0 0 0 0 62 0 29 0 0 63 0 0 0 0 0 29 0 32 28 0 45 0 0 74 0 93 0 0 0 84 0 0 41 0 0 0 66 0 0 0 0 53 0 58 10 78 0 0 0 34 0 0 0 0 0 0 0 68 0 0 0 0 0 0 0 0 0 0 43 62 0 54 0 90 0 0 0 0 0 0 90 0 0 44 0 0 0 0 0 0 43 0 0 0 12 0 0 0 59 0 0 75 0 0 0 0 0 0 0 0 0 0 0 0 61 0 23 0 25 0 0 0 0 0 0 0 0 0 0 20 45 0 0 0 0 0 0 0 100 0 0 0 0 0 60 0 0 0 0 0 23 0 32 95 0 5 0 0 0 0 0 0 8 14 0 0 0 0 0 0 28 0 4 0 0 0 30 0 0 0 0 0 0 35 68 0 0 0 0 0 100 0 0 0 0 0 0 0 0 0 0
0 0 12 0 0 0 27 0 0 0 0 0 0 0 0 22 55 0 0 0 58 0 0 39 0 0 0 0 0 0 0 0 0 20 0 0 0 0 0 0 53 0 35 0 2 39 0 0 4 0 97 0 0 0 2 0 0 0 0 34 0 0 0 0 0 0 0 0 79 0 0 49 0 28 72 61 97 0 51 0 10 0 59 0 0 0 69 0 0 0 95 0 0 0 0 0 0 100 7 0 80 0 0 93 0 0 0 0 0 0 0 0 63 0 0 0 48 0 0 0 70 0 0 0 0 0 0 0 0 0 0 0 40 0 0 0 77 52 0 88 26 0 0 23 0 0 0 0 0 30 39 0 24 0 0 59 0 25 0 82 0 0 36 0 33 0 0 0 0 0 41 0 0 42 0 0 0 43 0 97 0 0 0 0 0 77 54 0 0 0 77 76 0 0 0 0 0 0 0 0 0 58 0 0 0 0 0 31 0 0 88 0 88 30 25 63 0 0 0 0 0 0 0 0 0 68 0 0 0 0 0 0 39 66 0 0 0 0 35 0 46 0 18 0 0 0 87 14 6 0 0 0 0 59 38 0 0 0 0 0 0 43 0 0 44 67 52 0 61 0 0 0 0 0 0 0 0 0 0 0 73 0 21 0 0 0 65 0 0 0 0 0 0 0 0 0 0 6 0 0 11 0 0 0 0 0 85 91 0 0 0 0 0 0 0 0 0 0 0 0 0 0 88 76 55 9 0 0 37 0 64 11 0 0 0 0 0 0 0 0 0 0 95 0 0 94 61 0 0 23 0 46 0 2 0 0 0 0 0 2 0 0 0 0 0 0 22 93 0 0 0 0 0 90 0 0 0 35 0 0 0 48 0 0 0 0 94 0 39 75 6 39 0 0 0 0 0 0 78 78
0 0 12 0 0 76 0 0 0 0 0 0 83 0 0 0 0 71 0 0 0 0 0 0 95 0 0 24 0 0 49 0 0 34 11 54 79 53 0 0 0 0 0 0 0 6 0 0 97 0 0 0 0 0 0 0 0 0 5 0 0 0 25 59 0 64 0 0 0 0 0 2 0 0 90 0 3 0 0 0 0 0 0 0 0 76 72 23 0 0 0 10 0 0 0 0 0 0 0 0 0 0 0 0 0 0 50 16 0 24 0 0 0 22 0 0 0 25 0 0 0 11 8 0 0 0 78 2 0 0 98 0 0 0 62 0 0 99 0 0 33 0 100 87 22 0 0 0 12 25 0 0 0 0 0 0 0 0 77 0 0 0 0 81 13 0 0 94 0 86 0 10 0 0 20 62 0 10 0 0 60 0 0 0 0 71 0 95 0 99 0 66 77 0 0 0 0 100 0 8 0 0 0 0 0 0 0 0 0 0 81 0 0 0 0 0 0 0 94 0 0 25 0 0 0 0 0 0 76 0 0 0 0 0 73 0 0 0 72 0 0 0 0 0 0 0 69 0 14 0 0 0 0 0 0 0 0 6 0 0 0 0 0 0 0 0 0 0 0 0 0 0 0 37 0 90 0 0 0 0 14 52 0 0 0 0 55 0 0 18 0 31 0 0 0 0 98 0 0 0 7 0 0 0 0 0 0 18 51 17 0 0 0 0 0 54 0 0 74 0 0 0 58 0 0 0 0 0 0 3 60 0 0 12 0 0 0 0 0 83 0 0 0 0 0 0 0 0 35 0 0 0 50 0 0 13 62 0 74 0 0 0 0 0 0 0 55 0 1 0 0 0 0 65 90 0 0 26 0 0 0 77 0 89 0 0 0 0 0 0 0 0 0 0 0 20 99 1 67 0
89 88 0 0 0 0 0 0 0 0 0 0 100 56 0 0 0 55 99 48 0 95 0 96 0 0 0 0 80 0 0 0 29 11 0 0 13 0 0 0 0 41 13 0 65 0 0 0 58 0 0 0 0 0 0 0 0 0 0 0 0 0 0 63 0 0 64 0 0 0 0 0 37 0 0 0 0 0 0 0 0 0 0 0 14 0 0 0 0 0 0 0 0 0 0 0 21 0 11 0 0 0 0 0 29 0 0 0 80 0 0 0 0 0 0 0 0 0 0 0 0 0 0 0 0 0 80 39 0 27 0 0 0 98 0 0 0 0 0 0 0 0 1 0 24 0 0 0 100 0 0 0 19 0 72 58 0 0 0 0 0 0 0 89 88 89 0 39 0 92 0 0 0 0 68 88 0 0 0 0 0 0 36 72 0 4 0 0 0 0 82 0 22 0 0 0 0 0 0 0 0 6 0 0 0 0 0 0 0 0 0 0 0 0 0 0 0 47 0 0 37 0 0 0 0 0 0 0 0 0 0 0 87 29 19 0 0 0 0 0 0 0 0 0 0 0 61 0 95 0 0 0 27 0 0 99 0 0 0 0 0 33 90 0 0 0 0 0 69 0 0 0 0 0 0 18 0 59 0 0 0 0 0 0 0 0 0 34 0 0 0 33 70 0 0 77 0 42 67 83 23 0 0 0 67 0 0 0 0 0 0 0 0 0 36 0 0 0 0 0 0 0 0 0 90 31 0 0 0 0 66 0 96 0 0 38 0 0 74 0 0 16 31 0 0 41 86 0 0 0 0 0 0 0 51 6 0 0 0 0 0 0 26 0 0 79 54 0 0 0 0 0 87 0 6 0 0 0 9 43 36 0 0 93 69 0 0 50 0 0 0 62 0 0 88 0 0 0 0 95
0 0 0 0 0 0 0 0 0 0 0 0 32 0 82 0 0 0 0 0 58 66 0 0 0 0 0 0 0 89 0 79 0 73 0 0 36 0 76 0 91 72 23 0 0 0 0 0 0 0 72 0 41 0 0 0 0 39 0 63 95 0 0 0 7 0 17 22 0 0 34 0 0 0 22 0 0 0 0 0 0 0 0 0 0 0 100 0 0 0 0 36 0 25 0 0 35 0 0 26 0 0 87 0 0 0 13 97 75 0 0 43 97 0 0 97 0 0 67 0 64 0 0 0 0 0 0 74 0 0 0 0 0 0 0 0 0 0 73 0 0 0 0 0 0 0 0 0 0 0 6 91 64 0 0 10 60 0 0 0 0 0 0 0 0 0 0 16 0 0 0 91 0 0 0 12 11 0 0 72 0 87 0 0 0 0 0 0 0 0 0 0 0 0 0 0 0 0 57 0 0 0 0 0 0 0 90 0 0 0 0 75 54 0 0 97 0 23 0 0 12 92 0 0 0 0 0 4 0 0 0 0 0 0 0 0 0 35 0 0 0 0 0 0 0 0 94 13 0 0 51 0 0 0 0 0 0 0 0 96 0 0 0 0 0 0 0 0 58 0 88 0 0 0 0 0 37 0 0 95 0 0 0 0 0 0 97 13 0 0 0 0 0 0 0 46 0 0 25 0 52 0 0 0 21 0 61 0 0 26 41 0 43 0 0 50 0 0 53 0 18 14 0 0 0 0 0 0 0 3 0 0 0 0 0 0 56 3 0 88 54 0 0 0 88 0 0 77 0 0 0 0 0 0 0 0 0 0 0 98 0 30 61 37 0 0 32 35 0 0 0 0 0 0 0 92 0 0 0 7 90 96 0 0 0 0 26 0 0 0 0 0 0 0 0 0 70 13 0 0
4 56 0 0 0 30 38 0 0 19 7 0 56 0 75 80 0 0 41 0 0 22 0 0 0 0 0 18 88 28 0 48 69 0 0 0 34 0 0 0 0 63 0 0 72 0 0 0 0 0 0 0 0 0 0 0 0 0 0 0 0 0 62 0 83 0 0 90 0 0 0 22 0 0 0 0 0 73 0 0 0 0 0 0 0 0 53 0 38 0 0 0 73 0 45 0 27 0 0 0 0 33 36 79 0 1 0 16 0 0 0 30 0 0 99 0 0 0 0 0 0 0 0 98 0 0 0 0 2 0 77 0 0 0 0 0 0 0 0 0 0 0 0 0 0 0 0 22 0 0 0 0 25 0 0 0 0 0 0 0 0 71 97 0 0 0 73 100 0 0 0 0 0 0 0 0 0 0 0 0 0 40 0 0 41 5 0 0 85 0 0 0 17 0 0 0 0 0 0 0 0 21 0 0 0 0 0 0 45 76 61 0 0 0 0 0 23 0 0 0 75 0 53 0 0 38 0 89 0 0 100 0 0 0 0 0 62 75 0 0 0 0 23 0 62 0 0 0 0 0 0 0 11 0 0 0 0 0 0 0 51 0 0 32 0 0 0 13 0 0 0 0 0 0 0 18 0 75 8 0 19 65 0 0 25 0 83 81 0 27 19 0 0 0 0 0 0 0 41 0 0 0 0 0 13 0 0 0 61 0 55 86 0 0 0 0 14 0 0 0 0 0 0 0 0 64 16 0 0 69 0 0 0 0 0 59 59 0 0 0 0 73 0 0 0 0 0 0 0 0 0 0 0 0 0 0 0 27 96 29 0 44 0 0 0 0 14 0 0 0 0 0 81 0 0 0 0 99 0 0 0 0 0 0 98 0 0 0 0 0 0 0 0 99 0 17 0 57 0 0
0 64 0 0 0 35 0 0 0 0 0 0 0 0 0 87 0 0 0 0 61 0 0 0 0 99 0 0 0 0 98 0 30 0 0 92 0 0 8 0 0 0 68 0 0 0 0 4 0 0 72 0 0 0 0 0 0 0 62 86 0 0 0 6 0 0 0 0 0 0 87 0 0 45 42 0 8 0 0 0 72 0 0 0 0 0 0 0 0 0 0 0 0 0 55 0 25 0 0 0 43 0 43 28 0 0 0 0 50 0 4 0 0 0 0 69 0 0 0 70 0 0 71 5 25 0 0 0 0 30 0 0 0 71 0 0 0 90 88 45 24 0 0 0 0 0 0 48 0 0 15 2 0 28 0 32 0 0 0 0 0 0 0 0 0 37 0 0 0 0 0 67 0 0 0 47 0 31 0 80 0 0 0 0 0 0 78 0 0 1 0 0 0 0 72 0 0 0 0 0 0 0 0 0 0 0 40 0 14 0 0 0 0 52 0 0 69 0 0 0 64 0 0 0 0 0 0 0 85 0 64 0 0 0 80 0 0 0 0 0 0 0 0 53 0 0 0 0 0 0 0 0 0 0 0 0 0 0 40 0 0 41 0 0 41 0 0 0 0 0 0 0 0 65 0 0 0 0 0 0 0 8 0 0 0 0 0 0 0 0 54 0 0 0 0 64 0 0 0 0 0 0 0 0 73 0 0 0 0 15 0 0 38 30 0 0 0 0 0 0 0 34 72 84 0 0 0 0 0 0 0 0 0 0 64 0 0 0 0 0 0 0 0 0 0 0 85 0 0 0 0 0 0 0 0 0 0 0 0 0 0 0 0 53 61 10 0 0 0 0 0 0 0 0 0 0 0 0 13 0 0 1 0 32 0 0 25 0 63 0 0 0 0 0 0 0 61 0 0 19
0 0 0 0 56 0 0 0 0 0 0 97 82 0 19 0 0 84 0 0 0 0 56 0 0 0 53 0 0 0 0 0 0 0 0 0 0 90 78 24 0 94 68 0 0 0 0 0 0 83 72 34 67 71 0 0 0 19 0 0 0 85 27 0 0 0 0 0 0 0 0 0 79 98 0 64 0 74 0 0 0 0 1 0 16 0 0 0 0 0 0 0 0 0 0 0 0 0 8 0 0 0 0 0 0 0 0 0 0 0 0 0 8 0 0 70 0 0 0 44 21 0 0 16 0 0 0 0 15 32 0 0 0 0 0 0 0 0 61 0 0 0 17 40 0 0 0 0 0 0 0 0 0 0 0 21 0 0 0 0 0 34 0 89 0 66 16 0 0 0 0 0 42 0 0 92 0 0 0 0 51 13 0 0 0 0 0 53 0 55 0 0 76 41 0 0 0 16 0 36 0 0 0 0 69 0 0 0 0 0 0 0 0 0 0 0 0 0 0 0 0 0 10 0 0 0 0 0 0 0 0 65 67 0 0 0 0 0 0 14 0 0 0 50 0 0 0 44 0 0 23 0 0 0 0 0 0 0 0 0 11 0 0 0 6 0 0 77 0 0 0 0 0 0 0 0 0 0 0 0 100 0 68 0 84 0 0 0 0 45 11 0 0 0 0 0 0 64 38 0 21 0 0 0 0 0 0 0 77 65 0 0 67 0 0 0 68 10 49 0 0 0 33 0 0 0 0 0 0 64 0 0 0 0 3 0 0 52 51 0 0 12 0 61 0 0 0 70 0 61 0 0 0 0 24 0 0 0 0 0 0 0 0 0 65 0 0 90 0 81 83 0 0 0 0 0 89 0 0 0 93 0 0 66 16 23 0 0 8 0 0 0 44 0 0 0 0 0 0 13
33 0 24 0 72 61 0 72 0 22 0 0 0 0 100 0 0 0 0 1 15 0 0 0 0 16 0 36 85 0 0 34 19 0 0 0 0 15 45 63 0 75 0 0 0 0 0 35 0 0 63 41 0 36 0 0 0 0 0 0 0 0 5 40 0 0 0 0 0 0 0 0 0 0 0 0 0 0 0 0 0 0 25 60 0 0 0 0 76 0 0 75 0 68 0 11 0 0 0 0 0 0 0 0 36 0 0 0 86 82 0 0 0 0 2 71 0 0 0 42 36 57 36 0 0 97 80 0 0 0 0 10 0 76 0 0 73 61 0 0 16 94 0 0 0 0 0 0 0 0 0 0 0 0 0 0 0 0 0 0 60 0 0 55 0 0 0 0 0 0 59 0 0 0 0 0 0 0 82 40 0 98 0 0 0 0 0 0 0 34 18 0 0 0 0 0 0 0 73 98 0 0 0 0 0 0 0 97 0 0 0 0 0 0 0 0 0 0 21 19 0 0 94 0 0 0 0 0 0 0 82 63 73 0 0 0 0 0 72 75 0 0 0 0 0 0 82 76 0 0 0 0 0 14 0 84 0 0 0 0 0 0 65 62 0 0 0 0 83 0 86 0 0 0 0 95 0 0 0 0 0 86 0 0 0 0 0 13 37 99 0 0 0 0 0 66 0 64 0 0 0 74 0 0 81 0 0 0 0 0 0 0 0 0 0 0 15 0 0 0 0 0 0 34 0 0 0 0 0 0 0 0 0 0 0 0 0 0 0 38 0 0 0 0 85 0 77 0 0 0 0 0 0 0 53 0 0 0 0 0 57 0 0 99 0 0 0 0 0 0 0 0 0 0 0 0 0 39 0 0 0 0 0 0 0 0 0 0 0 31 9 0 97 58 0 0 0 17 40 0
0 0 19 0 0 0 28 0 0 0 0 39 0 0 0 0 0 28 0 0 0 53 0 82 38 0 0 0 61 0 0 0 0 0 3 0 0 24 0 0 0 0 0 0 0 0 40 0 0 58 0 51 0 39 0 0 0 0 0 0 0 0 0 0 0 61 0 0 0 0 0 0 49 71 0 0 20 0 56 0 0 0 0 0 50 0 0 77 0 0 0 0 0 0 89 0 48 0 0 0 22 93 1 0 42 0 0 0 0 0 0 0 0 0 0 55 0 0 0 28 45 92 0 0 0 0 0 61 0 0 0 0 0 0 91 51 6 58 0 0 0 0 29 0 0 32 0 0 0 0 0 0 9 0 0 0 71 20 65 77 0 0 0 0 0 0 0 0 27 80 0 0 0 0 0 0 0 0 0 0 42 0 68 0 0 0 63 0 59 0 0 80 33 50 24 0 75 0 0 0 0 0 0 0 0 0 0 0 0 0 0 0 0 0 0 0 67 0 0 0 0 11 0 0 0 0 39 0 0 0 27 0 0 0 63 0 0 34 0 0 0 0 0 0 0 0 0 76 0 0 0 0 0 59 0 90 0 67 0 0 0 0 0 86 0 0 74 94 0 0 0 91 62 0 0 0 0 0 0 0 0 99 33 20 42 0 0 0 0 0 0 0 0 0 0 0 46 68 0 0 0 0 0 0 0 0 11 0 0 0 0 0 0 0 0 21 0 0 0 92 23 17 0 0 1 0 0 0 29 0 0 0 0 0 0 0 76 0 10 0 0 0 0 80 0 94 31 27 0 0 0 0 0 0 0 0 41 0 0 0 0 27 0 0 0 46 27 40 0 0 0 0 0 0 0 0 0 0 0 0 0 83 0 0 0 0 0 54 0 0 97 0 0 0 86 0 0 50 0 0
75 12 76 21 0 28 0 0 0 7 0 0 0 0 58 0 20 0 31 50 0 0 0 0 0 24 0 77 0 0 57 0 0 0 73 0 15 0 0 0 0 0 0 78 93 0 37 0 37 0 0 0 0 0 52 0 0 0 77 0 0 0 0 0 0 0 0 31 0 0 0 0 0 0 17 0 0 0 0 0 0 7 0 0 0 65 0 38 0 0 0 0 0 30 71 0 0 21 0 0 0 0 0 0 0 0 0 1 0 56 0 0 0 0 0 73 32 0 0 82 0 0 0 0 0 22 0 0 0 0 0 0 0 0 0 0 0 87 0 0 52 0 0 0 0 0 0 0 0 0 0 0 0 1 0 0 35 0 67 0 0 0 0 0 0 0 0 29 0 0 46 0 0 0 0 0 0 0 0 0 0 0 0 0 0 0 0 0 64 6 0 73 0 0 97 0 55 0 0 0 0 0 0 0 0 0 0 0 50 0 0 81 0 0 6 0 0 0 0 0 0 7 0 0 0 18 7 0 85 0 0 0 0 0 0 0 0 0 0 0 0 0 48 0 0 0 0 10 0 0 0 0 0 0 0 0 0 7 21 0 0 43 0 35 0 0 0 26 0 0 0 0 68 0 89 0 0 0 57 55 98 0 0 0 0 0 0 0 48 36 0 0 0 0 86 0 0 0 0 1 48 0 0 86 0 0 0 85 0 0 0 17 0 59 0 95 0 0 0 0 0 0 0 0 0 0 46 0 0 0 0 75 0 14 38 0 0 0 0 0 9 0 0 0 30 44 0 0 0 35 0 93 0 0 0 0 0 0 2 0 0 0 47 0 0 0 0 0 0 0 19 0 67 0 0 0 0 0 0 0 55 0 0 0 0 0 84 0 0 0 0 26 13 0 0 81 0 0 0 0
0 0 0 0 0 0 29 0 0 0 85 0 0 0 0 15 0 0 0 0 0 100 0 0 0 5 0 0 0 18 0 0 0 81 0 0 0 0 0 0 0 83 0 0 0 0 0 0 0 0 0 0 0 0 0 0 0 50 0 29 69 51 0 80 0 0 0 0 0 32 26 0 0 0 64 0 0 0 0 0 68 0 0 0 0 0 0 0 0 52 0 0 0 0 0 0 0 0 0 0 0 0 0 0 0 58 0 0 0 0 0 50 0 0 0 0 0 0 0 0 0 63 0 0 32 16 0 75 0 0 0 0 0 0 0 0 0 27 0 0 0 0 12 0 0 0 38 0 62 0 6 0 0 66 0 26 0 73 0 64 0 0 0 0 0 0 0 0 0 0 0 0 42 0 57 27 0 0 74 0 47 34 11 0 0 0 0 3 70 0 0 0 0 0 0 0 0 93 0 0 0 0 0 0 0 98 0 16 0 12 0 0 0 7 0 0 0 0 35 0 0 0 0 0 0 70 0 0 0 90 0 0 0 0 0 0 0 97 0 0 100 0 0 0 0 92 0 0 0 0 0 19 0 67 0 66 0 23 0 0 0 0 0 0 0 58 19 76 49 90 0 0 62 0 0 97 50 0 28 98 21 0 49 0 39 68 0 0 25 0 20 0 0 0 0 0 0 0 0 78 0 0 0 0 0 0 0 90 0 0 0 0 0 0 0 0 0 3 92 0 0 30 0 0 0 0 49 0 1 0 0 0 48 0 0 0 0 0 0 0 0 0 27 0 56 0 57 0 0 0 0 0 40 0 10 0 0 0 79 70 0 0 0 0 0 9 0 0 53 0 86 0 0 0 0 0 49 0 0 54 0 85 0 0 0 18 0 0 97 0 0 30 0 71 0 0 1 0 0 0
0 0 0 20 0 25 0 0 0 80 0 0 0 0 0 0 21 0 0 0 73 0 0 0 5 21 0 31 0 0 0 0 73 0 0 0 3 0 0 0 0 0 0 0 0 0 76 0 99 0 2 0 72 0 0 10 15 83 77 0 47 0 17 0 0 0 0 0 50 13 0 0 74 95 0 25 0 0 0 0 79 66 56 0 0 0 0 0 0 62 0 0 0 92 0 74 0 34 0 0 0 0 15 39 0 0 0 0 75 37 6 0 0 0 3 0 30 0 0 0 0 0 0 0 0 0 0 0 0 0 0 0 0 7 0 44 0 0 19 60 0 63 0 0 15 25 86 0 0 0 0 0 0 0 0 82 0 0 91 99 71 0 75 0 0 0 70 0 9 0 33 0 0 0 0 0 0 80 0 0 0 0 0 0 0 0 0 8 0 0 0 50 47 0 0 0 0 89 0 0 0 0 0 0 15 0 0 42 0 95 0 67 0 0 65 0 0 30 0 36 0 64 0 0 99 82 0 0 0 0 32 0 63 0 0 42 0 60 0 100 0 0 0 35 0 74 4 0 0 0 0 0 5 89 50 0 0 44 0 0 42 0 0 0 0 0 0 0 0 0 61 0 0 0 90 0 11 0 0 91 0 70 66 80 0 0 41 36 0 88 80 0 0 0 0 0 0 0 0 0 0 0 53 0 7 0 52 0 44 100 0 0 0 0 0 0 0 0 0 0 0 81 32 9 0 0 0 64 0 0 0 0 0 0 0 0 0 0 0 0 26 0 73 0 0 54 0 96 0 0 0 0 54 0 0 94 0 39 65 0 93 79 0 39 68 0 0 0 0 0 0 0 0 0 0 0 0 0 0 49 0 0 31 0 41 0 0 0 39 0 0 93 0 0 0 0 0 0 77 3
0 0 82 0 62 93 0 0 0 0 0 40 0 79 0 0 0 0 86 0 0 74 0 0 3 0 29 0 77 0 0 0 0 0 0 0 0 17 0 0 0 100 0 0 9 0 0 11 13 0 0 0 0 0 2 70 0 0 0 0 0 0 34 0 0 0 0 0 0 0 31 29 29 76 0 80 0 0 66 0 0 0 0 35 0 0 0 0 81 14 86 0 25 0 0 0 45 0 78 0 0 0 0 0 0 0 0 0 0 0 64 0 0 0 97 0 15 0 0 0 0 27 0 83 0 0 68 0 0 0 85 0 0 0 0 53 0 0 0 38 0 0 0 38 0 0 22 0 0 0 0 0 0 3 0 0 0 0 0 0 84 38 11 0 61 90 0 0 2 0 0 0 0 0 0 0 0 3 0 81 0 0 0 71 0 0 0 9 66 0 19 0 0 0 0 27 0 36 0 9 0 0 0 0 0 0 0 78 0 0 0 0 0 55 0 0 0 0 0 0 76 0 0 0 0 0 0 0 0 0 0 74 0 0 0 0 57 0 0 81 0 0 0 0 79 0 0 0 90 80 0 0 0 0 0 11 66 0 0 24 0 0 46 0 0 0 0 0 0 24 0 0 0 0 0 0 0 0 14 0 19 0 0 0 0 0 0 8 0 87 0 0 0 0 0 0 0 87 0 0 0 82 23 0 0 35 0 18 34 0 71 0 0 59 63 0 0 40 0 0 0 90 0 0 0 0 0 0 100 0 6 0 0 0 0 0 15 0 0 0 0 0 56 0 68 99 0 96 0 0 98 0 0 0 0 19 0 0 0 0 0 0 0 0 0 0 0 0 80 92 0 0 45 0 0 0 0 0 79 0 0 0 0 0 87 0 0 0 0 63 0 0 0 0 41 56 0 0 0 0
0 0 0 0 0 38 0 0 0 0 0 0 0 0 66 0 0 0 0 0 66 0 0 0 0 93 55 92 0 0 0 0 0 0 0 0 88 0 0 0 0 0 0 0 0 0 0 14 0 21 0 41 99 0 13 96 0 0 27 0 0 0 50 0 0 0 0 55 0 0 0 0 9 0 52 0 0 0 0 0 0 0 0 35 17 42 95 0 0 89 0 13 0 78 0 0 86 0 36 100 0 0 0 0 0 0 48 0 0 0 0 0 0 8 0 66 0 0 0 84 30 0 0 0 45 52 0 77 0 0 0 80 0 89 36 0 0 0 0 0 0 0 0 0 36 14 0 0 48 0 0 0 0 0 0 0 0 0 26 0 0 91 50 0 0 0 19 0 0 0 0 0 82 79 42 13 0 0 0 0 0 16 0 0 0 55 98 0 0 100 8 39 0 30 0 0 0 0 2 0 54 0 17 0 0 0 0 0 51 0 0 0 0 0 0 0 0 11 0 51 0 0 0 0 8 0 0 0 67 0 58 0 19 48 0 0 0 0 0 0 0 0 0 4 0 0 84 0 0 0 47 0 0 70 9 0 0 0 0 0 0 0 80 100 0 0 85 0 26 33 0 0 0 0 79 0 0 0 0 0 0 0 7 0 0 39 0 9 0 0 0 0 26 0 0 0 0 0 0 0 0 0 29 0 0 65 0 0 0 0 0 91 0 0 95 0 0 0 45 0 3 0 0 0 0 0 5 89 0 0 0 0 0 67 0 8 0 0 0 0 0 0 0 34 80 0 0 0 0 51 0 18 53 0 0 0 71 0 0 0 0 0 47 0 0 0 0 57 0 0 0 0 26 0 0 0 0 0 38 57 0 20 0 7 0 0 0 0 53 0 0 88 0 0 0 73 96 0 0 0
0 0 1 0 0 0 17 0 72 0 29 8 0 0 0 0 0 0 88 0 0 15 0 0 0 92 63 0 0 0 0 62 0 0 0 60 0 66 0 0 0 0 0 0 58 0 0 0 0 62 0 41 0 65 0 0 75 21 12 0 0 12 0 0 0 94 39 0 0 0 33 0 0 0 0 13 0 0 0 0 0 0 71 0 0 0 0 0 0 0 0 0 0 0 43 58 0 0 0 96 0 0 0 0 0 0 64 0 4 0 0 0 98 0 77 0 0 60 0 0 0 0 0 0 0 0 0 0 0 26 0 0 0 0 0 36 0 11 0 0 87 0 0 0 0 54 0 51 0 0 0 0 0 0 0 0 24 0 0 29 0 0 0 50 84 0 0 0 0 77 0 66 0 0 0 0 0 0 81 0 0 0 0 0 0 0 0 0 0 0 41 0 0 0 77 0 9 0 0 69 0 0 0 91 0 0 0 58 0 0 89 73 0 67 46 70 0 0 18 22 0 0 57 0 0 0 18 0 0 0 0 0 0 0 0 0 0 31 85 50 0 0 39 64 0 29 0 0 89 0 0 0 96 0 20 0 39 89 0 0 0 0 0 0 0 0 67 0 0 8 0 0 0 0 0 0 0 0 33 65 56 55 99 0 98 0 0 97 0 17 0 0 61 0 62 0 25 0 0 88 0 0 2 66 0 0 0 0 0 0 0 0 72 0 0 0 0 0 0 0 0 0 73 0 0 0 0 0 0 98 0 0 0 70 0 0 0 0 0 3 0 0 0 0 0 0 0 0 0 0 87 68 0 0 0 0 0 61 74 15 0 0 18 15 0 0 0 81 0 0 0 0 56 0 0 0 0 70 0 69 0 42 0 0 0 100 0 37 38 0 4 58 0 0 0 0 0 0 0 0
0 37 0 0 0 0 0 22 78 0 0 0 0 0 0 0 0 0 0 17 0 0 0 0 0 0 92 0 53 0 0 0 0 0 0 0 78 89 19 0 0 0 0 0 79 0 0 78 83 6 0 0 0 0 0 0 26 0 0 0 84 0 0 0 0 0 73 30 0 99 81 0 60 0 0 0 92 58 0 50 0 0 0 0 0 0 0 63 59 46 0 0 0 0 0 0 0 46 0 0 0 0 28 0 8 0 0 100 0 3 0 0 0 0 0 84 46 0 0 32 0 0 78 0 94 0 0 0 0 0 0 87 0 0 78 0 0 0 0 0 0 0 0 0 46 0 0 46 0 0 0 11 0 20 0 0 0 0 0 0 0 0 0 0 0 0 0 0 0 0 0 0 0 0 32 50 17 0 3 76 45 0 0 0 0 0 74 0 0 0 67 0 0 0 0 71 0 0 55 77 0 0 0 84 16 0 0 0 0 0 0 0 0 0 0 0 0 0 0 5 0 0 0 0 0 75 0 0 0 61 0 0 0 0 0 0 74 0 0 0 0 0 0 25 0 0 0 0 0 0 0 0 0 0 0 0 34 57 0 21 0 0 0 23 23 0 0 90 0 14 0 0 69 0 0 0 31 25 18 0 0 70 0 0 0 0 0 0 83 0 56 7 0 0 0 0 0 0 0 0 20 0 0 0 65 0 0 0 0 0 0 0 0 9 61 6 0 0 0 0 0 39 0 0 0 0 28 0 0 0 0 68 47 0 75 0 0 0 0 0 0 0 0 0 0 47 0 0 0 0 0 0 51 0 0 0 0 0 0 0 31 0 0 0 0 0 0 0 29 24 0 0 0 0 0 0 0 0 0 0 0 0 43 0 0 0 0 30 0 0 0 0 43 0 0 0 15 0 0 0
0 0 0 0 60 0 0 0 0 0 12 0 0 0 0 0 0 38 0 72 32 0 0 0 0 0 0 0 0 40 72 27 93 0 0 0 0 0 13 0 0 0 0 0 0 0 78 0 40 0 0 0 0 0 0 0 24 0 0 0 0 0 0 99 0 0 0 61 0 0 0 0 0 0 0 0 0 0 15 0 0 0 0 0 0 5 0 11 19 0 0 0 0 44 38 0 0 0 0 0 0 0 0 0 0 0 0 0 84 0 0 82 0 0 81 0 0 96 0 0 0 66 0 0 0 0 21 0 0 45 35 0 20 0 0 0 0 0 59 0 0 100 0 0 0 0 0 0 0 0 0 60 0 2 79 64 0 0 25 0 12 90 0 0 0 76 0 54 0 81 0 0 91 0 0 0 0 0 0 0 0 0 0 0 0 91 0 100 55 34 17 59 0 0 0 0 0 83 0 0 65 70 97 0 0 0 0 73 0 0 0 76 0 0 0 0 92 56 0 0 0 0 62 0 73 0 0 0 0 55 37 0 0 35 0 24 0 0 48 38 89 0 0 0 0 0 0 0 0 0 0 0 78 55 0 0 0 0 56 44 0 0 0 18 0 0 0 0 0 0 0 0 0 0 93 82 0 0 51 0 0 0 0 0 83 0 0 0 0 0 0 0 0 0 0 27 0 55 80 0 0 0 0 0 0 0 0 0 0 15 0 0 0 0 0 0 0 0 4 0 0 0 81 96 50 24 0 0 0 0 0 0 76 0 0 0 0 0 0 0 0 0 0 0 0 0 0 3 73 63 0 0 0 0 86 95 0 34 32 0 0 0 0 0 0 0 0 6 0 0 0 33 0 83 0 0 0 0 0 0 0 0 0 19 37 0 0 0 0 0 99 0 0 0 0 14 0 0 32 0
0 0 0 0 0 0 0 0 0 0 0 0 0 0 0 59 0 2 0 24 0 0 0 0 0 0 38 0 0 53 0 0 0 67 0 0 40 0 0 0 0 0 0 89 0 0 68 0 0 68 23 0 0 29 0 0 37 0 0 0 0 0 0 80 0 0 8 0 0 74 0 100 78 0 0 0 0 48 0 81 71 0 0 0 0 0 0 37 0 0 0 98 0 0 68 0 0 0 0 0 0 0 54 0 43 26 0 0 0 0 0 0 0 0 0 0 77 83 0 0 0 0 53 23 76 0 0 0 0 42 0 0 0 0 0 0 0 0 0 0 65 0 8 0 0 0 0 0 0 0 0 0 0 0 0 0 0 0 57 0 0 0 83 0 61 0 0 99 0 65 0 0 47 0 0 0 0 0 25 0 0 84 0 0 48 0 0 0 0 0 0 0 0 14 41 0 18 0 0 0 73 0 60 0 0 0 0 0 0 0 0 0 0 52 0 0 0 0 24 92 0 0 0 0 0 0 0 39 0 0 12 0 0 0 0 0 0 0 0 0 0 0 57 38 14 0 0 0 0 0 87 0 0 0 99 0 9 0 0 0 0 23 64 0 91 39 0 70 14 75 0 0 68 65 0 0 0 0 0 0 0 0 0 6 0 0 0 0 9 0 0 47 0 0 0 56 0 40 85 0 0 0 0 0 0 97 0 28 0 22 0 0 0 0 0 0 95 46 0 67 0 49 0 0 0 0 45 0 0 0 26 27 0 68 0 0 0 0 0 0 0 0 0 0 0 0 0 0 0 0 0 0 0 0 94 0 0 0 0 89 0 0 0 0 10 0 0 95 37 0 0 0 34 0 0 0 0 0 0 0 69 0 55 80 0 0 0 0 0 56 95 0 70 0 76 0 0 100 0 0
0 0 0 0 0 33 0 0 0 0 0 63 0 0 0 0 0 49 0 0 0 0 0 52 0 0 0 0 0 0 0 0 37 0 0 0 0 42 0 64 0 84 0 0 18 0 48 57 0 0 92 43 0 0 0 0 0 0 61 0 0 0 0 0 76 0 88 0 0 0 67 0 28 0 0 0 19 11 0 0 0 0 0 0 0 0 76 0 0 0 0 0 0 0 0 0 0 0 0 0 0 60 55 0 0 0 0 0 0 59 0 62 2 5 0 0 0 0 0 0 0 59 36 0 0 0 0 0 0 0 42 60 0 0 0 0 0 0 0 67 0 0 0 0 52 0 0 76 0 96 0 0 0 3 0 46 61 38 0 0 78 0 36 0 66 15 0 0 0 79 56 0 0 0 0 0 0 100 0 0 65 0 5 59 0 0 0 0 0 0 64 0 0 0 0 0 92 0 0 0 25 0 43 50 9 0 0 0 100 0 0 68 0 0 31 0 0 0 0 0 0 0 0 0 19 24 0 43 0 0 0 82 0 0 9 0 54 0 0 0 0 10 0 0 0 49 0 0 0 0 0 0 0 0 0 0 0 0 0 0 0 0 0 0 0 0 45 0 68 0 0 0 0 13 0 0 0 32 0 32 0 0 0 0 64 18 0 0 0 0 89 0 0 0 0 0 33 95 0 0 0 0 0 70 0 0 0 0 0 0 0 0 45 76 62 0 0 0 82 35 0 0 0 80 0 81 49 0 0 0 0 0 0 0 0 33 27 0 0 0 0 0 0 0 0 0 89 96 0 42 0 0 65 0 0 42 0 0 0 0 22 0 0 0 0 53 0 0 0 0 0 0 0 0 0 0 93 0 0 0 19 0 0 0 18 0 0 74 0 19 59 0 0 0 99 0 0 45 0 0
0 0 0 26 0 0 0 4 38 0 0 0 0 0 0 0 0 0 0 29 18 36 79 0 0 0 0 0 30 0 0 0 5 0 0 0 11 0 0 0 0 0 0 0 0 0 92 14 30 0 0 82 0 0 0 63 0 0 100 100 0 0 36 10 8 17 0 0 0 2 0 56 0 0 0 58 0 0 0 0 7 14 0 0 0 0 0 0 0 4 0 36 0 0 0 0 53 0 0 88 75 15 0 12 99 0 0 93 0 0 0 0 0 27 60 0 0 2 0 0 0 0 0 0 0 0 6 0 0 1 12 4 0 0 0 47 0 0 0 0 0 0 0 0 0 0 0 96 0 0 0 0 21 0 0 0 19 0 0 0 0 0 0 0 0 0 0 0 0 0 0 0 69 0 54 0 0 0 0 15 0 0 0 98 0 0 41 92 0 0 0 78 84 18 0 22 0 0 0 3 77 0 0 0 0 0 0 0 0 0 0 0 0 0 0 0 18 0 0 0 0 0 0 0 0 0 0 0 0 0 0 0 0 0 0 0 0 0 0 41 0 95 0 0 0 0 0 0 0 0 34 7 0 50 0 25 0 0 0 11 0 0 0 35 0 0 33 0 0 0 76 0 0 0 7 0 0 0 0 0 27 0 0 0 0 0 0 0 0 0 0 0 95 0 65 0 0 56 31 0 0 0 0 0 0 0 19 0 0 0 0 0 0 62 0 48 26 0 22 0 0 0 0 0 0 0 0 0 0 0 0 80 0 26 0 81 0 0 0 0 0 0 65 97 0 22 0 0 0 0 3 0 0 0 0 52 0 0 0 0 0 8 18 34 0 0 0 0 0 0 0 0 0 0 0 0 0 0 0 74 0 34 0 0 0 16 0 0 77 0 0 0 0 61 0 0 94 0 0 15
0 0 11 0 76 0 0 0 0 0 0 0 0 0 0 0 0 0 0 46 0 0 0 0 0 0 0 0 88 59 10 39 50 0 0 0 0 0 0 0 0 0 0 0 0 0 0 39 42 72 87 0 0 0 0 0 0 0 0 0 34 47 0 0 31 0 0 0 0 0 0 0 0 0 99 0 69 0 58 0 0 41 66 12 0 0 0 48 0 43 0 93 0 0 0 0 0 0 0 0 0 75 27 0 0 85 0 0 0 0 0 0 0 0 47 15 0 0 89 0 0 0 0 0 0 0 0 0 0 0 0 0 0 0 0 91 0 81 0 0 48 67 0 9 59 0 59 0 0 0 0 0 66 0 0 15 0 59 0 0 0 0 0 0 0 0 0 4 0 0 0 0 0 0 90 0 14 0 0 0 0 0 0 71 0 3 0 90 0 0 0 0 74 0 0 0 0 0 0 0 0 0 73 0 0 0 0 0 37 0 0 85 33 0 15 0 0 0 0 50 0 0 0 0 0 0 0 29 0 0 0 0 80 0 0 0 0 94 0 0 0 0 91 22 0 0 0 0 0 0 0 0 0 22 0 84 86 0 0 0 34 0 0 0 0 0 71 0 0 65 0 0 0 0 0 0 46 0 0 0 48 78 0 64 0 0 0 0 0 50 75 66 0 0 86 0 0 0 0 70 0 0 0 0 0 0 0 0 0 78 0 0 0 0 0 0 0 0 0 2 0 0 0 0 0 0 0 88 0 0 0 31 0 0 0 0 0 0 0 0 0 0 0 54 0 0 0 0 92 0 0 0 0 0 0 57 0 0 0 0 0 0 0 0 0 0 0 0 38 62 0 0 0 0 0 0 0 0 12 29 0 77 27 0 5 32 0 0 58 0 0 0 0 27 56 74 0 0 39 0
0 0 21 0 0 0 0 0 0 47 0 73 0 0 0 0 0 0 0 25 0 76 79 0 0 44 0 0 0 0 0 0 0 0 0 89 0 0 12 0 0 4 0 0 0 13 0 46 80 0 94 0 0 0 0 0 0 72 0 0 87 0 24 0 0 61 0 0 0 0 0 52 0 97 34 0 0 0 0 0 0 0 0 0 0 0 10 0 0 0 90 0 60 0 0 0 0 0 0 0 0 0 0 0 0 0 0 55 0 0 0 0 0 0 0 82 63 0 0 0 57 0 40 0 0 0 0 0 0 0 0 0 61 0 0 0 22 0 0 0 0 0 92 40 60 0 0 98 79 0 0 0 40 0 0 0 0 0 0 0 83 0 0 0 0 0 32 0 60 0 0 0 0 0 0 0 33 0 19 0 0 5 0 0 82 0 0 0 0 0 0 0 0 51 0 0 0 54 0 0 0 0 0 0 2 0 0 24 0 0 0 0 18 0 0 29 0 0 0 0 87 0 0 0 44 0 0 98 55 0 55 0 19 0 68 0 0 0 0 0 78 0 76 0 0 0 84 0 66 0 0 5 0 0 0 0 0 25 0 0 94 0 0 0 0 0 34 0 0 0 0 0 0 0 0 0 0 0 0 0 0 0 0 0 18 0 52 10 0 0 0 0 92 0 0 0 3 0 0 40 0 62 0 0 0 0 0 0 0 0 56 0 0 0 0 0 0 0 45 15 0 0 48 0 0 97 0 0 0 0 52 0 0 41 21 0 0 0 9 0 0 22 0 0 99 0 66 25 0 0 0 0 0 0 0 0 0 0 0 0 0 0 0 0 0 0 73 0 0 0 0 0 0 0 54 0 0 0 0 0 0 29 52 42 0 0 0 0 0 0 0 19 0 0 0 0 88 0 7 43
0 0 0 99 0 31 64 22 0 0 0 0 0 0 0 0 0 0 0 100 0 0 0 0 0 0 0 0 0 0 71 0 0 84 0 0 13 0 0 74 0 0 0 0 0 65 65 0 0 0 0 0 0 0 0 0 0 72 0 0 0 53 0 0 0 0 0 88 0 0 0 0 0 0 52 27 0 0 0 0 0 0 0 0 0 0 0 0 0 0 47 0 0 15 51 0 0 0 0 0 0 0 0 0 0 0 0 0 37 0 0 0 0 0 0 0 23 0 0 98 91 0 80 0 23 0 0 39 0 0 0 63 88 0 0 0 0 0 0 48 67 0 0 69 0 11 89 0 0 0 35 0 0 0 0 38 0 0 0 60 0 0 0 0 0 0 0 100 0 0 0 42 9 0 0 0 0 75 0 0 81 0 0 0 0 0 76 0 0 0 0 0 0 0 100 0 0 0 0 15 0 0 0 0 0 0 89 34 0 0 0 0 0 0 0 0 0 82 0 0 0 69 20 0 97 97 0 83 0 0 0 78 0 48 84 4 49 76 0 0 0 0 0 0 0 72 0 70 0 0 0 0 17 80 59 0 0 0 0 0 0 0 0 0 0 0 0 89 12 0 63 0 0 0 0 0 0 0 0 0 0 0 19 0 0 79 52 0 0 0 0 0 0 0 0 0 0 0 0 95 0 0 0 0 0 79 0 0 0 0 0 34 36 0 79 24 0 99 0 26 0 61 0 0 0 0 0 0 0 0 0 0 0 0 0 0 0 0 0 82 0 0 0 0 0 19 0 35 0 0 0 97 0 0 0 17 11 0 0 0 0 0 0 43 0 0 0 0 0 89 0 63 56 0 0 39 0 0 0 0 23 0 0 0 0 17 0 0 80 0 53 0 0 0 0 0 56 0 98 0
0 98 0 0 99 0 0 80 0 0 96 42 0 0 0 0 0 87 0 0 0 9 0 0 0 0 0 0 0 0 0 0 0 90 0 25 0 0 0 0 0 0 0 0 0 38 4 96 16 0 0 0 0 0 17 28 0 0 7 0 0 0 0 0 0 45 0 0 82 0 52 0 57 0 0 0 0 66 0 28 0 0 0 97 40 87 0 0 40 0 10 74 20 0 0 0 0 0 0 0 0 0 0 0 0 0 0 0 0 0 0 0 0 0 0 0 0 0 38 5 0 0 0 12 0 0 0 0 0 0 7 0 61 0 0 0 0 0 0 1 0 0 0 0 0 0 0 19 0 0 80 0 0 65 61 0 20 0 0 19 0 0 0 0 0 0 0 0 0 0 0 0 2 0 0 0 0 25 0 0 55 0 0 0 0 0 0 70 0 0 0 70 0 0 67 0 11 0 0 0 0 0 0 0 93 0 0 0 0 0 0 0 0 0 77 0 0 0 0 0 0 0 0 0 0 0 0 0 0 9 0 0 46 0 0 19 0 0 34 0 0 0 16 0 87 0 0 14 7 67 97 0 0 0 0 62 0 0 7 0 0 0 0 15 10 0 0 99 0 37 0 0 61 0 0 0 0 0 0 16 0 79 78 0 0 0 0 0 85 42 34 39 0 0 0 0 0 0 0 44 0 0 0 0 48 39 0 0 0 0 0 30 0 0 0 0 34 0 30 0 0 0 0 0 0 0 93 0 6 0 0 46 0 0 0 0 0 83 0 0 0 0 0 0 0 0 0 0 12 44 0 42 95 0 0 22 0 61 0 62 0 0 0 83 80 0 0 0 0 0 0 0 0 0 0 0 0 0 0 0 0 0 0 0 0 62 0 0 0 61 0 53 50 90 0 0 0 0 29 0
60 0 4 0 0 0 0 0 0 77 0 0 0 0 0 0 0 52 0 0 60 0 0 0 20 0 0 0 0 0 0 0 0 0 0 0 0 0 0 59 0 0 0 0 0 43 0 71 0 0 0 0 0 87 0 0 0 0 0 0 0 0 0 8 0 0 0 0 0 0 0 0 0 0 0 0 0 9 0 37 0 0 34 0 0 4 0 0 0 0 0 93 40 0 0 30 0 0 0 0 0 0 0 0 90 0 0 1 0 0 0 0 0 37 0 20 5 0 67 0 58 0 0 0 0 0 0 0 0 0 0 0 0 56 0 0 0 0 0 0 0 0 0 63 0 0 0 0 0 64 0 0 0 0 0 0 0 0 0 42 0 0 0 24 0 1 0 0 0 9 0 0 0 0 0 0 0 0 66 0 65 0 0 0 0 0 0 0 0 0 63 0 0 0 0 56 0 0 0 0 0 0 34 95 77 0 0 90 0 0 0 0 11 26 0 14 0 0 0 0 0 17 61 0 0 91 0 0 36 0 0 0 0 0 0 0 56 11 0 0 0 0 0 0 0 84 0 0 0 0 23 0 0 0 0 0 0 0 0 40 33 0 14 0 14 0 0 0 0 0 0 0 0 0 0 0 0 0 0 0 0 0 0 0 0 0 0 0 83 0 0 0 0 0 0 0 0 0 0 48 0 0 84 0 0 0 0 0 61 0 38 0 0 0 0 0 0 0 72 77 0 0 0 0 89 3 0 0 0 84 0 0 0 0 0 0 1 0 0 0 0 0 0 0 0 0 69 0 24 0 30 0 0 0 0 0 0 38 49 0 0 71 0 18 0 0 0 0 0 18 0 0 0 0 0 42 0 0 72 0 0 11 0 0 0 0 0 0 13 28 0 0 4 24 0 0 0 0 0 0
92 0 0 0 0 0 0 0 0 0 0 0 0 0 0 0 0 0 0 0 0 0 0 0 0 0 0 41 0 85 0 0 0 0 50 0 0 0 0 0 0 0 52 0 0 97 0 0 90 0 0 0 0 41 0 0 85 0 16 0 0 0 0 63 0 0 0 0 0 0 0 0 0 0 0 0 57 0 1 0 0 0 0 0 0 33 4 0 0 0 0 100 0 0 0 0 0 94 0 68 74 0 86 0 71 0 0 0 33 0 0 0 0 0 0 0 0 69 0 27 38 0 0 0 0 0 55 0 0 0 90 27 0 0 0 96 0 0 0 0 0 0 0 0 0 0 0 0 0 0 0 0 0 0 23 0 51 86 0 34 23 0 0 0 0 0 0 0 0 0 0 0 54 0 0 61 0 0 0 0 0 0 0 0 91 28 0 0 0 0 0 37 0 0 0 0 0 0 0 17 0 0 0 0 0 0 0 34 0 0 22 0 0 0 0 0 0 0 0 82 0 0 0 0 0 0 0 72 45 21 0 0 0 0 0 0 86 0 73 0 0 0 0 79 0 0 71 0 0 68 0 0 0 0 0 0 0 0 0 98 0 0 0 0 35 0 0 0 0 0 0 37 76 77 0 0 0 0 0 0 0 0 42 0 0 0 80 90 0 0 0 0 66 0 93 0 73 0 0 0 52 0 31 79 0 0 0 89 0 72 0 0 0 6 0 0 0 0 0 0 0 62 0 0 0 0 0 0 57 20 0 43 0 57 0 0 0 0 0 19 0 0 0 0 71 0 0 0 0 0 0 0 0 75 33 8 96 10 0 0 0 0 0 45 73 0 0 0 0 0 0 95 0 0 2 0 0 0 0 0 0 0 0 0 0 0 50 0 0 0 0 0 0 0 57 47 0 0 4 0
89 0 0 0 0 0 0 0 0 0 0 8 0 5 0 59 0 0 0 0 0 0 0 0 0 0 0 0 0 14 0 0 0 5 25 0 0 0 0 0 0 0 0 0 0 0 65 57 0 0 0 0 0 0 0 0 99 0 0 0 0 1 79 83 0 0 26 0 0 0 0 0 0 4 0 0 97 0 0 0 0 0 0 0 0 0 0 88 0 30 0 0 0 0 0 0 0 31 0 15 0 0 65 0 0 0 0 0 0 0 0 0 0 37 0 27 0 0 0 0 30 0 0 0 0 33 0 0 0 0 93 0 0 64 0 0 11 65 53 0 0 0 0 0 0 0 19 11 0 42 0 10 41 0 0 82 0 63 1 25 0 0 46 0 0 34 0 0 0 32 76 2 0 0 99 20 0 0 47 18 12 36 0 0 0 0 0 0 0 0 0 96 0 0 10 0 0 0 0 0 0 0 0 0 0 0 0 1 0 0 0 11 0 0 0 0 71 76 0 0 68 0 0 58 0 0 0 49 0 24 0 0 0 27 5 0 0 56 0 0 0 62 0 0 0 0 3 0 0 0 0 33 0 0 0 0 0 0 0 0 0 71 49 0 0 18 0 63 69 0 0 0 0 0 0 0 0 0 0 50 63 0 0 76 0 0 60 0 67 0 0 44 0 0 0 0 60 0 31 0 0 37 0 0 0 0 23 0 14 30 0 0 0 0 0 0 0 0 0 0 0 0 0 0 0 0 0 0 0 86 0 92 0 0 0 65 0 0 0 16 0 0 41 0 0 0 70 0 0 0 0 0 0 0 12 0 0 0 93 16 0 0 0 0 0 100 0 8 0 0 0 0 26 99 0 0 0 0 0 16 0 0 0 0 0 91 91 0 68 0 0 0 0 0 0 0 0 0 0 0
0 0 0 32 0 0 89 0 0 0 0 0 0 0 0 0 0 88 0 17 0 0 0 0 0 0 0 0 0 0 0 0 0 0 0 0 64 0 0 0 0 0 96 0 8 24 0 43 0 0 0 0 4 0 61 0 0 0 0 0 0 0 0 0 0 0 0 0 0 0 0 0 0 0 0 0 0 0 97 13 17 0 0 0 0 0 83 57 0 0 0 8 0 0 40 0 0 0 0 0 0 0 16 0 0 0 0 42 0 32 0 0 0 0 54 0 0 61 0 41 0 0 95 0 42 76 0 0 0 48 0 35 0 0 0 0 0 0 0 0 72 0 0 43 0 0 0 0 0 0 0 84 0 43 0 0 20 6 0 0 81 76 0 0 0 0 0 0 0 45 0 11 0 0 0 40 0 0 98 0 0 0 0 0 9 0 87 0 30 48 0 0 0 0 0 0 0 0 0 0 0 0 0 0 0 0 0 0 0 9 0 0 0 44 0 99 97 0 0 0 77 0 0 0 0 0 0 6 90 0 0 0 0 0 0 0 0 0 0 0 0 0 0 6 0 0 0 0 0 0 0 0 0 0 0 0 0 0 0 83 0 80 0 0 0 0 53 0 0 0 0 0 0 26 41 0 0 0 0 14 0 0 93 0 0 0 0 0 0 0 74 0 0 0 32 30 0 0 0 0 39 28 0 0 0 0 14 0 0 0 0 0 0 0 0 0 90 0 0 0 0 0 0 0 0 0 0 0 0 0 18 0 0 0 0 0 0 48 0 0 0 1 0 0 0 0 60 0 0 16 0 0 45 0 0 0 57 0 0 0 0 0 0 0 0 81 0 99 0 0 0 0 0 0 43 49 3 0 0 0 0 0 64 0 0 72 0 0 0 0 0 0 0 0 0 6 0 0 0 2
0 0 43 0 0 0 0 85 0 0 0 25 0 0 0 0 0 0 0 0 54 34 0 29 0 66 0 0 0 74 0 0 43 91 0 0 0 0 0 31 0 0 0 0 0 61 0 0 0 0 71 65 0 16 58 0 0 0 0 0 0 0 0 0 0 10 0 0 0 68 85 25 31 0 0 0 0 0 0 0 0 0 0 36 4 0 0 0 0 0 0 0 0 0 0 0 0 0 24 0 0 0 61 8 0 0 72 0 0 61 0 0 40 0 88 0 0 0 0 0 98 0 0 0 0 0 5 0 0 0 0 0 0 0 0 0 8 30 66 0 0 26 0 0 47 0 61 0 24 0 0 0 0 0 0 97 0 48 0 0 9 0 0 43 0 0 0 0 0 0 0 95 0 0 0 0 0 0 0 0 64 0 0 0 0 0 0 0 21 0 31 3 0 0 0 50 42 0 0 96 0 98 0 0 0 71 0 0 7 0 65 0 0 0 0 0 0 0 15 0 33 0 0 51 0 0 0 0 0 43 0 97 0 0 0 0 73 0 0 0 5 85 0 0 0 37 0 0 0 0 0 0 0 74 0 0 0 0 0 0 0 0 0 0 13 0 0 88 0 0 57 0 0 57 0 0 90 0 6 0 62 0 0 0 77 72 0 53 0 0 19 0 0 0 0 0 0 0 0 0 0 53 0 11 0 0 80 0 0 0 0 0 0 0 0 0 0 0 7 0 0 0 0 0 0 0 0 0 0 0 33 0 60 0 0 0 94 0 0 0 19 0 0 64 0 33 0 0 40 0 0 95 0 0 0 0 0 0 0 0 95 0 0 83 0 0 0 0 0 0 0 0 89 0 0 0 0 0 0 67 0 0 0 0 0 0 0 42 0 68 66 0 0 0 98 0 0 2 0 0
53 0 0 0 0 0 0 0 0 0 0 30 0 53 97 48 0 0 0 0 24 81 0 0 0 23 0 64 77 0 0 21 0 0 0 0 0 0 0 0 0 32 0 0 73 0 24 0 14 22 25 0 0 3 0 0 0 0 0 0 28 0 0 29 0 33 0 84 34 0 0 0 36 0 0 0 0 0 0 0 0 0 0 0 6 0 0 0 0 0 67 0 57 98 0 0 0 0 0 0 0 0 0 0 0 0 13 0 0 0 4 0 0 0 0 97 0 0 0 0 0 0 0 20 0 0 55 0 0 80 0 0 35 0 0 0 0 0 0 0 58 0 0 0 0 1 71 0 0 0 0 0 0 0 0 22 42 0 0 0 0 0 0 0 62 0 66 8 0 0 0 0 41 45 0 47 0 0 35 0 89 0 31 0 0 0 0 0 0 48 78 38 0 0 0 0 25 25 7 0 68 68 0 0 0 0 19 0 0 0 0 1 0 0 0 0 32 0 0 0 81 0 0 0 0 32 0 0 0 8 0 0 0 0 0 0 0 20 46 0 0 0 0 0 0 0 0 0 0 0 73 0 0 11 16 0 0 0 0 0 0 0 0 0 2 0 0 0 0 0 0 0 60 0 0 0 0 13 40 0 0 0 92 0 0 84 0 0 0 0 95 0 96 0 18 49 0 0 0 0 0 0 0 0 0 0 0 0 0 0 0 99 0 37 60 0 45 0 0 0 0 0 0 29 0 0 0 0 78 0 0 0 0 0 0 0 0 21 0 0 0 21 0 0 0 0 0 84 0 0 0 0 38 0 0 0 0 0 0 0 0 0 0 0 0 0 0 0 0 33 0 0 89 0 88 39 69 0 38 0 0 0 0 0 60 0 0 31 94 0 0 0 35 0 0 0 33 0 0 0
72 0 98 0 95 0 0 0 0 0 0 0 57 0 15 0 0 0 0 34 0 0 0 0 0 75 0 0 0 0 30 0 31 74 0 91 0 0 0 0 0 5 0 0 36 51 0 0 0 64 0 0 0 0 0 0 0 0 0 0 0 0 0 89 0 0 0 0 0 0 0 0 0 23 58 0 0 0 0 7 0 40 65 0 0 0 31 0 0 76 0 0 0 0 0 0 0 0 0 0 0 0 84 0 94 0 61 0 0 0 0 0 0 43 0 0 0 0 97 0 0 56 0 0 0 0 0 0 11 0 0 27 0 0 0 0 0 0 32 0 0 0 44 0 0 0 45 0 0 27 0 0 10 0 0 0 0 3 0 0 0 0 0 0 0 0 0 0 0 0 64 56 0 40 0 0 0 0 0 0 0 0 77 89 36 52 0 0 0 0 0 0 0 0 0 0 0 77 0 0 34 0 0 0 6 55 0 0 13 0 0 0 0 63 0 0 0 0 0 0 0 85 0 12 0 13 0 0 0 0 0 0 0 0 0 0 59 0 0 37 0 0 0 80 77 0 88 0 51 0 0 0 0 0 0 18 0 0 0 0 0 0 0 0 0 0 0 0 0 0 83 0 40 0 0 0 45 0 0 0 0 55 38 0 0 0 0 0 0 19 0 0 8 0 60 0 0 86 0 0 11 0 0 0 99 40 75 33 63 88 0 0 14 87 0 0 0 0 0 6 0 0 13 0 0 0 32 82 0 0 0 79 0 0 0 0 0 0 0 100 0 0 0 0 0 0 0 0 0 59 93 0 0 0 0 0 0 0 0 0 6 0 0 0 50 0 0 30 26 0 80 0 40 83 0 0 0 0 0 21 0 22 0 0 23 87 0 0 0 0 0 0 0 0 0 14 84 0 0 0
0 68 97 0 0 0 59 0 33 0 10 0 4 0 21 55 0 0 84 87 49 86 0 0 10 33 0 0 86 0 0 0 78 0 0 0 0 0 0 0 0 57 0 0 0 0 0 0 0 0 0 60 0 0 10 65 0 0 0 0 20 0 0 0 0 0 0 0 0 0 10 0 0 0 0 66 29 0 0 0 0 0 0 71 0 8 0 0 0 0 0 0 0 25 0 0 0 0 0 0 96 0 0 5 0 0 22 25 0 0 91 62 0 0 0 0 0 0 0 0 56 0 0 0 99 17 0 0 52 0 4 0 0 10 0 0 0 0 0 0 0 0 10 0 0 0 0 0 54 0 35 0 0 0 0 0 0 0 0 0 35 0 0 85 0 0 0 0 0 45 0 21 33 0 0 0 3 0 97 0 0 0 0 57 0 0 0 0 1 0 0 54 0 12 0 0 0 0 0 0 0 0 79 0 0 88 0 0 0 0 91 49 0 0 33 0 0 47 39 80 0 0 88 0 45 10 0 0 0 0 0 0 0 12 0 41 0 0 0 0 0 0 0 0 0 0 53 0 0 0 53 0 70 0 0 70 0 0 0 0 88 0 0 0 0 0 0 0 0 0 0 82 0 0 0 75 0 0 71 0 0 0 0 0 0 32 0 0 0 96 0 0 0 0 0 0 72 95 0 82 89 0 0 0 0 0 0 0 0 0 0 0 56 0 0 0 0 71 0 82 0 0 82 9 57 0 0 22 32 0 3 0 0 0 0 0 36 0 8 35 0 0 0 0 88 0 0 0 0 0 0 0 0 0 20 0 0 0 0 0 62 0 0 0 0 0 55 0 0 76 0 0 42 0 0 0 25 0 15 0 0 65 0 0 0 0 78 0 0 0 0 0 0 0 0 0 0 0 44 0
59 0 0 0 0 0 45 70 0 0 0 0 47 0 85 37 0 32 53 91 0 82 0 0 0 50 0 60 0 48 0 0 0 5 17 0 0 0 89 0 0 27 0 66 0 0 0 61 0 0 0 72 0 0 65 0 64 29 0 0 0 0 0 9 92 0 0 66 0 27 81 0 0 0 0 0 0 0 0 0 0 0 0 0 0 35 14 0 21 0 0 89 5 0 0 0 0 0 0 0 0 0 0 0 0 3 0 0 0 0 67 13 0 0 0 0 2 0 0 75 0 0 0 0 0 0 0 0 0 0 0 10 0 0 0 9 0 0 0 57 0 0 0 0 0 0 0 0 0 0 0 0 91 0 0 0 71 0 64 0 0 0 0 0 0 95 0 0 0 0 0 0 0 60 0 0 0 81 0 0 0 0 85 0 0 0 0 0 52 0 0 0 0 0 67 73 11 83 0 41 0 0 0 0 0 0 0 29 0 0 90 71 0 48 100 0 0 31 0 0 44 0 0 4 0 0 0 65 0 72 0 0 0 0 0 0 0 0 0 0 45 0 0 96 0 0 19 0 63 85 0 0 0 79 0 0 0 84 99 0 100 0 0 0 0 0 0 6 0 1 0 0 81 0 0 26 0 0 42 0 29 0 0 0 0 0 72 0 0 0 0 0 13 0 0 0 0 0 97 0 0 27 0 0 58 0 0 0 53 91 0 91 55 0 42 0 0 0 0 0 0 0 32 0 33 19 0 34 0 77 25 15 0 99 0 0 20 0 0 0 91 37 0 0 0 0 0 69 0 0 0 0 0 0 0 0 0 0 0 0 0 0 39 0 0 26 0 0 0 0 95 79 0 0 0 0 0 22 50 0 0 0 0 0 0 0 0 0 0 0 0 0 87 0 72 0 0 0 70 0
0 23 0 0 0 0 0 0 7 44 78 84 0 0 0 0 30 0 0 0 0 0 36 0 0 80 0 100 94 67 0 0 0 90 0 0 0 86 0 0 0 0 26 0 0 0 0 30 56 0 0 79 0 77 19 71 6 68 8 76 35 0 63 0 71 1 24 0 0 0 89 0 78 0 0 43 42 0 67 0 0 0 19 87 0 0 0 0 0 0 0 0 0 58 0 0 0 0 0 0 85 0 0 0 0 62 28 0 0 16 0 78 0 0 0 37 0 0 0 0 97 83 0 0 0 11 0 34 0 0 8 74 0 0 66 0 0 87 0 0 0 0 0 0 0 0 45 0 0 0 0 0 0 0 17 94 76 0 44 0 0 82 33 86 0 0 0 94 0 0 79 0 14 0 56 0 100 0 0 0 15 21 0 0 0 61 0 0 0 0 17 0 0 0 0 0 67 0 0 0 0 0 0 0 90 0 0 84 0 0 0 10 0 56 73 0 0 0 65 0 0 0 34 0 0 0 0 0 0 0 34 0 1 0 0 0 59 0 0 52 0 0 0 0 18 0 75 0 0 0 0 76 0 0 60 0 0 0 65 19 0 0 0 0 84 0 50 0 30 0 0 0 0 1 0 97 0 0 0 0 0 31 0 0 0 0 0 0 11 42 0 88 0 33 0 0 0 0 0 0 0 0 0 0 62 0 0 0 0 0 0 0 69 0 35 0 0 0 0 0 0 24 12 0 60 0 0 58 0 0 0 0 0 0 95 0 0 0 0 0 0 0 52 25 0 0 0 0 0 0 0 98 0 0 0 0 0 0 0 81 0 0 0 6 0 0 0 1 0 0 0 0 81 12 0 0 0 0 0 83 0 0 60 0 0 0 0 0 89 0 30 36 0 0 50 0 45 21 0 17
0 70 0 87 0 43 0 0 71 0 0 0 0 0 81 0 0 0 0 0 61 0 0 41 2 0 0 24 0 0 0 90 87 0 0 0 0 0 0 0 43 0 0 0 0 0 0 0 0 0 0 0 29 0 0 0 80 0 36 0 0 0 0 0 0 0 0 0 0 0 0 14 0 0 0 52 0 45 0 31 0 0 76 0 0 0 0 0 12 0 0 0 41 87 0 73 0 0 53 0 0 0 36 0 0 92 0 0 0 0 0 0 8 0 55 0 0 0 0 0 0 80 0 55 0 0 0 0 0 0 0 0 0 0 0 0 0 38 0 0 93 0 0 0 0 34 0 0 0 44 0 60 51 0 12 0 0 24 77 27 0 0 0 0 73 0 0 29 0 25 1 0 0 0 87 0 0 0 0 23 0 0 0 0 0 66 0 0 0 0 43 34 97 94 0 0 0 0 61 71 53 34 0 0 31 0 35 0 0 80 0 0 0 0 0 0 82 0 0 0 6 0 0 0 0 0 0 0 0 0 0 0 63 0 0 0 0 0 0 0 81 0 10 0 0 34 0 56 0 36 0 0 0 0 86 0 62 3 0 0 0 45 0 0 0 4 0 0 0 0 0 0 0 0 0 0 0 0 0 0 0 0 0 0 38 0 0 0 0 0 50 0 88 0 0 0 0 0 42 56 0 18 0 84 0 0 0 0 0 0 0 0 14 0 12 0 0 0 0 0 0 75 0 59 0 0 0 10 99 0 85 0 0 0 0 71 0 77 84 0 0 0 21 0 0 79 61 29 68 67 0 0 0 0 36 87 99 96 0 0 0 0 0 0 0 0 0 50 0 24 0 0 0 0 0 0 0 0 0 0 0 76 0 0 89 0 0 0 0 32 0 0 0 0 58 0 33 48 0 0
0 0 0 0 0 0 0 0 56 64 0 0 0 0 0 0 0 0 0 16 4 77 0 0 96 13 0 0 0 0 0 68 0 0 25 0 8 0 0 0 0 0 0 25 0 0 0 0 0 0 0 0 0 0 0 0 0 0 0 0 0 0 0 0 0 0 0 0 10 0 0 95 0 53 0 0 64 62 0 0 0 0 0 0 0 0 0 40 0 0 0 49 0 93 54 0 0 0 0 0 33 8 0 0 0 16 0 0 0 79 0 0 0 0 0 0 5 0 15 52 34 0 0 73 0 57 81 0 0 0 0 0 35 0 0 0 0 0 0 0 57 0 0 0 0 0 0 0 0 33 0 0 0 0 0 59 0 100 0 0 0 0 0 0 0 0 70 0 50 0 0 0 0 29 0 0 43 0 0 96 0 0 0 8 61 0 0 0 0 0 0 0 0 0 0 9 0 0 3 90 0 0 0 0 0 0 0 0 0 31 42 0 24 0 0 92 0 0 33 0 0 0 0 0 0 78 0 0 0 58 0 0 45 0 0 0 0 30 28 36 0 78 60 76 0 55 0 0 0 0 0 0 0 58 3 0 0 0 0 0 65 0 0 93 0 0 37 0 0 0 0 0 0 0 0 3 0 0 0 36 0 0 0 0 0 0 28 0 0 0 0 86 26 0 72 11 0 0 0 0 0 61 0 0 0 70 0 35 0 0 0 0 81 0 0 0 0 0 0 4 0 94 0 47 0 12 34 0 0 0 0 15 16 0 0 0 97 0 0 92 35 0 0 68 0 0 0 0 0 0 15 0 0 91 0 0 0 0 71 0 0 85 0 0 0 0 0 0 0 0 0 38 0 0 0 31 79 25 0 0 0 0 0 0 98 0 0 0 0 0 0 0 0 0 0 0 94 70 0 46
0 0 0 0 6 0 16 0 0 0 0 0 0 0 0 0 81 0 0 0 17 0 99 0 0 0 0 0 0 38 0 0 0 0 26 73 0 0 0 0 4 0 0 0 0 0 31 0 0 0 0 33 28 0 0 0 68 0 67 0 0 0 0 37 71 0 0 82 0 0 0 29 0 58 0 0 0 17 22 34 0 0 0 0 0 0 0 56 100 0 0 0 0 0 0 0 0 23 0 0 0 0 0 0 0 0 0 71 86 0 0 0 5 0 0 0 0 76 53 58 0 0 0 0 0 0 14 65 0 0 70 0 0 1 0 74 0 0 0 0 0 0 90 39 0 86 0 0 0 34 93 0 0 0 0 0 0 0 0 0 0 0 0 0 0 0 0 0 0 0 0 0 0 0 35 0 0 24 0 15 0 1 0 0 0 0 0 0 0 0 50 0 0 0 43 0 5 0 0 0 89 0 0 48 42 17 0 0 0 0 0 0 0 0 0 99 33 0 0 0 92 0 0 0 85 10 0 71 0 0 0 85 0 88 27 0 0 0 0 0 0 0 59 0 0 49 20 0 14 0 0 0 0 52 36 0 0 0 0 0 0 0 0 0 0 0 0 70 0 0 0 0 45 0 0 0 0 0 83 0 0 0 0 0 0 93 0 0 0 0 0 0 0 0 0 0 0 65 0 0 0 47 0 16 0 0 0 0 0 0 0 0 0 0 0 0 56 0 56 0 0 0 0 0 0 0 3 30 0 68 0 0 0 0 0 38 79 0 0 0 0 0 0 0 0 37 0 0 0 0 0 58 93 0 97 47 0 14 0 0 93 0 0 0 0 55 0 0 0 0 0 0 0 0 0 0 0 18 11 0 62 0 0 0 22 0 0 59 99 0 0 0 22 25 4 0 0 0 68 26
0 0 0 0 8 0 0 0 0 0 0 0 62 0 0 13 65 74 68 0 0 89 0 0 0 71 0 96 0 59 0 0 0 47 0 0 0 0 0 0 0 0 0 0 0 0 0 15 0 0 14 0 68 77 0 0 0 0 12 0 0 0 0 46 0 0 0 0 0 0 0 0 0 85 0 0 0 0 0 0 0 0 90 0 0 0 0 0 0 0 0 0 0 0 91 21 0 0 0 0 0 0 0 0 0 0 40 0 0 0 33 0 0 0 2 72 37 0 0 1 71 0 0 76 5 0 11 0 0 0 93 0 1 0 0 26 0 0 52 0 0 0 0 45 0 94 0 97 34 17 0 0 0 0 0 0 0 0 1 0 44 89 0 89 0 0 84 0 0 90 0 88 0 0 0 0 0 0 0 0 22 49 0 0 99 43 4 69 0 0 19 0 53 0 67 0 59 97 0 0 0 0 0 0 0 0 0 0 0 0 19 0 0 0 0 0 0 0 0 0 0 1 25 0 0 0 0 50 0 5 77 0 0 0 0 41 0 0 92 0 79 0 0 0 0 0 0 0 0 99 0 0 0 0 0 13 0 0 52 0 94 0 0 0 0 0 0 18 54 0 19 18 0 28 0 86 0 0 0 0 0 67 0 0 41 18 0 0 0 0 44 0 57 0 0 0 0 0 61 0 80 0 0 0 0 0 0 83 0 0 16 76 55 0 0 0 0 48 0 0 0 0 57 0 0 0 0 0 0 0 16 0 0 0 0 7 0 0 0 0 0 0 0 0 0 0 0 92 0 0 0 0 74 1 0 0 0 0 75 84 0 0 0 0 0 0 0 70 0 0 0 0 5 0 0 0 0 0 9 0 0 0 15 47 0 0 67 0 0 98 0 0 0 0 40 0 24 0 0 0
0 0 6 0 31 51 0 0 0 0 45 77 40 0 0 53 97 0 0 28 0 0 0 31 0 0 0 0 0 0 0 96 0 0 0 34 0 0 0 0 0 0 0 0 0 0 92 0 0 0 0 67 84 0 0 35 0 0 0 14 44 0 52 1 0 0 0 0 95 0 0 0 0 0 0 0 0 0 89 100 0 0 0 0 0 0 50 39 0 91 0 0 0 0 80 62 0 79 0 0 2 62 3 0 0 0 0 0 0 0 38 75 0 0 0 0 0 0 0 0 7 0 0 0 7 97 0 0 0 0 0 0 0 0 0 0 0 0 0 0 0 0 0 74 0 0 0 0 0 9 0 0 12 0 0 61 21 0 0 83 64 0 29 0 0 10 0 0 0 30 8 0 0 0 0 0 0 38 93 44 50 4 0 0 0 0 0 0 0 0 0 0 73 0 0 0 0 0 0 52 98 0 0 0 0 0 0 0 0 87 0 0 0 0 61 0 0 0 8 67 0 0 0 0 0 0 0 0 0 2 0 0 0 59 39 36 0 0 0 0 0 0 80 26 0 0 18 0 0 15 0 0 0 84 0 0 5 0 0 0 0 0 0 0 0 0 90 0 0 0 0 0 0 0 0 0 0 0 0 0 0 2 0 0 0 0 0 0 54 0 0 0 57 44 11 0 0 0 0 33 0 0 0 0 0 0 0 67 0 0 0 63 0 0 0 0 0 0 0 0 0 0 54 0 0 95 100 61 0 0 31 0 0 0 0 59 38 0 0 0 0 0 62 0 0 95 0 0 0 0 0 35 32 0 0 0 0 0 33 0 0 0 0 0 13 0 0 0 50 0 0 0 47 0 0 0 0 0 38 0 0 0 0 0 0 0 88 19 6 0 0 0 0 0 0 0 0 0 0 0
0 0 0 0 55 85 0 0 61 0 0 0 0 0 90 0 0 8 0 0 30 0 0 0 0 33 0 0 0 0 0 0 0 0 95 82 0 28 0 0 0 0 86 47 23 0 0 0 0 0 37 8 0 0 0 0 0 0 0 0 0 0 1 28 53 0 0 0 15 0 35 0 0 0 0 0 48 0 0 0 0 64 0 27 90 0 0 36 0 62 0 0 0 97 0 0 0 6 0 0 0 0 0 0 0 0 0 0 0 0 0 0 0 0 3 0 0 0 8 0 0 32 9 0 0 0 0 68 0 0 0 0 0 0 30 55 14 37 0 0 0 0 0 0 0 0 1 87 0 0 0 0 29 0 88 0 0 0 70 66 19 0 0 0 32 24 42 26 0 0 0 0 0 28 0 0 83 0 0 0 0 0 0 0 71 45 0 0 0 0 0 0 0 0 0 0 0 0 0 0 0 0 0 0 0 0 0 0 49 0 0 0 0 66 75 21 77 0 0 0 0 0 77 8 0 0 0 0 0 0 0 0 0 0 0 0 0 0 63 50 0 0 94 0 0 0 0 0 0 0 20 0 0 0 0 0 0 34 0 51 0 0 0 0 92 0 0 0 0 0 0 0 0 31 66 0 0 0 0 0 0 0 39 13 0 25 0 5 7 0 0 0 0 0 0 0 0 88 0 0 0 0 0 0 0 0 58 0 89 0 0 0 0 0 0 0 0 0 0 0 7 70 0 0 0 0 21 0 0 0 0 0 0 0 46 53 52 0 74 0 0 13 0 0 0 46 0 2 44 1 0 0 0 0 97 0 0 0 0 69 0 0 0 0 28 0 0 83 71 0 15 74 0 0 0 16 25 0 52 0 0 25 0 0 0 98 0 0 39 0 0 0 20 0 0 6 0 0 0 0
0 0 0 0 0 0 0 0 48 0 0 0 0 0 47 0 0 0 0 0 59 28 0 0 0 0 0 53 0 29 89 0 0 0 0 56 0 0 71 74 0 35 0 0 0 0 0 0 33 0 0 0 0 0 0 0 0 0 0 0 0 72 0 0 0 38 0 0 0 0 0 74 0 0 54 0 61 0 0 0 0 0 0 0 0 0 0 0 0 0 0 0 8 0 0 0 0 0 0 0 80 0 0 0 0 0 95 0 0 0 59 0 0 0 0 0 10 58 0 56 0 3 0 0 0 64 0 0 0 0 0 0 86 0 89 0 0 0 0 38 0 0 0 0 0 0 0 50 6 0 0 0 0 0 0 0 92 99 8 0 0 0 0 0 0 0 87 0 0 16 97 0 0 0 0 0 0 0 98 0 0 48 0 0 0 0 0 97 0 53 0 0 0 61 77 0 0 17 0 0 7 0 0 54 0 0 0 0 0 0 0 0 0 0 0 0 90 0 0 0 0 36 0 0 0 0 89 0 0 0 0 0 0 10 0 0 0 0 0 0 0 0 0 0 88 0 0 88 0 85 75 0 0 0 0 0 0 0 0 0 0 0 0 0 0 0 0 51 0 0 99 0 52 0 0 72 0 14 49 0 12 0 0 0 0 0 0 0 0 0 0 0 74 0 0 0 0 0 0 32 94 0 0 0 0 0 0 0 66 0 91 68 0 0 0 0 0 0 0 0 97 0 92 0 10 0 0 0 0 0 0 0 0 0 0 0 0 0 0 0 0 0 0 0 0 0 0 0 0 0 0 0 11 0 0 0 0 0 91 0 0 48 48 72 0 0 0 0 0 0 0 0 0 0 66 0 0 50 0 0 0 29 91 84 98 65 0 0 0 58 0 0 0 43 0 30 14 48 0 0
49 0 0 0 0 0 7 0 0 0 34 0 0 52 99 0 0 49 0 0 87 0 0 99 0 0 0 1 0 10 0 0 0 0 12 0 0 0 84 0 0 0 0 58 0 0 0 0 0 0 59 0 0 0 0 0 0 7 82 54 0 0 0 0 0 0 0 12 29 78 0 0 0 0 0 4 0 66 0 50 52 0 0 0 0 0 41 3 43 0 0 0 0 0 0 0 0 0 0 0 93 0 0 0 0 80 43 49 77 0 0 83 71 0 55 31 0 0 84 0 43 0 0 0 0 0 79 0 0 0 0 0 0 0 0 0 0 97 0 0 0 71 0 0 0 0 0 0 67 0 57 0 0 0 0 0 0 0 95 0 90 0 0 41 0 73 0 27 67 41 0 100 0 0 0 0 65 0 0 0 0 0 47 24 30 0 39 0 24 0 62 0 0 10 0 0 46 97 51 0 10 43 0 0 0 0 0 4 0 0 0 0 0 0 0 0 0 0 50 0 0 23 0 0 0 61 39 95 0 0 0 0 0 0 0 0 62 0 0 0 37 0 0 11 0 0 0 0 0 0 0 88 0 0 0 0 88 0 0 0 0 0 97 0 0 0 0 0 56 57 60 0 0 0 2 0 0 0 53 0 0 0 0 0 0 0 93 0 0 0 0 0 0 0 0 0 72 0 0 0 0 1 46 0 0 0 0 0 83 0 0 0 0 0 0 21 0 0 0 2 0 0 0 0 0 0 0 0 89 0 44 0 0 0 54 0 0 0 80 0 0 0 50 50 33 0 0 0 0 60 0 0 0 0 0 0 0 15 0 68 0 94 0 0 0 0 0 0 0 14 99 0 0 73 0 0 95 34 0 0 0 34 0 0 90 0 0 0 0 0 0 0 91 0 0 0 0 0 0 0
0 0 0 47 0 0 0 0 41 0 64 0 0 0 0 0 0 0 0 92 0 0 0 0 0 11 0 9 88 0 41 92 0 0 0 0 0 0 0 0 0 0 0 0 0 0 73 0 0 0 0 0 0 0 0 44 37 96 0 0 0 0 0 0 0 0 0 0 0 0 0 0 83 0 0 0 0 0 93 0 0 0 0 11 14 84 0 0 0 0 14 0 0 0 0 0 0 0 0 2 0 39 30 0 0 0 0 0 0 0 30 0 39 0 0 0 0 0 0 0 0 0 0 0 0 0 0 0 37 92 0 49 0 0 0 56 22 0 0 0 0 0 0 0 0 51 0 0 98 0 32 0 53 0 0 3 0 0 0 56 0 39 0 0 0 0 78 0 0 0 2 0 0 0 0 0 0 0 71 0 2 0 0 0 0 0 0 0 81 0 44 0 0 41 3 0 0 48 0 0 0 0 41 0 73 97 70 7 0 0 0 0 0 0 0 0 0 0 0 33 0 0 38 0 0 0 0 19 0 0 87 0 0 0 51 0 0 0 0 0 10 0 0 0 0 0 0 13 8 0 0 0 84 0 0 0 22 0 59 19 0 64 97 0 0 0 0 66 0 14 0 95 47 0 0 0 94 0 0 0 0 0 0 75 0 0 0 0 22 24 0 0 0 0 0 0 40 0 0 0 0 0 0 50 0 0 0 0 0 33 0 0 0 32 0 0 71 44 0 0 35 0 0 80 0 0 0 0 22 0 0 31 0 19 0 0 0 52 0 0 0 0 0 17 0 0 0 0 0 0 16 0 0 0 0 63 81 0 0 12 0 0 0 0 11 0 31 0 0 0 0 0 0 0 0 0 0 83 60 0 0 0 34 63 0 0 0 0 0 0 0 0 67 0 0 0 0 0 18 0
0 22 29 0 0 0 89 0 49 0 0 0 0 0 96 0 0 0 0 0 0 0 0 32 0 0 0 0 40 0 0 0 0 0 47 0 0 0 0 0 68 0 0 0 0 0 41 99 6 0 0 0 0 0 0 0 0 0 31 0 0 0 65 92 0 0 0 0 0 59 0 37 47 0 0 0 100 0 0 0 0 0 0 0 30 0 0 0 0 0 0 0 0 0 0 46 0 12 10 0 0 0 80 0 0 0 0 0 0 0 73 0 0 0 0 0 20 69 0 0 0 0 0 0 0 0 0 0 93 0 0 0 0 38 0 0 0 0 0 0 0 0 0 60 0 0 78 0 0 58 0 0 0 0 13 0 0 0 94 0 79 0 39 0 0 0 0 100 14 0 0 0 0 0 50 45 0 3 0 0 100 0 21 0 0 0 0 0 0 0 0 91 17 0 0 6 0 0 0 0 0 57 80 65 0 0 0 0 0 0 15 85 0 14 0 72 85 0 0 0 0 16 10 0 0 86 32 25 0 0 0 60 0 34 0 0 97 0 26 7 0 0 12 0 48 0 0 0 16 95 0 61 0 0 0 0 0 48 0 0 0 0 48 61 29 0 0 66 0 90 0 0 0 0 29 0 0 54 0 0 0 0 0 40 0 48 0 0 15 0 0 58 0 0 85 0 0 0 0 0 8 0 0 0 0 0 0 0 0 0 0 0 0 0 67 0 0 0 0 0 0 0 0 0 0 90 68 0 72 64 0 83 0 0 57 0 0 0 0 51 0 0 56 0 0 0 0 0 64 29 0 0 0 0 0 0 0 0 0 56 0 0 0 55 59 63 0 0 0 13 0 0 0 0 0 0 0 0 0 0 0 0 78 86 0 0 0 0 0 0 0 0 0 0 0 0 0 0 0 0
3 0 5 0 0 0 0 0 0 0 82 0 0 0 0 0 0 81 0 0 0 22 0 0 0 0 0 50 0 32 39 50 0 0 0 72 0 0 54 0 0 0 0 0 37 0 0 0 0 58 0 0 0 0 0 0 0 0 0 0 0 23 0 84 47 0 0 0 30 51 0 0 0 37 0 7 31 0 0 0 63 0 0 0 0 0 65 0 0 0 0 0 0 0 97 27 0 0 0 0 0 0 0 0 0 0 6 39 0 0 82 0 0 24 0 0 0 0 0 0 0 0 46 0 0 1 0 17 0 87 12 77 27 0 0 0 0 0 12 50 0 83 0 24 0 0 0 0 0 0 0 3 0 0 0 0 0 0 0 0 0 17 0 0 29 0 0 0 58 0 0 22 0 0 0 0 0 0 0 0 65 0 38 0 0 0 0 0 19 0 0 0 0 18 0 50 0 0 0 0 0 0 0 0 6 0 0 0 0 0 0 0 0 0 53 0 0 0 0 0 0 0 0 100 0 64 0 0 0 37 56 18 0 0 0 0 0 0 43 78 0 0 0 0 52 0 66 99 0 94 0 0 0 0 100 0 0 0 34 84 0 61 0 77 17 0 0 0 27 0 0 0 0 0 0 0 62 65 0 0 0 0 0 0 0 0 0 0 34 0 0 0 0 73 0 0 0 0 0 0 0 0 0 0 0 50 0 65 0 0 100 31 0 43 0 0 20 0 0 0 17 54 0 0 0 0 0 47 0 72 9 0 96 0 0 92 0 89 73 0 0 0 45 0 0 0 0 0 0 0 10 0 0 26 0 0 0 0 0 0 0 0 0 0 84 0 0 0 0 0 91 0 0 13 0 43 51 0 0 24 0 47 0 61 51 0 0 0 0 64 0 0 15 0 0 25 0 7 0 0
0 0 0 0 0 0 0 0 62 0 0 0 0 0 76 0 0 0 0 0 0 38 0 0 0 0 86 90 0 33 0 30 0 0 0 0 41 6 0 0 0 0 0 0 0 0 0 0 0 0 13 0 0 0 0 0 0 0 0 0 7 0 0 0 0 0 0 0 0 0 0 0 0 0 0 28 2 0 35 0 0 0 0 0 0 0 0 0 0 69 0 0 0 0 28 0 0 73 26 0 0 0 0 0 0 0 0 0 34 27 0 0 38 0 42 0 0 0 0 0 0 78 0 49 0 0 0 0 0 0 0 0 0 0 0 0 0 41 0 0 0 0 0 0 0 0 0 0 0 0 17 94 0 0 0 0 0 0 0 0 0 0 0 18 0 62 60 0 16 0 0 0 0 0 0 0 0 0 0 0 41 0 0 0 0 96 50 0 0 0 0 0 0 0 60 0 0 0 0 0 0 46 0 66 0 0 0 0 67 11 82 98 46 0 0 0 0 0 0 0 0 0 0 0 0 0 0 0 0 0 17 0 61 0 0 0 53 0 0 63 0 0 0 0 80 0 0 0 0 0 96 0 0 0 0 0 0 0 72 99 0 84 0 0 0 0 0 37 32 19 0 0 0 0 41 0 0 0 0 0 0 0 0 0 0 0 0 0 0 0 22 70 0 0 74 0 0 0 0 0 95 62 0 0 0 79 0 0 0 78 63 0 0 0 0 56 0 0 0 0 0 0 0 3 0 0 0 0 0 78 88 0 0 0 0 6 0 15 0 0 0 4 0 0 0 0 0 72 0 1 0 0 0 98 0 0 32 0 0 0 0 0 0 0 0 0 0 0 0 0 0 0 0 0 0 0 0 0 53 0 0 83 68 19 27 0 0 0 21 91 0 0 0 0 72 0 0 56 0 13
80 0 0 0 0 0 0 0 0 0 0 0 0 0 0 0 0 0 0 0 0 0 0 18 0 0 71 0 0 8 0 0 0 0 0 0 0 0 0 0 10 21 10 0 0 0 0 0 0 0 0 0 0 0 0 0 89 0 0 0 0 0 99 61 0 0 0 21 71 7 90 0 0 0 0 0 0 0 0 65 0 94 0 0 0 0 0 0 94 0 0 0 0 0 30 71 0 84 0 52 0 0 0 24 0 0 0 0 0 90 75 0 9 0 0 0 0 0 0 0 0 0 83 0 0 0 0 0 0 0 0 0 0 0 0 69 0 0 0 0 74 0 30 0 0 0 19 29 0 0 0 0 51 0 0 0 0 74 0 17 0 0 0 0 0 28 0 0 26 0 17 0 39 0 0 0 0 0 29 0 0 0 0 0 0 0 0 58 0 48 66 33 77 0 0 37 0 0 0 0 0 0 0 0 0 0 0 0 0 0 34 0 0 21 0 0 0 0 97 0 0 0 0 79 66 0 0 0 99 0 0 0 0 0 30 0 0 88 0 0 0 0 0 68 0 0 0 0 0 0 0 0 0 0 53 0 80 67 0 0 0 0 0 0 0 0 0 0 0 52 0 0 20 0 0 0 0 0 0 0 0 0 0 0 0 0 0 19 0 0 0 4 0 0 0 0 66 70 0 0 86 0 0 0 0 0 0 19 0 0 0 0 0 0 0 0 0 0 0 0 0 0 0 22 73 0 77 0 0 0 0 0 0 0 0 0 92 0 0 0 0 0 59 0 0 0 0 0 0 90 0 0 0 0 0 0 14 0 0 0 0 0 0 0 0 0 0 0 0 53 65 73 0 0 0 0 0 38 0 0 0 0 98 0 0 0 0 0 0 0 17 0 0 65 38 0 29 32 0 76
27 0 0 0 0 0 0 32 0 0 0 0 0 0 0 0 0 0 79 0 0 0 28 0 0 0 0 0 0 0 6 41 0 0 0 0 0 0 0 22 0 0 83 0 1 58 0 0 0 0 0 0 0 0 0 0 0 8 0 5 0 0 0 0 0 0 0 0 0 0 0 24 0 76 0 0 74 0 51 0 0 11 0 0 0 0 0 68 0 0 93 0 0 0 52 0 82 0 0 92 0 15 0 0 69 65 10 49 0 0 0 0 0 0 0 0 0 0 62 0 0 0 0 0 0 46 62 0 53 0 0 0 99 0 0 0 0 0 0 0 24 0 0 60 0 0 0 0 78 0 0 0 37 0 86 0 0 0 8 0 66 0 0 0 74 0 0 0 0 0 65 0 45 0 0 0 0 0 0 0 0 96 0 6 0 0 0 0 0 0 0 0 0 0 1 0 0 0 0 0 0 13 0 0 0 0 16 10 0 0 53 0 0 0 0 0 0 0 0 0 0 0 0 0 39 71 0 86 0 0 0 59 0 0 0 0 0 0 0 0 0 0 0 0 0 0 0 74 82 0 0 22 13 0 0 0 0 79 0 0 0 0 0 0 0 0 13 0 0 90 0 0 0 0 28 0 0 0 0 58 82 0 75 97 45 0 0 34 0 2 100 0 0 0 49 47 30 0 0 0 0 0 18 0 0 0 0 0 0 0 0 53 0 0 52 67 17 0 0 0 0 0 0 0 0 90 0 0 75 70 1 0 0 0 0 0 0 0 0 0 0 0 0 43 0 27 0 0 0 0 0 0 0 0 0 30 0 0 30 0 0 44 0 0 0 0 0 42 14 25 0 0 0 0 0 0 8 28 0 0 0 0 0 17 0 0 0 0 0 0 0 0 0 75 0 0 0 0 0 0
0 0 0 0 0 38 0 0 0 0 5 32 0 0 0 0 47 0 0 75 0 0 0 0 0 0 0 0 9 0 0 0 0 12 0 0 78 0 0 0 0 29 0 87 0 0 0 0 0 0 14 0 76 0 97 0 0 2 0 61 0 0 0 0 53 0 58 0 11 0 0 0 0 0 32 0 0 0 0 10 0 0 0 0 4 0 75 0 37 0 0 0 97 54 0 2 0 0 89 19 0 0 0 0 0 0 0 0 84 0 0 0 0 0 0 0 0 0 0 17 77 0 0 40 0 30 0 0 0 0 0 0 0 0 0 0 0 0 0 0 0 11 0 94 0 0 0 0 0 0 0 0 0 0 0 0 0 68 93 0 0 0 0 0 88 0 0 89 0 38 29 0 0 0 0 28 83 56 0 84 0 0 0 0 0 0 20 95 0 35 0 0 42 0 0 0 0 0 0 0 30 88 0 0 68 0 0 0 4 0 0 0 43 0 18 0 0 0 0 24 8 0 0 0 0 0 28 0 0 26 36 0 99 20 7 0 0 90 45 0 0 0 0 14 0 0 0 0 0 37 0 98 0 0 0 0 0 0 0 0 0 27 9 12 0 0 0 0 33 0 0 0 0 0 0 0 0 0 0 0 31 0 0 0 0 0 0 0 43 81 0 0 0 0 0 0 0 26 85 0 0 5 90 30 0 0 0 0 0 0 0 0 0 0 0 0 0 0 0 0 21 0 0 0 0 0 0 0 0 0 0 0 0 0 87 49 0 0 0 0 0 0 0 0 0 46 21 69 0 0 0 74 0 0 0 0 0 89 0 0 0 0 8 0 4 0 0 0 68 0 0 0 0 0 0 0 0 0 0 26 0 0 0 0 26 0 0 0 0 0 92 0 50 0 0 0 0 0 0 0
45 0 0 48 0 6 0 0 0 0 0 0 0 0 0 0 0 0 0 57 0 0 0 78 0 0 0 0 61 0 0 0 0 0 0 98 0 0 0 0 0 10 0 0 76 0 0 0 0 0 97 0 24 38 0 98 22 0 72 0 0 0 0 0 0 0 28 0 0 0 0 97 29 0 53 0 95 0 0 0 0 12 0 43 0 46 0 0 68 5 0 0 0 0 0 0 0 0 0 0 0 0 0 0 87 97 88 0 0 0 0 96 0 0 0 62 0 59 34 0 0 0 0 0 72 0 4 0 0 24 0 0 0 0 0 0 0 0 0 74 99 0 0 0 69 0 48 0 0 39 0 0 0 94 0 0 67 0 90 0 0 0 0 3 0 88 2 58 0 0 0 0 0 0 0 0 33 0 81 0 0 0 0 9 0 0 0 25 0 45 0 0 0 0 0 0 0 0 0 0 0 0 0 0 37 0 0 0 0 0 0 0 0 0 0 0 0 0 0 0 0 0 62 0 0 0 79 87 0 0 43 0 80 0 0 0 0 0 0 0 0 0 0 0 0 0 79 0 24 0 0 0 0 93 0 0 89 0 83 12 0 0 66 0 0 31 4 0 10 0 0 0 0 0 14 0 0 0 0 71 0 0 0 0 0 0 0 0 0 0 0 0 0 0 98 0 0 0 0 76 0 0 74 0 0 0 0 0 0 0 48 0 65 0 0 0 12 79 15 0 0 0 0 0 0 0 0 5 51 0 0 47 0 0 0 0 0 0 49 29 0 0 0 0 33 0 0 0 0 99 0 0 0 87 86 0 8 0 15 40 0 0 0 0 97 0 0 17 0 0 44 45 0 0 0 0 0 0 0 0 0 86 38 0 0 0 0 0 0 94 0 54 0 63 0 0 0 0 0 26
0 0 51 51 0 0 0 99 12 0 0 0 0 0 51 0 17 0 3 24 0 0 0 0 61 0 0 0 0 97 0 0 0 0 0 0 0 34 0 8 0 41 0 0 0 66 0 0 0 0 0 0 0 0 42 0 64 0 48 0 23 89 93 0 0 0 0 0 0 0 0 0 0 0 0 0 0 0 0 48 0 35 0 0 0 23 0 1 0 0 0 0 94 0 0 0 0 0 0 0 8 85 99 0 0 0 0 0 0 19 48 0 0 0 0 0 0 0 0 0 0 0 68 0 0 0 0 0 40 0 0 0 0 0 0 0 0 0 55 0 0 0 0 28 32 0 0 0 16 91 0 0 0 39 0 0 0 0 0 0 0 0 32 0 0 0 0 0 0 0 0 0 76 46 13 44 0 0 0 70 0 0 0 0 0 0 0 38 0 0 0 0 0 0 0 0 0 0 0 35 0 0 0 0 0 0 0 0 18 0 0 89 60 0 0 0 37 0 14 0 0 0 0 53 0 0 0 0 0 0 0 0 26 58 0 0 0 16 13 0 0 29 0 0 87 25 5 0 2 98 0 0 46 0 0 0 0 0 0 0 0 15 0 0 0 99 0 29 0 0 0 0 0 0 0 62 0 44 0 0 0 0 0 0 0 0 0 81 52 0 0 0 0 22 0 0 0 89 37 100 19 0 74 0 0 50 0 0 0 33 0 0 0 0 0 0 0 0 0 0 0 0 0 0 0 0 0 0 0 1 0 0 0 19 0 0 0 92 100 0 0 5 0 0 0 74 0 13 0 0 0 0 47 94 0 0 0 0 0 0 0 85 72 0 0 71 0 93 0 0 0 0 0 0 59 0 0 0 0 0 0 73 0 0 0 0 6 0 13 0 0 0 0 69 0 20 0 77 87 0
0 55 39 0 0 0 57 0 0 51 0 0 96 0 0 0 50 0 0 75 0 0 0 0 0 0 76 0 9 0 78 0 0 0 0 17 0 0 0 0 0 0 0 94 0 8 0 30 0 0 0 0 0 0 28 0 0 0 74 0 20 0 0 0 0 88 100 0 0 28 0 0 0 0 0 0 0 50 0 0 64 0 0 0 0 79 0 55 0 0 68 28 0 0 0 85 0 0 0 0 0 76 0 0 0 0 0 0 0 58 0 0 86 0 60 31 0 14 12 0 0 71 0 0 0 0 0 83 72 0 0 0 0 0 22 0 0 0 0 0 0 0 0 0 0 0 0 0 0 37 76 0 0 0 0 0 0 0 0 0 0 0 0 0 0 0 0 0 0 81 0 0 0 0 0 0 40 0 67 61 0 0 42 0 0 0 0 0 0 83 0 46 0 0 0 40 0 0 31 0 0 0 35 0 0 0 0 0 0 0 0 0 0 0 0 97 0 0 0 0 0 0 0 99 47 0 0 0 49 0 0 0 67 0 0 0 0 0 0 0 0 0 0 0 53 0 0 0 0 0 0 28 0 0 56 83 0 0 0 0 0 89 0 28 0 0 0 0 0 0 0 38 0 81 0 0 0 0 0 0 0 39 0 0 0 0 0 2 0 0 0 0 0 0 0 0 0 0 28 98 0 0 12 0 0 19 0 0 0 0 0 73 0 0 79 92 0 0 0 49 0 0 0 15 0 63 0 0 0 0 0 0 0 0 37 97 0 0 0 0 36 0 99 0 0 0 0 0 11 0 0 0 0 0 0 0 0 19 0 0 97 0 0 48 94 10 0 0 38 0 70 92 0 0 0 0 0 0 0 0 0 0 0 78 0 0 0 0 0 0 0 0 0 0 0 0 0 52 0 0
52 0 60 33 0 0 0 0 0 0 0 0 0 0 96 0 0 0 0 0 0 0 0 20 0 29 0 0 72 0 0 0 0 0 0 0 33 0 81 0 0 0 97 45 0 62 0 0 0 0 0 0 0 0 57 0 0 8 0 0 0 0 0 0 87 39 0 0 0 77 0 0 0 84 0 0 0 0 0 49 0 97 0 89 2 12 0 0 16 0 0 69 0 0 0 0 0 18 0 1 0 0 0 0 33 0 0 0 0 0 0 0 0 0 0 0 28 0 63 0 0 0 0 0 86 23 0 0 0 0 0 0 0 0 0 0 31 0 93 0 0 0 49 0 0 0 0 0 0 0 99 0 0 0 0 36 86 0 0 0 0 92 0 0 0 27 0 0 61 0 0 45 0 0 0 0 0 59 38 0 0 0 0 0 0 0 0 0 0 0 0 94 0 0 81 13 0 0 0 0 0 0 0 0 82 9 36 0 74 0 0 0 45 0 0 92 0 0 29 0 0 4 0 0 0 0 0 0 96 0 50 0 0 0 0 0 75 0 0 0 72 0 69 0 0 49 0 0 40 0 0 0 0 9 0 0 0 21 0 0 0 0 0 83 0 0 28 0 50 0 70 0 45 0 54 0 44 89 0 96 0 30 0 0 0 0 0 66 17 90 0 0 0 46 91 0 0 0 0 0 0 75 90 0 0 0 82 0 66 0 0 0 0 0 0 0 0 24 0 0 0 0 10 17 0 0 0 0 2 0 0 0 0 98 41 0 89 0 0 0 0 0 59 0 0 0 0 0 0 0 0 86 0 0 0 0 0 0 0 0 93 0 0 9 20 0 0 0 0 0 0 8 0 0 0 28 0 56 0 0 0 0 0 0 0 22 93 0 0 55 0 0 0 0 75 22 20 0 0 0
54 0 0 8 89 11 95 0 0 0 0 0 17 0 34 54 0 0 0 0 0 0 0 0 0 0 0 0 0 0 0 0 88 51 0 0 16 0 0 0 0 0 0 0 0 0 23 0 0 0 0 50 0 0 0 0 78 0 0 0 0 0 0 53 94 0 76 7 23 0 0 0 0 0 0 0 0 0 0 0 0 0 0 0 0 0 0 0 0 20 9 79 0 0 0 0 0 0 0 72 0 1 0 0 0 0 29 0 1 0 0 76 0 0 45 30 23 0 0 0 0 0 12 0 0 0 0 0 0 54 0 0 0 0 0 0 56 0 0 65 0 0 0 95 0 0 0 0 0 0 0 45 0 0 0 0 0 0 93 0 58 0 0 0 0 0 0 0 0 57 38 58 0 0 0 0 0 0 0 0 0 57 0 0 79 0 0 0 0 0 1 0 0 0 26 0 0 0 0 0 0 0 0 0 0 0 0 30 0 0 0 0 72 0 0 0 49 93 55 43 0 38 65 21 0 39 0 0 0 2 0 0 0 0 0 0 0 0 0 0 0 78 25 0 0 0 76 54 6 0 0 0 0 64 0 0 0 0 0 0 0 0 90 0 0 0 88 0 36 0 0 0 0 0 0 0 0 57 30 52 7 0 78 4 0 0 0 0 79 0 0 72 0 85 0 0 0 0 47 0 0 13 0 0 0 0 0 0 0 38 0 29 0 0 0 0 0 0 0 0 66 0 0 29 0 0 0 0 94 0 0 0 53 77 0 0 35 0 45 0 0 0 0 6 0 12 0 0 35 0 0 1 0 0 0 0 0 0 0 0 0 0 0 89 93 0 0 0 0 0 0 0 0 0 0 0 0 0 0 0 0 98 0 57 0 0 44 0 59 0 0 0 0 0 0 0 0 0 2 5
22 79 0 0 0 0 0 0 0 0 0 14 65 0 0 0 0 52 0 0 14 0 10 0 0 95 0 0 0 0 75 0 0 0 88 80 96 0 0 0 0 80 0 66 0 0 0 0 0 0 0 0 0 27 44 0 0 0 0 100 0 82 0 0 6 0 0 76 0 25 0 0 0 35 0 0 0 0 0 0 0 0 0 57 0 0 52 0 0 0 70 0 0 0 0 57 84 0 0 0 0 24 0 0 0 0 41 0 84 0 0 0 0 0 61 91 51 0 0 0 0 59 0 0 0 0 0 54 11 0 54 41 0 0 0 0 0 0 0 0 25 0 40 0 0 25 0 61 0 0 0 93 0 0 0 0 0 0 0 49 0 0 0 0 37 0 0 0 17 0 0 0 0 0 0 0 17 0 0 0 0 0 0 40 0 0 0 24 0 0 60 0 0 46 0 0 32 69 0 0 0 0 55 0 3 0 0 0 0 0 0 25 2 95 0 10 0 2 0 59 80 51 0 0 0 79 0 17 0 0 0 0 0 0 0 0 0 0 19 44 0 0 0 0 0 55 0 0 0 44 0 0 0 0 0 0 0 0 1 17 0 19 0 0 0 0 0 0 68 0 0 88 0 0 0 0 80 0 0 0 97 96 24 0 30 0 73 91 0 9 0 0 47 0 0 0 0 0 0 0 0 44 41 0 0 0 76 0 75 66 0 0 0 39 0 0 37 99 20 0 0 0 0 0 37 0 43 0 0 0 30 37 0 0 0 0 85 35 24 0 0 95 0 60 0 0 0 18 0 0 0 0 0 0 0 0 76 0 0 93 63 40 92 0 0 66 83 0 0 82 71 0 1 0 0 0 0 0 0 97 24 0 0 0 0 0 73 0 41 16 23 0 0 0 0 0 0 0 0 0
0 0 0 0 0 49 0 0 0 0 0 0 0 0 0 0 0 0 0 0 0 0 0 15 0 43 0 0 0 78 0 0 23 39 0 0 0 0 68 0 0 30 0 0 69 0 0 0 49 0 28 68 2 0 0 3 0 0 0 0 17 17 85 41 0 0 0 0 0 0 75 0 0 0 0 65 17 22 60 53 35 0 0 29 28 0 33 0 0 0 18 0 0 0 0 60 0 0 0 0 0 0 0 0 48 0 95 0 0 0 54 0 0 60 0 6 0 1 0 0 0 89 0 0 0 71 0 72 0 0 0 29 0 34 0 0 0 0 52 0 0 72 5 0 0 0 0 0 0 0 0 0 0 24 0 7 0 58 0 36 0 0 0 0 38 0 0 0 13 0 0 0 22 0 0 0 0 0 0 74 0 0 0 0 0 20 0 0 0 47 0 0 0 35 0 0 0 0 0 0 0 8 0 0 72 46 80 0 20 60 0 10 0 0 0 0 0 0 20 0 0 68 0 0 0 0 64 0 0 22 0 0 12 52 0 0 92 0 0 0 0 0 44 87 90 0 0 0 0 36 0 0 0 0 0 0 0 1 0 0 0 0 0 0 0 0 0 0 43 0 88 11 0 0 40 0 0 0 0 0 0 54 0 0 90 0 0 0 66 0 0 0 0 0 0 0 0 0 0 37 0 0 0 0 0 0 0 85 20 56 0 0 0 0 0 0 0 0 0 7 0 0 0 18 35 0 67 0 0 0 3 0 0 0 0 0 0 0 0 0 0 0 84 0 0 0 0 0 0 5 0 0 0 48 63 0 0 82 64 0 45 0 7 13 0 0 0 71 0 0 0 0 10 0 0 58 0 79 0 0 0 0 0 72 0 0 0 79 0 0 0 0 100 96 0 0 0 0 84 21
0 0 0 58 0 0 0 0 0 0 0 2 0 0 0 0 0 0 0 50 0 0 0 0 0 0 0 0 0 0 0 0 0 0 0 0 0 69 3 89 65 0 46 0 0 0 33 0 8 0 0 0 41 0 0 0 18 0 0 0 0 0 0 0 0 0 0 0 0 0 86 0 0 0 0 55 0 88 0 0 0 57 0 0 0 0 0 0 0 0 16 0 2 0 99 0 0 0 36 0 0 0 0 89 0 0 15 96 0 0 0 0 0 16 0 0 82 0 0 13 0 0 0 0 0 0 0 0 0 0 87 0 0 0 0 53 50 0 0 0 28 32 0 0 0 0 0 38 89 0 0 0 0 0 0 0 0 0 0 0 0 87 0 28 66 0 53 0 99 0 0 13 0 0 0 0 0 37 0 0 0 0 0 0 0 53 0 0 0 83 0 0 0 0 0 0 13 0 0 0 0 0 0 15 0 0 0 0 58 61 51 0 19 0 0 0 74 2 0 0 0 0 0 0 0 0 0 9 0 0 0 0 0 0 0 83 0 93 0 0 0 0 0 0 78 0 0 0 0 0 88 0 0 0 0 0 32 0 0 72 0 0 0 0 64 87 0 0 55 0 0 0 0 0 0 72 0 23 12 53 0 0 0 49 0 0 0 0 0 0 0 0 0 0 0 0 0 0 0 75 0 16 0 55 0 79 0 47 0 0 0 79 0 0 91 0 27 0 0 0 0 0 0 0 3 0 0 0 50 93 0 0 0 0 55 47 0 0 0 0 0 0 27 0 0 0 0 0 0 0 47 85 0 0 0 0 0 0 0 0 0 0 0 40 0 65 0 0 0 0 0 0 0 37 0 64 0 0 0 0 0 0 0 0 0 0 0 0 0 0 21 0 0 0 16 91 24 98 36 100
79 0 0 0 0 0 0 0 29 0 0 0 0 41 31 44 0 56 0 0 0 0 67 0 0 0 45 0 2 0 0 0 0 0 76 0 0 5 0 0 49 0 0 0 72 6 0 0 0 0 98 0 0 0 0 0 0 0 0 0 0 0 8 0 0 45 0 0 52 0 0 0 0 0 0 0 18 0 0 0 22 0 0 0 0 0 0 68 0 0 0 67 0 0 0 0 0 38 0 0 0 0 0 0 0 0 0 0 0 0 92 0 0 0 0 0 0 0 0 0 0 47 36 0 0 0 31 0 92 76 0 62 0 77 0 0 93 0 0 0 0 10 0 100 0 0 0 0 0 0 0 0 0 0 45 0 45 0 72 0 0 68 24 0 0 0 0 0 0 0 2 0 0 40 0 0 89 35 0 0 0 0 0 0 0 29 22 0 0 0 5 0 97 0 0 0 0 27 0 69 0 0 10 0 0 0 0 0 0 18 0 0 0 35 0 38 0 0 0 38 0 0 0 0 77 43 0 0 0 0 0 0 0 45 0 0 0 0 0 38 28 0 0 0 20 0 1 0 0 0 80 0 82 0 0 0 0 0 0 0 74 66 0 75 0 46 0 0 0 0 0 0 0 0 0 0 0 48 0 0 68 0 0 0 0 0 0 66 0 94 99 52 86 0 0 0 0 0 41 0 0 0 0 0 87 0 0 57 0 0 0 0 0 0 0 4 0 0 95 0 0 0 0 0 0 0 0 0 0 0 0 70 89 15 94 0 0 36 56 88 0 0 0 0 0 46 91 0 0 68 57 63 0 48 0 0 0 0 0 0 0 0 68 0 0 0 0 0 40 0 0 0 93 0 0 0 17 0 95 0 0 0 0 0 0 90 33 0 0 0 0 0 0 0 0 0 0 0 0 0
0 0 0 0 0 0 0 0 0 0 30 0 0 46 58 0 15 0 0 0 0 91 0 0 0 0 0 0 0 0 0 0 0 0 0 0 24 0 7 0 0 0 0 0 0 0 57 0 0 0 0 0 0 97 0 0 60 0 0 0 0 92 0 0 41 0 0 0 0 45 87 0 0 2 0 0 42 0 0 0 20 0 0 0 65 0 10 0 0 0 99 0 0 74 0 0 0 0 27 0 75 0 0 0 0 34 48 0 0 70 0 57 0 0 0 0 16 0 0 0 0 4 86 0 0 0 0 0 0 0 0 0 0 0 96 0 59 0 62 0 13 0 0 0 0 0 0 0 0 0 0 0 0 6 0 10 87 0 0 0 89 0 29 67 0 0 0 0 29 0 98 0 0 55 0 0 33 8 0 0 48 0 71 48 79 26 3 0 100 0 0 95 0 0 0 0 0 3 70 60 0 94 0 0 0 64 0 0 0 0 0 70 0 0 0 0 80 0 0 0 0 23 0 0 0 0 0 0 0 36 0 0 0 0 0 0 0 79 0 0 0 0 70 0 0 0 0 0 90 52 31 0 46 0 0 0 0 0 36 0 67 0 6 0 43 0 0 24 0 0 100 0 45 45 0 88 0 0 0 0 0 0 0 0 97 0 0 93 0 0 99 0 0 0 0 0 0 0 0 0 0 0 0 38 53 0 0 0 0 0 0 0 0 61 0 57 0 0 0 0 0 89 6 0 63 0 0 0 0 0 0 46 0 0 0 0 0 0 25 0 0 0 0 0 0 0 0 0 0 0 0 0 0 0 0 0 0 85 0 35 0 0 0 0 0 0 0 0 0 0 58 18 0 31 0 4 0 0 79 51 0 0 0 0 0 0 0 0 0 3 0 0 0 0 0 30 0 0 20 0
0 86 0 0 17 57 0 0 0 28 98 59 0 41 0 0 0 0 0 0 0 0 0 0 0 0 0 50 0 0 0 0 20 0 0 37 0 0 0 0 0 0 0 0 0 0 0 29 91 0 0 0 0 86 0 0 28 0 50 4 0 0 0 0 0 0 0 0 0 13 0 65 0 60 92 12 0 0 0 0 36 0 50 79 24 0 44 68 0 0 88 0 0 0 15 0 97 0 0 0 99 0 0 0 65 0 0 0 0 0 0 0 0 0 0 0 0 0 0 0 0 84 0 0 0 0 0 0 0 0 0 0 0 0 0 0 0 77 0 0 0 0 5 0 0 0 95 0 0 0 47 0 0 0 0 0 0 3 0 0 0 0 0 0 48 0 0 0 20 0 0 50 0 0 0 0 81 0 0 84 0 0 54 0 0 94 0 0 0 0 0 75 4 0 54 0 0 64 0 0 0 0 0 0 0 0 0 0 22 100 0 0 84 60 67 37 0 98 90 0 0 0 16 42 0 0 0 0 0 0 0 0 0 0 95 0 70 0 0 0 0 0 0 0 0 0 0 0 38 10 0 0 0 0 0 0 0 21 0 0 0 0 0 0 0 0 0 43 0 51 0 0 0 0 0 91 92 47 0 81 35 0 0 0 0 0 99 0 0 0 0 0 0 17 1 0 66 11 3 0 0 34 0 0 0 0 0 0 27 0 95 0 73 0 0 0 0 0 0 53 0 78 50 0 0 87 0 87 0 0 0 0 0 0 0 0 0 60 70 0 6 59 0 0 0 45 100 0 0 0 0 24 0 0 39 0 77 0 0 0 0 0 0 85 0 0 66 0 0 0 0 0 0 40 93 0 0 0 88 0 0 0 0 0 85 0 0 78 0 0 0 0 5 15 99 28 0 0 66 0
0 0 63 0 0 0 81 0 15 89 0 0 26 0 0 0 93 0 96 0 0 74 75 0 0 0 0 33 0 0 0 0 0 0 0 0 0 0 0 19 0 44 0 0 0 0 0 0 0 66 0 0 79 0 0 0 0 0 0 74 0 0 0 0 0 0 95 0 0 0 0 0 0 71 0 52 68 0 0 67 0 0 42 0 0 0 0 88 0 78 0 0 0 0 0 2 0 88 0 0 0 0 0 0 0 0 0 0 22 0 0 8 30 0 5 0 0 77 0 50 0 0 0 16 0 0 0 0 92 97 0 0 0 0 16 19 0 59 0 0 0 0 0 90 0 25 97 0 0 0 83 0 0 0 65 0 0 54 0 0 0 0 0 20 0 0 0 35 0 0 0 0 0 0 48 0 0 0 93 0 33 0 0 0 0 51 0 0 0 0 0 0 0 0 0 0 0 0 0 0 0 0 0 0 43 0 0 0 0 0 97 40 0 0 0 0 0 49 0 100 0 17 16 0 0 96 0 0 96 0 40 0 0 0 0 48 0 55 0 11 0 0 0 6 0 0 0 0 65 0 50 0 7 0 9 0 0 74 9 0 0 29 0 0 0 0 0 0 0 0 0 0 92 0 0 0 0 0 0 0 0 1 0 0 53 0 0 76 0 0 0 79 0 0 0 0 0 0 0 0 0 52 0 17 50 5 0 44 0 0 0 0 0 73 0 0 0 0 63 0 0 0 22 0 0 0 0 0 0 0 0 0 17 88 7 0 99 45 0 0 0 0 0 0 0 0 0 0 0 10 0 6 0 0 0 0 46 0 99 0 0 28 0 0 0 0 0 0 0 0 67 0 0 0 0 0 0 0 0 0 0 52 51 0 0 67 0 0 0 0 0 9 0 0 0 0 0 0 0 0
0 0 0 0 0 0 0 83 0 0 0 0 19 0 0 94 0 0 8 90 0 0 0 0 82 94 0 0 0 0 0 0 81 0 0 0 0 79 80 0 46 0 0 0 0 0 0 58 0 0 0 0 49 0 0 0 0 8 0 30 27 0 0 94 0 0 0 0 0 0 0 96 0 0 6 0 0 0 0 0 0 88 0 0 57 0 0 0 0 0 0 0 98 0 0 0 0 0 0 0 97 0 64 27 28 0 0 27 0 0 0 0 0 95 0 0 0 0 0 0 40 29 0 0 0 84 0 0 0 0 0 0 76 0 0 68 0 0 26 0 0 7 0 0 0 0 0 0 0 0 0 0 0 58 0 0 0 87 0 86 0 0 29 0 0 0 0 45 77 0 33 16 0 0 0 0 0 0 0 0 61 0 0 0 0 0 27 0 0 76 0 21 0 0 31 0 0 68 0 0 0 0 63 0 0 83 0 0 0 0 0 2 57 0 0 0 0 1 40 0 0 91 0 98 44 5 0 0 4 0 0 0 0 0 0 14 0 0 0 0 0 0 0 0 0 52 0 0 85 0 0 46 0 0 0 0 0 0 0 0 0 0 0 80 0 52 0 0 0 0 0 44 0 0 0 0 0 0 0 0 0 0 0 22 0 0 0 30 0 0 0 0 24 0 0 0 0 0 0 0 65 0 40 89 0 0 0 0 0 18 0 0 0 44 0 0 0 0 0 56 0 0 0 99 0 0 0 0 65 0 0 0 0 0 0 0 0 0 0 0 0 0 0 0 0 0 0 0 0 54 0 0 0 0 89 0 0 0 51 0 0 97 52 0 0 0 0 0 14 0 0 0 0 0 0 0 0 0 0 0 0 0 0 0 0 73 41 0 0 0 0 0 0 0 95 76 0 0 28 52
0 47 8 0 0 0 18 0 0 0 0 100 0 0 15 0 0 0 0 86 0 0 0 18 0 69 0 0 0 20 0 63 0 0 0 0 0 0 0 0 0 0 0 0 0 0 0 0 0 47 34 0 23 0 0 7 92 0 0 0 0 0 0 0 0 0 22 0 0 0 0 0 0 10 0 81 0 0 0 71 14 0 0 0 0 0 0 0 0 0 0 17 0 0 0 0 0 96 11 0 0 57 26 0 0 47 0 0 0 0 0 98 0 81 70 0 0 0 39 0 33 0 60 75 0 0 0 8 0 11 0 0 0 0 0 0 60 0 61 0 0 0 0 0 0 0 0 0 0 11 0 0 0 0 0 0 0 0 0 0 78 0 0 0 33 0 0 0 0 0 95 0 0 0 0 0 0 0 0 23 0 0 99 0 0 0 10 17 0 0 0 0 0 0 0 47 0 14 0 0 0 0 0 0 0 0 3 0 0 15 6 0 0 86 48 65 0 83 57 0 0 34 0 0 0 0 0 28 63 0 0 0 8 0 0 0 0 0 0 71 0 0 0 0 24 0 0 62 0 85 33 0 0 0 0 0 0 99 37 0 0 25 32 0 0 0 0 0 0 0 2 98 1 0 76 49 0 0 84 17 0 0 0 10 0 0 0 0 0 0 0 0 86 0 69 0 76 51 0 0 3 0 0 0 0 0 0 0 0 0 0 46 33 0 0 37 0 0 44 65 0 0 0 0 0 4 0 0 61 0 62 0 0 86 0 0 0 0 0 0 0 0 0 0 0 65 0 84 0 0 0 0 82 0 0 0 0 0 0 0 0 13 0 98 0 0 0 0 0 0 0 48 58 62 0 0 0 0 0 0 0 11 0 0 0 90 0 17 75 0 0 1 0 0 0 0 0 92 0 87
0 0 0 0 0 0 0 0 0 6 0 0 0 0 88 0 0 0 0 0 0 0 0 0 0 0 0 0 0 0 0 0 0 77 0 0 18 50 0 0 14 0 36 0 0 0 27 13 35 0 0 0 0 0 0 0 0 0 0 0 17 0 0 0 0 0 13 0 0 61 37 88 0 81 36 0 0 0 0 0 0 89 64 97 0 0 0 0 0 0 0 0 0 0 100 98 0 0 0 96 0 0 0 0 79 0 0 0 23 29 0 0 0 0 0 0 89 59 0 0 1 50 16 0 0 0 0 4 0 74 0 0 0 0 0 18 0 0 80 0 0 30 0 0 0 58 0 0 0 0 0 0 0 95 0 0 0 0 0 0 0 0 74 0 0 0 0 0 0 0 0 0 0 0 0 0 0 0 0 0 0 0 0 0 0 0 0 80 0 48 0 0 0 0 100 94 0 0 0 0 9 0 0 0 33 0 0 2 0 66 0 0 0 0 0 23 0 95 0 0 0 46 92 0 0 0 0 0 0 0 0 0 0 0 0 86 0 0 0 0 0 0 0 0 0 0 97 0 0 99 0 0 0 79 0 0 0 0 0 0 0 0 0 0 0 0 0 0 60 0 71 99 0 0 0 0 0 0 0 0 0 74 0 0 0 9 83 94 0 0 0 0 1 79 0 0 0 0 0 0 0 0 0 0 52 0 67 0 0 59 0 0 0 20 0 0 21 0 0 0 91 0 0 0 0 73 0 0 62 0 75 0 0 0 0 0 49 0 0 72 0 45 29 0 21 0 0 0 24 0 0 90 0 0 0 0 0 0 100 0 0 80 63 0 0 99 0 0 0 90 94 71 0 0 0 0 17 0 0 0 0 0 0 0 34 21 0 0 0 0 0 0 0 13 0 0 0 0 60 0
0 21 0 0 12 0 0 0 72 0 0 41 92 57 22 0 0 44 55 0 0 98 0 0 0 0 0 0 0 72 0 0 31 34 0 0 0 0 0 0 0 31 68 0 0 0 9 98 0 0 8 30 47 0 0 0 13 0 2 0 0 34 0 0 0 0 0 0 14 0 0 0 0 0 0 0 0 83 0 44 0 0 0 0 0 0 14 0 21 0 0 0 0 0 0 0 0 0 69 0 0 0 0 0 0 0 0 0 0 0 8 0 2 13 82 0 6 0 3 0 0 0 0 88 0 88 0 0 0 0 94 0 0 68 0 0 0 0 0 0 0 16 0 0 0 0 0 5 0 45 0 0 0 0 0 47 36 0 0 0 18 0 0 49 60 68 52 0 0 0 0 0 0 0 98 0 0 0 0 0 29 0 0 0 0 0 0 73 0 68 0 0 0 0 0 0 0 36 98 30 0 0 0 0 0 96 0 0 0 0 0 0 67 0 0 0 72 0 0 0 0 0 0 0 49 0 0 82 0 0 0 0 0 38 0 0 0 0 92 0 0 15 0 0 39 0 0 0 0 0 0 0 0 0 0 0 0 0 0 26 90 0 0 14 48 0 36 0 11 0 6 0 0 0 0 0 0 0 28 0 0 0 35 0 0 0 0 66 0 0 0 22 77 0 0 1 66 0 0 0 0 0 0 0 0 5 0 53 0 0 0 0 7 0 0 0 0 0 0 4 0 0 0 49 0 0 0 3 95 0 82 53 86 0 0 61 0 0 91 62 0 0 0 0 0 0 0 0 66 0 0 47 0 0 0 0 0 0 44 0 42 0 0 0 0 0 0 0 0 40 0 0 0 0 48 0 60 0 0 59 97 0 0 43 0 44 0 0 0 11 0 0 0 0 0 0 0 0 0 98
0 0 0 0 0 98 0 25 0 0 0 0 0 0 0 0 10 0 66 66 0 0 0 6 0 0 0 0 38 78 0 0 0 0 0 0 4 0 0 56 0 0 0 0 0 0 0 0 0 0 0 0 0 0 0 91 98 55 0 0 0 42 52 7 2 0 0 41 0 0 0 0 0 0 0 0 13 0 0 0 11 0 0 79 0 0 0 0 0 0 0 30 0 0 0 0 0 0 0 0 0 0 93 0 0 55 0 0 0 0 0 0 0 0 0 31 0 82 0 38 75 0 0 0 0 0 0 26 0 97 0 3 0 0 0 0 0 83 0 0 71 31 0 0 0 0 0 0 0 0 0 0 0 0 0 0 80 0 0 48 0 0 0 0 90 0 59 0 0 0 0 0 0 0 0 0 0 0 0 0 0 0 0 0 20 0 0 0 0 0 0 80 82 28 0 0 0 0 0 0 0 0 0 0 12 0 50 69 0 0 0 0 0 0 0 0 25 0 79 45 0 0 0 0 0 0 0 0 6 0 19 0 44 0 0 0 0 0 0 0 0 64 0 0 0 0 0 96 0 58 0 0 0 0 64 0 78 47 0 0 0 0 0 0 52 44 100 0 0 0 0 93 0 0 24 0 0 0 0 0 0 0 0 0 0 23 59 0 0 0 58 0 66 12 30 72 69 0 0 0 0 0 0 0 0 0 0 0 0 0 0 0 0 50 0 51 0 0 53 0 0 79 0 0 0 0 0 97 95 37 54 0 0 0 49 34 0 0 0 0 0 0 2 0 0 0 0 0 0 0 0 0 15 0 0 18 67 0 0 0 0 0 0 0 0 0 71 0 0 0 77 0 0 40 0 0 0 0 44 0 0 0 0 0 12 0 0 0 0 0 0 0 0 0 0 0 34 0 0 0
0 0 0 21 34 47 0 0 0 0 0 2 0 95 0 0 73 23 0 0 0 0 4 45 0 0 0 0 0 42 0 31 46 0 0 0 13 0 0 0 0 94 0 0 0 0 0 0 0 58 44 0 0 0 0 25 0 0 0 69 86 70 0 0 0 0 0 24 0 0 0 0 0 0 13 0 0 0 72 0 34 2 0 0 0 0 0 98 0 0 0 0 0 92 45 0 44 0 28 0 0 0 0 0 0 0 0 0 80 0 0 0 0 96 0 73 0 0 0 0 3 30 0 0 86 0 0 0 74 0 0 0 0 0 0 27 0 0 37 0 82 0 0 0 49 48 37 0 0 84 0 0 0 0 0 90 51 12 0 0 0 0 0 0 79 0 0 39 0 92 0 0 66 0 0 0 0 0 0 0 0 0 0 0 12 0 0 0 0 0 0 0 0 0 20 49 0 0 0 0 0 73 0 0 89 44 0 0 36 25 65 20 24 89 0 0 0 0 79 0 0 19 0 0 0 0 0 0 0 0 0 65 0 0 0 0 32 0 0 0 0 0 0 0 0 0 0 0 0 0 0 0 0 0 0 0 0 0 73 89 0 0 0 0 0 0 0 47 0 0 56 0 0 0 0 33 0 0 0 0 0 0 0 0 43 0 0 0 0 0 51 0 0 0 70 0 0 0 19 0 15 0 0 12 0 0 0 0 0 0 67 0 0 0 36 0 0 0 41 30 0 0 0 0 0 0 0 74 0 0 11 94 46 0 0 72 0 0 0 0 0 0 0 12 0 92 0 0 73 0 0 73 0 0 0 0 0 0 97 0 93 49 0 0 0 0 0 0 0 82 35 7 0 35 0 0 0 0 0 24 5 0 0 0 36 91 0 0 0 73 16 0 82 0 0 0 0 0 0 0
0 0 12 0 0 0 0 0 0 0 0 68 0 77 0 0 63 0 0 93 0 0 93 0 0 89 0 0 0 0 0 59 63 0 0 0 0 0 0 0 0 0 10 0 0 0 0 30 0 0 0 0 0 0 0 38 0 0 97 0 50 0 0 100 31 0 0 0 71 0 0 41 0 0 0 0 0 0 0 0 0 0 13 0 0 0 40 0 0 0 0 69 0 0 0 0 0 28 56 0 5 0 0 92 60 0 0 0 0 0 12 0 0 0 83 0 0 86 79 0 0 0 81 0 0 0 100 69 0 58 0 0 89 0 0 0 0 63 0 0 0 67 0 70 0 0 87 0 0 0 0 0 0 0 37 0 45 57 0 0 0 0 0 0 0 0 0 0 46 87 0 0 0 0 0 0 0 0 0 0 61 0 32 0 8 27 0 0 0 0 61 13 0 0 0 0 0 0 76 0 0 0 0 0 0 0 0 0 0 88 0 0 0 7 39 0 0 0 0 0 0 0 0 0 0 0 0 0 0 0 0 52 0 0 0 77 0 0 0 51 35 0 0 52 0 0 0 21 0 0 72 0 0 0 0 0 0 0 0 0 0 0 80 0 0 0 0 24 0 30 0 62 41 85 0 0 56 0 0 69 0 0 0 0 0 0 94 0 69 0 0 0 18 77 0 0 39 0 0 0 34 0 0 90 0 0 0 0 0 0 9 38 7 0 0 0 0 0 0 33 0 0 88 93 90 0 0 0 0 84 0 96 0 0 64 0 0 84 0 0 36 0 0 0 0 0 0 0 0 0 0 0 0 0 0 0 0 0 0 55 0 19 94 0 75 87 0 0 0 54 0 0 0 0 0 48 0 0 0 0 0 0 31 43 0 0 52 0 79 0 0 0 0 0 0 0 0 50 0 0
86 69 0 0 0 0 44 0 0 0 0 72 0 0 0 0 0 0 0 0 0 69 0 0 0 0 0 0 0 0 0 0 0 0 0 0 48 0 0 63 0 0 0 30 0 0 0 0 0 54 59 0 0 95 0 0 0 91 0 0 0 0 0 0 0 0 0 0 0 11 13 15 0 94 0 0 0 0 7 23 0 40 0 99 0 51 0 0 47 0 0 0 0 34 36 0 0 0 40 0 0 0 0 0 49 0 0 0 2 0 0 59 40 26 0 64 35 0 0 0 90 91 0 0 0 0 0 0 1 28 0 0 0 32 0 0 0 15 0 0 0 5 88 42 0 0 0 0 0 85 0 0 0 0 0 0 64 5 0 57 15 9 71 0 0 0 0 0 0 0 0 0 0 0 0 0 0 0 0 0 0 34 0 8 0 0 0 0 0 0 45 0 0 0 0 0 8 0 0 0 0 87 0 21 0 0 29 0 0 0 0 0 0 0 0 0 0 0 0 0 0 0 78 0 53 0 0 0 0 64 0 30 0 0 0 0 37 90 71 0 0 0 0 75 97 0 0 0 60 0 0 0 0 10 0 0 8 0 47 0 0 28 30 79 0 0 19 0 95 0 0 10 0 17 0 0 0 0 0 0 48 0 0 0 0 0 17 0 0 0 95 0 0 0 0 0 0 75 0 0 0 0 0 49 51 0 0 75 31 50 8 0 0 28 0 0 24 0 46 0 0 0 0 0 0 0 86 0 0 96 0 0 23 0 0 0 0 0 0 56 0 0 0 0 0 0 0 0 0 0 49 0 0 0 40 0 0 0 51 0 39 0 50 0 0 0 22 0 0 0 0 35 0 0 0 0 0 60 0 0 0 22 0 0 0 0 0 49 0 20 0 0 0 23 0 0 97 0 23 0
0 0 0 0 0 0 0 0 0 0 0 0 0 0 88 69 0 0 51 0 0 0 88 0 0 0 82 0 0 60 0 0 0 36 0 0 3 0 0 0 0 71 0 0 0 0 45 0 0 0 0 20 0 0 75 0 78 0 0 0 0 0 0 0 0 0 64 0 0 0 0 73 0 0 0 3 0 0 0 0 66 0 0 0 0 0 0 0 0 0 0 0 0 0 0 0 0 0 0 16 0 0 0 95 10 0 0 0 24 0 69 0 0 0 0 0 0 0 0 0 0 77 0 0 0 0 0 66 0 0 0 0 0 0 0 61 0 0 0 0 0 0 0 0 0 0 42 0 2 0 0 0 0 0 0 0 0 91 0 76 0 0 0 0 0 0 0 0 0 0 0 100 0 0 0 57 75 0 6 0 0 0 96 0 0 0 37 0 75 0 2 27 79 0 0 51 13 0 0 0 0 0 23 0 0 0 0 0 0 83 0 0 0 0 9 0 0 0 18 0 38 28 22 0 71 84 59 0 0 0 0 40 0 0 0 0 0 0 0 34 0 0 11 0 0 0 0 0 0 0 0 0 36 0 0 0 32 0 0 22 0 0 0 0 54 92 0 0 89 0 0 42 0 0 0 64 0 0 0 64 0 0 0 0 0 44 96 0 0 0 0 0 0 0 0 55 0 0 0 0 0 0 0 0 74 0 0 0 61 0 0 0 98 0 0 0 0 0 0 0 0 2 0 0 44 0 13 0 0 0 0 0 0 18 0 0 33 0 0 0 0 0 0 0 0 0 0 0 0 0 23 0 0 0 0 83 0 0 0 0 0 42 0 0 0 0 0 0 0 0 0 0 0 0 0 0 0 0 0 0 0 0 0 0 0 14 0 0 0 0 0 26 0 0 92 0 0 0 0 0
0 0 0 96 0 0 0 0 0 32 0 0 0 0 27 0 0 28 0 0 64 0 4 0 0 0 0 0 39 0 0 0 63 0 0 0 0 0 0 0 0 0 0 0 55 0 0 0 62 0 0 0 0 0 0 83 0 0 0 33 0 0 0 0 46 0 0 0 0 88 0 0 14 40 33 0 21 59 21 0 0 0 85 0 89 0 88 0 0 80 0 40 0 0 0 44 0 0 77 0 0 0 0 0 0 0 0 0 0 0 0 0 66 0 0 0 0 3 0 0 0 79 0 0 0 0 51 0 0 0 29 0 0 0 0 0 0 3 0 79 0 0 41 0 19 0 0 0 0 0 16 0 0 0 0 0 0 0 0 0 0 14 0 0 0 58 2 0 0 0 0 0 0 92 0 0 0 73 0 0 62 0 0 0 0 0 0 0 0 0 0 0 0 0 4 0 0 0 0 0 0 0 0 0 0 65 0 0 0 57 0 0 45 87 0 0 0 0 0 12 90 0 0 19 0 34 28 0 0 0 0 0 0 18 0 36 0 57 0 7 0 0 0 47 0 0 0 0 0 0 0 64 0 0 0 0 0 0 0 37 0 0 0 0 0 60 0 0 0 0 0 0 99 0 0 0 0 48 0 61 0 0 0 0 0 0 5 0 0 0 61 0 59 0 25 0 24 0 0 2 0 0 0 0 0 50 0 0 0 0 0 32 0 0 0 0 0 0 0 60 0 0 0 66 0 0 0 8 0 33 0 74 0 15 0 0 0 0 0 0 2 53 81 50 0 70 57 0 0 81 45 18 0 0 0 0 0 0 19 0 37 0 87 86 84 4 0 0 0 0 0 0 93 0 0 0 0 0 75 0 0 0 0 0 0 0 25 0 0 0 0 0 0 0 0 0 0 0 74 0
0 0 0 0 0 0 0 83 0 0 0 0 0 0 0 27 0 0 0 0 0 0 0 0 0 0 63 0 0 0 4 0 60 0 0 0 35 0 0 0 70 30 0 0 95 0 90 29 0 82 0 0 0 0 9 0 0 27 0 0 0 0 0 0 0 0 0 0 0 0 0 0 0 57 51 0 0 0 0 0 0 0 76 0 0 0 3 0 55 0 0 0 0 12 0 0 0 0 0 0 9 0 0 0 0 0 0 42 0 0 0 44 93 78 0 0 0 22 0 0 0 73 0 0 0 71 0 0 38 0 0 0 74 0 0 0 0 1 0 0 48 49 0 0 0 0 0 0 0 0 0 0 0 0 0 0 0 0 0 0 0 0 0 0 0 0 0 0 57 0 0 0 0 0 4 0 0 0 0 0 0 0 0 0 0 70 0 0 0 0 0 0 0 0 0 64 0 1 0 0 0 57 0 0 0 0 56 0 0 0 0 0 22 0 27 0 0 0 36 0 29 0 62 0 0 29 0 0 0 0 0 0 55 0 29 0 0 0 0 0 0 0 20 51 0 2 0 25 53 0 28 0 0 0 0 0 0 0 16 9 0 0 97 60 0 0 0 0 0 58 0 0 0 0 0 21 0 0 0 0 0 0 0 0 0 0 0 0 0 0 0 0 0 0 0 0 48 0 0 0 0 0 0 0 99 0 95 0 0 0 0 0 0 0 0 90 0 0 75 3 0 41 0 0 8 0 96 0 0 0 0 0 0 0 0 0 88 21 66 0 0 0 90 87 70 0 0 0 31 44 3 0 0 0 0 0 15 0 0 0 48 18 90 58 0 0 12 0 0 0 0 0 0 0 67 51 0 0 13 0 0 0 0 0 0 0 0 0 44 0 0 68 0 0 0 0 0 0 0 80
0 0 68 22 44 0 0 0 0 0 0 0 0 0 50 35 0 47 0 0 0 33 0 0 0 0 0 37 70 0 0 28 0 0 0 0 6 0 0 0 0 0 0 33 0 0 0 69 0 12 1 58 0 0 13 0 13 0 0 84 99 0 0 0 0 0 0 0 47 0 0 0 0 69 0 0 0 38 0 0 74 0 0 0 0 0 0 0 0 0 0 0 0 29 0 36 0 0 81 0 0 23 0 0 0 0 0 0 0 9 0 51 0 0 0 0 0 0 0 51 0 0 0 0 0 92 0 0 21 0 0 2 0 0 0 0 25 0 0 0 0 0 95 65 0 81 0 0 0 0 0 0 0 0 14 71 0 0 0 0 4 0 71 0 0 0 56 92 0 0 62 59 0 0 21 0 0 0 0 0 0 34 0 0 0 0 0 0 62 0 0 0 94 0 95 0 0 79 5 46 0 1 0 0 0 0 0 0 0 79 0 0 0 17 0 5 0 58 0 0 0 0 0 0 0 0 0 0 0 20 0 0 0 0 34 0 0 0 0 67 90 0 0 78 95 0 0 0 0 47 0 0 0 0 0 0 0 15 0 0 67 93 0 0 0 0 0 0 0 3 0 0 0 0 0 0 0 0 0 10 0 0 0 0 0 0 0 0 0 0 0 0 0 0 0 0 0 0 0 0 28 0 59 0 0 0 0 29 0 0 16 0 0 0 0 0 86 95 0 22 0 0 75 0 0 0 0 0 0 0 31 0 0 0 0 0 0 0 0 0 0 0 10 98 0 79 0 65 0 0 0 0 0 0 0 0 0 0 39 0 0 0 59 0 0 0 28 98 0 0 0 19 15 0 0 0 0 0 0 0 0 0 0 0 77 0 0 0 0 0 61 0 33 21 63 90 0 0 95 0
0 0 0 53 0 0 0 57 0 48 0 0 0 0 7 0 0 3 0 0 0 0 8 0 0 0 0 0 2 0 0 0 0 0 0 0 44 0 0 0 24 0 0 0 92 45 12 0 52 0 13 0 57 0 0 0 0 89 0 0 96 0 0 0 0 0 61 0 0 0 84 0 23 0 0 12 30 2 0 54 0 19 0 0 77 0 82 0 27 2 78 0 0 0 0 82 0 0 74 0 87 66 42 0 98 73 0 0 0 84 0 0 0 60 6 0 38 0 0 0 0 0 0 0 0 0 0 0 7 0 0 0 0 0 0 0 0 0 0 0 0 0 27 0 0 0 0 0 0 0 0 0 0 67 54 0 36 0 0 0 96 0 0 0 0 47 0 0 0 16 0 0 0 75 0 0 0 37 0 0 0 0 0 0 0 82 0 0 97 0 17 21 14 0 0 44 0 0 78 0 0 0 0 0 0 0 0 0 0 0 84 97 19 0 83 43 0 80 61 0 0 29 91 0 0 0 93 0 0 0 0 0 0 0 71 53 0 51 0 0 0 0 0 0 0 0 0 11 0 51 0 0 95 3 0 0 0 7 39 11 0 0 0 0 0 100 0 0 0 0 0 10 0 0 0 0 0 0 0 0 0 44 0 0 0 0 0 44 0 0 0 0 0 0 0 0 7 89 0 0 0 0 0 55 48 0 0 0 0 0 0 0 0 0 21 0 0 36 0 0 21 0 0 0 0 0 0 0 0 62 0 56 0 0 0 38 2 0 0 13 0 25 0 0 0 62 0 0 0 0 0 0 0 79 0 41 0 90 0 0 0 0 0 75 71 0 0 70 21 0 9 0 31 0 0 0 69 0 14 0 0 0 0 0 11 0 0 0 0 0 0 84 0 0 0 0 0 0 0 63
53 0 0 0 0 5 2 63 0 0 0 0 0 0 0 14 0 0 0 59 0 60 0 0 0 0 0 29 0 36 22 1 0 0 0 0 0 0 0 0 0 0 64 0 0 0 66 12 0 0 0 84 75 0 0 0 0 0 0 88 0 15 0 0 0 0 63 0 69 0 0 0 0 0 0 98 0 0 0 0 0 0 28 0 0 96 0 0 90 0 72 0 0 28 0 13 0 0 0 0 0 0 0 3 0 0 0 14 0 0 0 82 19 46 21 0 0 0 0 12 0 0 67 0 55 0 0 0 0 16 0 0 37 0 35 3 0 0 79 16 24 0 0 0 0 0 0 0 0 0 0 0 0 32 16 0 0 0 0 0 52 0 0 0 31 0 0 0 0 51 0 0 0 63 0 56 0 0 0 0 0 0 0 65 0 0 0 0 93 0 0 0 0 0 9 20 0 0 85 0 79 0 0 0 4 0 0 0 0 0 0 0 0 0 0 0 68 0 75 0 0 0 0 0 94 0 0 0 0 0 0 82 59 0 0 0 0 0 95 0 0 15 0 8 0 0 0 0 10 0 0 5 0 0 80 0 0 0 0 0 61 0 0 0 61 0 0 0 0 80 0 0 0 0 0 3 95 77 0 0 0 0 0 0 0 0 17 31 0 0 0 0 0 0 0 0 0 0 78 0 0 0 79 0 0 0 0 0 0 0 0 0 0 0 0 49 0 0 0 0 0 0 50 89 87 0 0 0 0 72 0 0 0 71 20 0 0 0 0 0 0 79 0 0 2 13 37 0 0 10 0 0 0 61 0 0 0 0 0 0 97 0 15 56 36 0 0 0 0 24 8 0 10 0 49 0 0 33 25 0 0 0 47 43 0 0 0 38 23 0 79 14 0 67 29 64 0 0 0 0
63 0 0 27 0 0 0 0 77 0 7 0 0 0 0 0 0 0 26 0 0 0 67 0 46 0 0 0 0 88 0 0 91 14 0 23 0 0 55 0 0 0 0 0 0 41 0 0 0 0 0 0 18 44 40 0 0 0 0 0 0 0 14 6 96 0 0 0 0 0 0 0 0 0 0 44 0 16 0 0 0 86 0 0 0 55 0 0 0 0 0 74 0 0 0 0 71 0 0 0 70 0 0 0 0 95 0 20 28 40 0 11 0 0 0 0 0 0 0 0 10 24 51 0 9 0 65 0 0 0 0 0 0 6 0 0 0 0 0 0 29 4 0 0 0 46 0 0 0 0 74 90 0 0 0 53 0 0 34 64 0 0 0 0 0 0 0 37 0 0 43 0 0 0 0 0 0 0 0 0 0 61 0 0 0 0 0 0 0 87 76 0 0 0 97 0 0 0 0 0 94 27 0 0 0 0 0 0 38 16 0 0 60 40 0 0 0 0 0 0 0 0 0 68 0 0 0 0 99 0 0 0 5 0 58 0 0 4 0 0 0 0 0 0 0 25 0 13 0 0 0 0 0 0 0 47 0 0 0 21 0 0 0 0 0 0 0 0 0 16 0 0 0 47 0 0 0 5 48 0 0 44 0 13 0 0 0 0 0 0 19 0 0 1 0 0 29 0 0 0 0 0 0 0 90 58 0 0 0 35 0 0 0 0 0 0 69 0 0 0 0 0 81 63 0 0 0 0 0 0 0 0 0 0 0 0 0 0 0 0 65 0 0 0 0 76 0 0 95 0 0 0 0 79 0 0 0 0 0 0 63 0 0 0 0 69 0 28 82 0 0 0 0 0 11 65 0 0 0 0 0 0 0 6 23 0 74 0 0 86 0 0 86 0 0 25 0 87 0 60
0 0 67 0 0 0 24 0 0 0 93 18 0 0 0 55 0 0 0 0 0 16 45 0 0 0 0 0 0 95 0 0 60 38 0 0 0 0 0 0 0 86 0 14 0 86 0 0 0 0 0 78 28 23 0 0 0 0 0 0 0 0 0 0 0 0 100 0 0 0 59 33 0 45 0 55 0 0 0 7 0 0 22 0 80 0 0 42 0 0 62 0 0 0 0 0 0 0 0 0 0 17 0 0 0 0 0 0 51 0 0 0 16 0 0 0 0 0 0 0 28 0 95 0 0 0 0 35 0 0 0 68 35 0 0 0 0 14 0 0 24 0 0 47 0 0 0 0 0 0 0 0 0 0 79 0 75 0 0 0 98 93 34 0 62 0 0 62 4 32 0 0 17 84 0 0 0 0 0 0 0 0 20 30 0 0 89 0 0 0 47 0 0 0 0 0 15 0 0 0 7 0 0 0 7 71 61 0 0 0 83 67 0 0 27 0 84 65 0 0 15 0 0 0 0 0 0 0 0 0 74 0 44 0 0 0 21 0 0 0 87 1 0 38 0 0 0 0 0 0 0 93 0 77 21 0 0 0 0 0 0 0 0 0 0 0 0 0 0 89 7 0 0 0 75 0 10 11 0 60 0 0 0 0 0 0 0 0 0 0 0 0 95 0 0 0 0 0 0 0 2 0 0 0 0 0 0 0 0 48 0 0 0 0 0 0 0 0 0 0 0 0 0 71 0 0 0 0 3 0 0 0 0 72 0 0 0 0 0 0 0 0 0 0 0 0 0 0 0 0 25 0 0 0 0 0 0 0 35 0 38 0 0 30 0 50 12 0 0 0 0 0 4 47 52 0 79 0 0 42 0 0 0 0 0 74 0 0 79 0 0 0 0 0 0 0 0 0 88 80
0 0 0 0 0 0 0 0 83 54 0 54 0 0 0 0 96 73 0 0 0 0 0 0 0 0 0 0 37 73 0 0 0 0 14 0 7 0 92 0 0 0 0 0 0 50 0 0 46 0 0 0 0 0 0 57 13 0 14 0 5 0 0 34 0 0 0 0 0 0 0 89 0 0 41 26 45 9 0 78 51 0 0 0 0 0 0 0 0 0 72 0 97 0 58 95 0 9 10 0 0 0 0 0 0 0 0 0 0 0 35 0 0 0 27 0 0 56 0 0 0 0 0 0 0 0 0 44 70 0 0 0 99 0 0 0 0 0 0 0 0 0 0 0 78 0 0 0 0 0 55 0 0 0 0 0 0 51 0 0 0 0 0 0 0 0 0 0 0 0 0 22 0 0 0 0 0 0 0 0 0 0 0 0 0 0 0 0 0 0 0 44 75 49 0 0 3 22 0 0 95 0 0 94 0 0 0 0 0 74 0 0 30 0 0 5 0 0 0 53 0 69 0 0 0 0 0 82 0 0 99 0 28 100 0 80 0 0 94 52 63 0 0 0 8 90 0 0 0 0 43 0 0 0 0 26 0 0 0 38 0 38 0 0 35 90 0 78 0 0 0 15 0 0 0 99 13 0 25 16 0 0 0 0 0 0 0 0 0 42 0 0 0 0 7 0 0 0 0 0 0 34 0 0 0 95 0 0 0 0 0 0 63 9 0 24 80 0 0 34 0 0 0 13 0 0 43 0 39 0 0 0 0 48 0 0 0 0 0 0 0 0 0 68 79 0 93 0 0 16 0 0 0 0 0 0 0 0 0 45 0 6 0 0 0 0 0 0 0 82 0 1 0 60 0 0 11 17 0 21 57 0 0 58 0 0 0 0 98 0 0 19 0 47 0 0 99 52 0 0
98 0 0 0 0 0 0 0 0 92 0 0 24 88 0 0 0 0 0 0 0 0 0 6 0 0 0 0 0 0 0 0 72 0 0 0 0 0 0 0 0 0 71 0 0 0 0 0 0 0 0 0 0 96 87 0 0 75 50 0 0 48 0 34 0 0 97 0 0 0 0 0 0 0 0 0 0 0 0 0 0 0 0 97 0 0 45 0 0 0 0 36 0 39 0 44 0 0 22 0 0 0 0 0 91 0 91 74 0 0 0 91 0 0 34 48 96 0 0 0 16 0 8 0 64 0 0 19 0 36 0 0 0 0 26 0 0 0 0 0 32 0 0 0 0 0 0 99 0 0 0 0 0 0 0 0 0 47 0 82 0 0 0 0 0 0 0 0 76 0 31 0 0 10 0 2 0 37 0 0 0 0 0 0 0 7 0 12 0 0 0 0 0 74 0 17 64 0 11 0 56 58 70 0 0 0 0 0 0 0 0 0 0 0 0 0 0 0 0 0 0 87 0 0 12 0 0 0 0 0 0 0 0 0 0 0 13 0 0 0 0 0 0 0 0 0 0 81 0 0 0 0 0 53 1 48 0 0 100 42 0 0 0 0 0 0 0 0 0 96 0 0 0 0 0 0 0 0 22 0 0 0 0 91 0 22 0 3 44 0 0 0 0 0 0 0 0 0 59 40 0 18 94 0 0 0 15 0 0 0 0 36 0 0 0 0 0 73 0 11 13 66 15 0 0 0 0 39 0 0 0 0 13 0 0 0 0 21 65 0 0 36 0 0 8 7 67 36 0 0 0 0 0 0 0 0 49 0 0 73 0 0 0 86 2 70 61 0 0 0 0 0 0 0 63 0 0 2 0 0 0 0 0 0 0 0 0 0 0 0 0 0 0 0 0 0 0 0 0 0
0 0 0 0 0 33 0 64 77 0 53 25 0 0 0 0 0 0 0 0 0 0 47 0 0 94 0 0 0 0 0 62 0 0 0 0 0 2 0 0 49 0 80 0 0 0 0 0 0 0 0 0 0 0 26 11 0 0 0 0 0 0 0 0 63 0 42 0 50 0 79 0 0 0 23 0 0 0 0 0 0 0 70 0 0 0 0 0 0 0 0 0 0 0 0 0 15 0 0 0 28 73 0 0 0 95 0 0 0 0 0 76 0 0 0 0 18 38 10 0 91 0 0 54 0 0 0 0 0 0 0 0 0 0 56 0 0 0 79 0 0 0 0 87 0 39 0 0 0 0 0 66 0 2 0 0 0 0 0 0 41 0 12 0 0 0 0 0 0 0 0 0 0 0 0 0 0 0 0 0 0 0 6 30 0 0 46 0 95 0 0 0 0 72 0 0 0 77 0 0 0 85 0 0 14 0 0 37 0 0 41 0 0 0 0 0 0 0 0 37 0 0 0 0 0 0 0 0 0 0 0 0 0 0 0 0 0 0 0 0 57 0 0 0 0 0 0 0 0 24 0 0 0 58 0 99 0 0 0 0 0 0 0 0 0 0 0 71 0 0 0 0 0 0 0 57 0 19 0 0 57 0 0 0 0 0 0 24 0 0 0 0 45 0 0 0 0 0 0 0 97 0 0 0 0 0 0 0 0 60 0 0 0 0 77 68 80 0 0 0 11 90 0 0 0 37 0 0 0 0 0 0 0 0 0 0 19 0 46 60 0 67 0 0 0 0 0 0 0 88 0 0 0 41 0 0 0 0 0 0 0 0 0 65 0 4 81 0 0 0 0 1 0 0 21 8 0 0 0 60 0 0 0 0 0 0 0 0 0 0 46 20 0 93 38 0 0 0 0 22
0 0 0 0 0 0 73 0 0 0 0 47 0 0 0 12 0 0 0 0 0 0 10 0 0 0 43 0 46 41 0 98 0 14 0 0 0 0 0 0 55 0 0 75 0 0 3 0 61 0 0 0 0 0 0 8 0 0 0 0 0 0 64 0 0 0 0 35 0 0 28 0 0 0 0 14 0 0 0 0 0 50 0 0 89 91 0 0 32 0 0 0 0 0 0 0 64 0 30 0 0 0 0 0 0 0 0 0 78 0 75 24 0 82 0 52 0 84 19 0 18 0 100 0 0 71 0 0 0 0 39 0 0 0 0 29 0 0 0 95 0 0 0 0 23 0 17 35 0 0 0 0 0 43 0 0 0 0 0 54 0 0 0 51 0 18 94 0 0 0 15 0 22 74 0 0 0 3 98 0 0 0 0 0 0 7 33 0 0 0 58 98 0 0 0 0 70 0 0 0 0 34 82 0 0 44 0 0 0 0 0 0 0 0 0 13 0 51 0 71 0 0 0 0 0 0 0 0 0 0 0 0 36 0 82 0 0 0 0 0 37 13 0 0 0 0 0 0 0 0 0 0 0 0 0 5 0 70 31 0 58 0 36 0 38 88 48 0 28 0 80 0 9 0 37 58 0 0 60 0 0 41 60 0 0 0 49 0 0 0 0 30 0 0 0 0 0 0 16 0 0 0 0 77 0 0 0 0 0 72 0 0 0 0 77 0 0 0 0 0 0 74 0 0 13 0 0 0 0 0 55 0 0 79 0 0 0 61 0 62 80 99 0 0 0 0 0 0 0 0 0 0 1 71 0 0 77 0 13 66 0 0 0 0 74 0 0 62 0 0 0 0 52 0 0 0 0 0 0 0 0 0 50 0 14 0 58 0 0 0 0 0 0 0 0 0 34 76 0 0
0 0 0 0 0 0 0 0 0 0 0 0 0 0 0 0 0 0 97 0 0 61 0 21 0 0 86 79 73 0 0 0 51 0 66 0 95 2 0 0 8 0 0 0 50 0 20 0 0 0 0 33 0 0 0 31 0 0 30 0 0 0 99 0 0 0 0 0 0 67 0 0 0 0 0 0 0 5 12 0 58 0 0 76 82 0 0 0 11 0 0 0 15 0 0 0 0 0 18 0 63 78 0 0 0 10 7 0 62 0 0 0 0 0 0 71 0 0 0 37 0 0 0 0 0 0 20 94 0 0 0 0 0 0 75 0 0 0 0 19 0 0 0 0 0 0 0 3 73 0 85 0 0 0 77 0 97 0 0 0 0 0 0 0 69 0 72 0 48 0 69 0 0 53 0 0 0 0 0 0 0 0 0 0 29 0 61 0 98 0 79 0 0 0 0 0 0 0 94 0 0 0 0 19 0 2 59 0 0 0 11 0 0 0 0 0 0 0 0 75 58 0 0 0 0 0 0 0 72 0 0 0 6 0 0 0 0 0 0 0 0 26 0 0 0 0 0 0 0 0 0 0 29 0 0 0 0 0 0 0 0 0 0 0 0 0 0 0 77 0 4 0 0 0 9 0 0 0 0 0 0 0 0 0 17 0 0 45 0 32 0 0 0 0 54 0 0 55 0 0 0 30 59 0 0 0 0 0 0 0 0 0 11 0 0 70 0 0 0 0 0 0 0 0 0 0 0 0 0 0 0 0 2 81 0 0 0 83 99 0 1 84 0 90 0 65 0 49 0 0 0 70 62 30 0 0 64 0 0 0 0 28 89 0 49 0 35 0 0 0 0 0 0 0 0 0 0 0 0 90 0 0 0 0 45 0 0 64 0 95 0 0 2 0 45 0 0 0 0 64
52 0 26 0 0 0 95 80 0 0 0 0 0 0 0 0 0 0 0 89 0 0 33 8 0 0 0 0 0 0 0 0 0 0 0 0 49 0 0 0 0 0 0 0 0 0 0 73 0 0 0 0 12 0 0 0 0 0 0 0 0 0 0 0 0 23 0 0 0 0 0 0 0 5 0 0 88 0 0 0 70 0 77 64 0 0 80 0 0 32 0 0 0 70 80 0 0 0 0 0 0 0 0 0 0 0 0 0 0 0 0 0 0 0 0 0 0 0 0 7 0 0 0 0 0 9 0 0 0 0 0 0 0 50 0 0 0 0 0 0 0 0 0 0 7 0 0 0 0 58 0 0 0 0 0 0 0 0 0 39 0 0 24 0 0 0 0 13 88 0 0 0 0 0 0 0 0 0 0 0 0 0 0 0 0 27 0 0 0 86 39 0 0 0 0 0 0 0 0 0 0 0 0 0 48 0 0 32 0 0 0 0 0 15 0 0 0 6 0 59 0 0 0 0 0 21 0 0 0 0 0 42 0 0 0 0 0 0 0 0 0 0 6 0 96 0 0 0 0 0 0 0 0 64 70 0 0 0 0 0 92 0 97 82 48 64 0 99 94 0 0 0 0 74 0 0 0 0 0 0 89 0 21 0 38 0 0 0 0 0 0 0 0 0 0 0 0 37 46 17 84 0 0 0 31 67 55 0 0 0 0 37 73 0 0 0 18 0 0 0 0 71 0 56 0 0 75 0 0 0 0 0 0 0 0 0 78 61 0 0 0 58 0 3 0 0 0 0 27 58 0 0 80 0 0 60 0 0 0 0 0 0 86 0 0 0 96 31 68 10 95 0 0 0 0 0 0 0 0 0 0 0 0 0 0 0 71 0 0 0 0 36 0 0 41 0 0 0 0 53
100 0 49 0 0 0 0 0 0 0 0 97 0 0 0 0 0 0 0 88 0 0 0 0 0 45 0 91 0 0 0 0 0 0 0 22 61 0 53 0 0 0 0 40 0 0 8 0 0 0 7 0 0 0 30 0 97 60 0 0 98 0 0 0 0 0 0 0 73 0 21 0 0 0 0 0 90 0 0 0 42 0 0 0 0 53 15 72 0 0 0 0 0 55 0 37 0 63 0 66 0 0 0 0 5 0 0 0 13 0 0 88 0 29 60 0 0 84 69 0 35 17 53 0 0 73 0 98 0 0 0 0 0 39 0 0 87 57 51 91 85 0 0 0 17 0 0 0 19 41 0 0 9 4 0 0 0 0 0 62 0 0 40 47 10 32 0 0 0 0 0 0 58 0 69 0 13 0 0 15 0 0 0 0 87 0 20 0 94 0 0 0 34 88 0 0 0 0 0 0 0 0 76 62 0 0 0 0 0 0 0 59 0 85 62 0 0 0 0 0 82 0 0 52 0 0 0 0 0 0 0 0 38 47 0 0 43 0 0 30 0 0 0 0 0 14 0 87 0 0 0 0 92 0 67 0 0 0 0 0 0 64 0 0 0 0 0 6 0 0 50 85 0 0 0 0 45 0 96 0 0 0 29 0 32 0 38 0 0 0 0 93 31 86 0 0 0 0 0 0 0 0 51 0 0 0 0 7 0 78 0 64 59 0 0 94 28 0 0 0 0 0 0 98 0 63 93 17 7 0 0 0 23 0 0 0 0 0 0 0 0 28 0 14 0 0 0 0 0 0 0 0 83 0 0 0 62 0 45 38 76 0 86 0 34 14 0 50 0 0 0 0 12 58 0 0 11 87 0 0 0 0 0 0 15 35 0 0 5 0 0 0 73 1 0 0 0 0 0 0
68 75 0 0 0 16 67 0 0 0 0 0 0 0 0 0 78 0 0 4 0 54 0 0 0 52 0 89 0 0 0 0 0 0 0 0 0 0 89 0 0 0 0 0 0 79 0 0 0 87 0 0 0 0 0 0 0 0 46 0 30 0 0 0 71 19 0 0 0 0 28 0 0 0 0 0 0 0 0 0 31 0 0 0 0 0 0 21 53 75 0 94 0 12 0 34 71 0 0 77 0 39 0 0 29 10 0 0 0 0 0 0 80 29 0 0 0 0 0 0 0 0 0 0 0 0 0 21 0 35 71 0 0 62 0 51 0 0 0 38 0 0 8 97 3 0 0 0 0 0 0 0 0 0 0 34 0 0 0 0 66 0 1 0 0 73 44 0 60 0 0 0 73 0 0 0 0 0 0 0 4 0 0 83 0 0 0 0 3 0 58 44 33 0 0 0 0 0 0 0 0 0 0 0 67 29 0 0 0 0 0 24 0 61 0 43 82 2 86 0 0 0 0 61 0 39 0 0 0 5 0 53 84 0 0 0 0 0 0 0 0 89 0 0 69 3 0 0 0 0 0 0 76 5 0 0 88 0 0 0 0 0 0 0 0 0 0 0 3 41 0 0 0 80 0 21 0 0 0 0 90 0 0 0 22 0 0 0 0 92 0 0 0 3 67 73 0 58 0 0 0 84 0 61 0 0 0 0 0 0 0 0 0 0 0 0 76 33 47 0 0 0 0 0 0 0 0 0 0 90 0 0 0 0 0 0 0 0 0 0 0 0 0 0 0 59 62 0 10 2 37 0 0 0 0 0 0 0 0 33 0 0 0 0 0 0 0 0 0 0 0 0 0 0 0 0 53 54 0 0 0 0 0 0 0 32 0 0 94 0 65 0 0 6 34 0 0 0 0 19
0 0 59 0 0 0 0 0 0 0 29 0 0 0 0 0 0 0 0 0 0 0 0 0 0 0 0 0 4 0 0 0 0 78 62 54 0 0 0 0 0 68 26 44 0 15 0 0 0 0 0 0 0 0 29 0 0 0 0 15 0 0 0 0 0 0 0 0 98 0 28 0 0 0 0 0 0 0 87 78 0 0 0 0 0 0 64 54 0 0 0 0 47 0 0 11 0 0 0 0 0 0 0 85 0 59 44 0 0 0 0 0 0 76 61 0 0 0 0 37 0 0 0 0 6 64 62 0 0 0 0 0 0 0 0 0 0 0 0 0 0 0 68 0 0 0 36 0 0 0 0 0 0 0 0 0 0 12 62 0 52 0 0 0 0 0 58 0 0 71 70 0 63 0 0 4 78 86 0 0 24 0 0 0 92 0 0 0 0 90 24 0 0 0 73 0 0 0 3 23 33 49 0 0 74 0 0 0 60 73 0 0 75 0 0 0 73 0 57 0 0 0 0 17 0 0 7 0 0 0 75 0 0 0 0 17 0 0 0 91 65 0 0 0 0 0 0 0 0 0 0 0 0 0 94 0 47 0 0 0 0 21 0 0 0 0 0 0 48 74 0 0 0 50 65 0 0 59 69 0 0 0 0 0 0 43 0 0 0 93 0 0 28 11 0 0 74 31 0 15 20 0 93 0 0 0 0 0 91 0 0 0 54 0 64 0 0 0 0 65 97 0 0 20 65 0 0 0 0 53 10 63 80 50 94 0 0 0 89 0 0 48 0 0 0 0 0 95 0 0 0 0 0 0 14 0 56 0 0 0 0 16 0 0 0 0 0 0 71 0 0 0 61 95 0 0 0 0 0 36 0 0 0 0 13 0 0 0 0 69 18 0 0 0 8 0 0 0 0 61
0 0 0 0 57 55 0 0 0 0 0 0 0 0 9 0 0 0 0 69 58 0 1 85 0 0 0 0 0 0 65 0 0 82 0 9 0 0 0 0 91 46 0 0 0 39 0 0 0 2 39 0 0 0 0 0 64 0 0 0 0 0 39 0 44 34 0 0 0 0 0 0 0 0 0 0 0 0 0 0 0 63 0 0 0 0 0 83 0 10 75 0 0 0 0 0 0 0 0 0 0 0 0 69 0 0 0 0 0 0 0 0 84 0 0 49 0 0 0 0 0 0 0 37 69 0 0 0 0 0 0 0 0 5 0 0 0 0 0 59 65 89 0 0 40 0 0 77 0 0 0 0 0 58 0 0 65 12 100 19 0 0 13 100 0 0 0 0 70 0 0 48 0 0 0 0 68 0 0 0 13 0 0 0 40 14 0 0 0 0 14 62 0 82 0 64 97 0 14 0 0 0 0 0 0 0 0 0 0 0 49 0 91 0 9 0 0 0 0 65 0 0 0 0 0 0 0 0 0 0 57 0 0 0 11 0 0 0 0 0 0 55 0 98 48 0 52 0 0 64 65 0 0 0 0 0 0 0 0 0 1 0 0 0 0 0 83 0 0 0 95 0 0 0 0 11 0 0 0 0 87 0 87 0 59 0 0 74 91 0 0 0 4 0 0 0 0 0 0 10 0 0 0 49 99 0 69 0 82 24 0 0 0 0 0 2 0 0 75 0 47 0 0 0 1 0 6 0 0 0 0 40 0 0 0 0 7 0 0 0 25 80 31 0 0 0 93 0 0 0 0 0 0 0 0 80 89 0 0 0 75 10 0 0 0 0 25 0 0 0 0 0 0 0 0 0 0 0 0 0 0 0 0 42 0 0 0 92 0 0 0 31 95 0 0 79 54 0 0 0
0 0 86 64 0 0 0 0 0 0 0 0 0 0 0 49 0 0 0 0 0 0 28 0 0 0 0 0 0 0 38 0 39 0 0 0 0 0 0 0 0 72 0 27 94 0 0 0 0 24 54 0 13 0 0 0 0 0 0 12 0 0 0 0 0 48 15 0 0 0 0 25 0 0 0 0 0 0 0 0 26 41 0 81 76 17 90 37 0 0 14 0 0 0 0 53 0 0 58 0 0 0 76 0 0 66 50 0 0 0 0 32 0 34 40 60 9 0 0 0 0 0 11 0 0 0 0 0 0 0 0 65 0 0 0 63 0 0 0 54 0 0 0 0 0 0 0 0 0 0 0 0 0 0 0 100 0 0 0 0 0 0 0 0 0 0 0 0 0 0 97 0 0 71 0 0 0 39 0 0 0 0 0 63 0 1 0 0 87 0 0 0 0 38 0 7 0 0 0 0 0 0 0 0 0 0 0 0 74 0 92 0 0 0 0 0 0 0 0 0 0 0 78 0 0 0 0 0 0 85 4 0 0 0 0 0 63 0 0 0 100 0 0 0 0 77 0 16 0 0 0 0 87 0 0 54 32 0 0 65 0 0 70 0 0 0 0 26 0 0 0 0 0 84 0 0 0 0 0 0 0 0 0 0 0 0 0 0 0 0 7 0 0 0 0 81 0 0 0 0 0 0 17 0 0 93 0 0 0 54 54 0 6 0 0 4 0 0 0 94 0 0 6 0 0 0 0 0 0 0 84 0 21 0 0 0 0 0 10 0 0 0 0 71 0 0 0 0 0 93 0 0 0 25 0 0 0 0 65 0 0 73 47 0 4 0 0 0 0 0 0 0 17 0 0 0 0 0 0 0 0 0 26 15 0 0 0 0 0 0 0 0 0 0 0 0 0 0 0 0
0 0 0 0 90 0 0 0 0 0 0 0 0 42 0 0 19 0 0 0 0 14 0 0 0 39 0 0 0 0 0 0 0 0 0 0 40 0 0 0 29 0 0 67 29 60 0 0 0 0 0 0 0 0 81 0 51 0 55 9 0 0 0 31 0 0 0 0 0 0 0 0 0 0 59 69 0 0 0 0 0 0 0 0 21 27 0 0 0 80 57 0 0 0 0 37 0 0 0 0 67 73 0 0 0 0 0 37 0 0 0 0 0 0 0 0 0 83 0 0 0 0 0 75 0 0 0 0 0 55 0 0 0 0 0 0 0 0 0 23 0 0 30 0 0 34 0 0 0 31 0 0 96 0 0 0 0 0 0 0 0 0 0 0 32 0 0 0 0 0 0 24 0 0 0 0 29 57 0 0 83 0 27 81 0 0 0 0 94 34 1 0 76 0 0 34 0 0 68 0 0 0 0 0 59 63 0 0 75 8 0 50 0 0 0 11 0 78 0 0 0 92 8 0 0 36 0 5 0 0 0 0 0 0 0 0 0 28 0 0 0 0 0 18 0 0 0 0 0 100 0 9 0 0 96 0 0 0 79 50 35 0 0 0 0 0 49 0 0 0 0 17 0 0 0 0 0 0 0 0 57 0 0 60 0 0 56 44 0 63 0 0 37 0 76 0 0 0 0 0 0 0 0 32 0 0 2 0 36 82 0 7 0 0 0 0 78 0 0 37 0 0 22 0 0 0 0 0 0 73 0 81 0 0 0 0 0 0 0 0 0 0 26 0 8 0 0 64 0 0 0 0 0 0 0 0 0 61 0 56 0 0 78 0 81 0 0 0 0 0 0 0 0 0 0 0 0 0 0 0 90 0 0 37 0 0 93 90 0 0 0 0 0 0 0 0 0 0 0 0
0 0 0 1 93 0 0 0 88 0 0 75 0 0 0 0 0 0 0 0 18 0 79 0 0 0 0 0 83 0 84 0 0 0 0 0 0 0 88 56 28 0 0 0 0 91 99 0 0 64 0 79 70 0 42 0 0 0 57 0 0 0 0 0 0 0 17 0 0 0 0 87 0 49 19 0 0 0 0 0 0 0 0 0 0 0 77 0 0 0 0 0 0 0 0 11 0 8 0 0 64 0 0 0 0 0 0 0 0 0 0 0 0 0 42 0 0 0 86 0 0 0 0 30 0 14 30 17 0 0 26 0 49 39 0 0 0 0 0 0 43 0 57 0 66 0 0 67 0 0 86 0 0 0 88 0 32 0 0 0 58 0 0 81 60 0 0 0 0 0 0 1 0 0 0 0 99 0 56 0 0 0 57 0 0 0 0 70 0 7 79 0 85 0 0 0 0 54 0 0 0 89 0 0 0 0 0 0 14 0 0 0 0 0 39 87 0 64 0 0 64 87 0 26 0 0 61 0 3 3 0 10 0 37 22 6 0 0 0 0 0 0 0 66 0 46 0 0 0 84 0 0 0 0 0 82 0 0 0 7 15 83 0 0 0 0 0 0 75 0 12 0 0 0 0 11 0 0 15 54 0 0 0 0 0 0 0 40 0 78 41 0 0 0 0 0 84 0 0 4 37 0 0 0 0 63 0 0 0 0 0 0 100 78 0 51 23 0 0 0 0 0 3 0 33 0 0 0 0 84 0 0 0 0 92 90 34 95 0 12 89 0 0 0 0 87 19 0 0 0 0 65 0 0 80 0 0 0 0 0 0 0 0 0 0 0 0 0 0 92 21 0 0 67 25 0 0 0 0 28 0 0 0 0 0 0 0 57 0 17 0 0 0 0 0 94 0 0 41 0
0 0 0 0 0 0 0 42 0 0 23 0 97 70 0 86 79 0 0 0 0 0 0 0 0 0 91 0 0 0 0 0 0 0 0 0 0 37 84 17 99 83 0 0 0 0 0 0 0 0 0 54 31 26 72 0 0 0 0 18 0 0 0 0 0 0 0 0 0 0 64 0 56 0 0 0 0 35 0 0 9 25 0 0 0 0 0 0 0 0 0 0 0 0 94 0 20 0 0 82 0 0 0 70 38 0 23 0 0 0 0 0 0 0 59 0 20 0 0 0 0 0 0 0 0 59 0 0 23 0 0 14 0 0 0 17 0 0 0 61 0 0 0 0 74 65 9 96 0 0 0 0 0 69 0 0 34 0 71 25 0 0 0 0 70 0 0 0 0 0 0 0 0 100 51 0 0 0 0 0 0 0 98 0 36 0 0 0 0 0 0 0 0 0 0 0 0 0 0 0 0 0 0 0 0 0 0 0 0 66 0 0 0 41 0 0 80 0 0 0 0 58 11 0 49 0 47 0 0 0 0 46 0 0 0 86 26 91 0 0 0 67 0 0 0 0 0 75 0 0 0 0 0 0 0 76 0 14 0 0 0 0 23 4 0 0 0 37 0 0 0 0 0 0 0 23 43 25 45 37 0 0 0 0 55 55 89 0 0 0 0 0 0 0 0 0 0 0 80 0 0 0 0 0 0 0 0 0 0 0 0 0 11 0 0 0 0 0 0 0 0 0 0 0 0 0 0 99 26 50 0 64 50 0 78 0 0 0 0 0 97 0 0 74 80 0 87 0 0 0 0 0 92 0 9 0 0 82 0 0 55 96 100 0 0 0 95 0 82 0 2 0 0 0 0 0 70 0 0 0 0 0 0 0 0 0 0 39 0 0 0 0 0 94 0 0 42 0 0 0
47 0 42 0 0 0 0 0 0 0 0 0 0 0 0 0 0 0 0 0 0 0 24 0 0 0 53 0 0 0 0 85 0 0 0 0 0 70 0 0 0 0 32 0 0 0 0 0 0 0 0 85 89 46 0 0 66 0 0 0 0 0 0 48 95 0 75 0 0 0 27 0 0 0 0 0 0 0 0 0 28 0 0 67 0 44 0 75 0 0 15 70 0 0 0 0 0 0 53 0 0 0 0 0 23 0 0 0 0 0 0 0 0 0 0 0 0 38 0 85 90 64 13 0 0 46 0 0 0 40 0 0 0 0 0 0 0 80 52 0 9 0 0 0 0 0 19 0 15 0 0 0 0 33 51 0 0 0 73 0 0 0 0 0 0 96 0 0 0 65 0 0 0 0 0 0 0 0 0 0 0 0 0 0 0 0 0 80 0 0 0 0 0 20 0 19 0 0 0 0 0 0 92 0 0 0 0 0 86 40 42 0 0 0 0 0 4 0 0 0 78 0 0 0 0 0 0 0 38 0 0 0 0 32 0 41 0 0 41 0 0 0 0 47 0 0 94 0 0 40 0 0 23 0 0 0 0 0 0 0 0 0 0 60 0 0 23 89 0 0 0 0 10 0 0 0 0 0 0 10 0 0 0 0 0 0 0 0 0 0 0 85 0 0 0 0 0 0 99 76 0 0 0 73 0 0 13 0 4 43 36 0 0 0 0 0 0 0 0 18 0 97 0 0 0 0 0 0 70 24 0 0 0 12 0 0 0 0 0 0 0 0 5 0 0 0 48 2 0 0 0 0 16 0 22 0 0 0 36 0 0 0 57 0 0 34 52 0 0 54 0 0 0 45 26 0 0 0 0 0 11 6 0 0 0 0 0 0 0 0 0 71 0 0 16 0 0 0 0 0
0 0 0 61 0 0 0 0 0 0 87 0 12 54 0 0 0 0 88 0 0 0 0 0 0 0 0 0 0 0 0 72 0 0 0 0 0 74 0 0 47 0 0 42 60 0 0 0 28 25 0 77 0 0 73 0 0 0 0 0 61 0 0 0 0 21 0 66 85 57 0 0 0 0 0 0 0 91 0 0 0 0 0 67 0 0 0 0 0 0 0 0 0 58 87 33 0 0 0 81 0 64 0 0 0 13 0 0 0 0 0 0 0 0 0 16 0 0 0 0 0 0 0 31 0 0 0 0 0 0 6 92 0 73 0 0 0 29 0 0 0 0 0 0 0 0 0 0 0 0 0 0 0 76 0 0 0 0 73 0 0 0 0 0 0 0 0 79 27 0 0 0 0 0 36 83 0 0 0 49 0 87 0 0 0 21 0 0 0 0 77 0 0 0 0 0 0 46 0 100 27 0 0 0 0 0 0 67 0 0 0 0 0 73 0 63 49 12 0 0 0 0 0 43 0 0 0 0 0 0 54 94 0 0 0 28 0 33 0 0 0 0 0 0 0 47 19 0 0 0 0 0 0 0 0 0 0 0 0 0 81 31 0 0 41 58 76 0 0 0 0 0 0 53 1 0 70 0 19 0 0 0 0 0 79 0 0 0 0 0 0 0 0 0 0 0 0 0 0 0 0 0 0 0 0 0 0 0 0 0 0 0 0 0 0 0 0 0 0 0 76 0 0 0 97 27 91 0 0 0 0 0 0 13 0 0 0 0 0 0 0 0 0 0 0 0 10 0 0 0 0 6 0 63 0 0 34 0 0 0 0 0 0 0 0 0 0 0 0 28 0 0 0 0 86 0 0 0 34 0 0 0 0 0 2 0 0 0 79 93 0 0 0 0 0 0 0 0 97 0
0 0 0 15 0 0 0 0 0 0 0 87 0 0 12 0 0 0 98 0 0 0 0 80 0 0 0 0 0 0 67 24 53 0 0 0 0 0 0 63 0 0 0 20 91 91 0 0 27 0 0 76 0 0 0 0 0 0 5 0 0 0 0 0 0 0 0 0 0 0 0 89 0 0 51 0 0 0 0 70 64 0 0 0 0 0 0 0 0 15 99 0 0 0 97 0 0 0 37 0 0 10 0 0 84 0 0 0 0 39 0 45 0 78 0 0 0 0 57 0 0 0 45 68 0 0 0 0 99 51 0 7 55 0 25 0 0 0 93 0 0 0 0 56 0 0 31 1 0 82 25 0 10 0 0 0 0 0 0 0 0 0 0 0 0 0 19 0 0 82 0 38 89 0 0 78 0 0 0 0 0 0 67 0 0 0 0 43 87 0 0 0 0 0 0 0 13 22 0 0 5 0 0 0 0 58 0 0 0 66 0 0 0 0 0 0 0 0 0 0 0 39 0 0 0 0 22 0 0 0 0 0 77 0 0 0 0 0 0 0 0 0 11 0 0 9 0 0 0 0 0 88 22 39 85 0 19 0 0 0 0 19 0 0 0 83 0 7 0 0 0 0 15 0 0 0 0 0 58 40 23 0 97 0 0 56 0 0 0 0 0 63 0 0 0 0 65 0 0 0 0 0 87 0 23 38 0 0 35 0 0 4 0 0 0 0 0 0 0 0 0 0 75 0 0 0 0 79 0 0 0 0 0 26 0 0 22 0 0 17 0 0 0 0 0 30 0 0 0 0 2 72 0 0 0 0 0 0 0 0 0 83 0 68 0 86 0 65 0 0 0 0 0 0 0 0 94 0 0 22 0 0 0 0 0 0 82 0 0 0 98 0 23 0 0 0 0 61 0 0
38 0 0 0 82 0 0 0 0 0 0 57 0 0 0 0 0 0 43 0 47 0 71 0 0 0 78 29 0 30 0 0 58 97 0 0 0 0 0 0 59 54 0 0 90 0 0 0 0 0 62 29 0 0 0 0 0 0 0 0 0 0 0 0 0 64 57 0 0 0 0 0 0 0 0 0 0 0 0 0 0 0 0 0 46 0 0 0 5 0 69 0 84 0 0 0 0 0 0 38 95 0 0 19 0 0 57 0 7 0 0 0 34 0 13 0 0 0 0 0 13 87 29 0 0 0 34 38 46 0 10 64 0 0 0 50 0 0 0 0 0 100 23 0 0 0 0 0 0 0 80 0 0 0 84 0 0 0 45 0 0 54 0 0 0 0 0 0 0 0 0 0 0 0 0 0 30 79 0 0 0 0 0 0 93 0 0 0 25 45 1 0 0 0 0 0 0 49 0 0 0 0 0 0 0 0 0 0 0 0 0 0 0 24 0 0 0 0 0 0 0 15 0 0 0 0 0 0 64 0 40 0 0 0 0 0 0 0 31 0 0 0 0 0 0 8 32 0 0 0 0 0 0 0 0 0 0 0 0 0 58 17 0 95 0 0 0 14 0 0 0 0 0 0 0 65 0 0 0 0 0 54 0 0 36 0 59 0 3 0 0 0 0 0 0 0 0 0 0 0 0 34 0 79 0 0 0 75 0 0 0 0 0 0 4 0 0 0 0 0 0 35 6 88 0 0 0 73 0 0 0 0 0 0 21 30 0 74 0 0 0 0 0 0 0 0 0 79 86 18 0 15 0 0 0 0 0 0 0 0 0 6 68 0 30 0 0 0 0 0 30 0 0 0 0 64 0 82 0 0 0 0 0 20 0 0 0 76 0 0 0 0 0 0 0 0 0 0 0 40
0 0 0 0 0 0 0 75 0 0 0 0 0 0 0 5 50 0 72 0 0 0 0 0 0 0 0 0 0 0 0 0 0 0 73 0 82 0 0 0 43 0 0 0 0 71 0 0 0 0 0 0 0 0 92 0 0 0 0 0 11 79 0 0 0 69 0 46 0 0 0 0 59 92 93 0 91 0 37 0 0 29 0 0 0 0 0 0 0 0 0 0 20 0 0 0 0 0 66 0 0 71 88 0 0 0 0 0 66 0 0 0 0 0 0 0 0 0 0 0 0 0 0 0 0 0 0 0 96 0 90 0 5 0 41 0 36 0 13 0 0 0 82 0 0 0 0 0 0 0 0 52 0 0 0 0 0 76 0 0 0 0 27 43 0 0 0 0 50 0 0 0 0 0 0 0 0 0 91 0 0 21 0 0 56 7 0 0 0 94 0 0 0 0 0 0 0 0 37 0 0 0 0 0 0 56 57 0 0 73 0 0 0 0 0 0 0 0 0 0 0 0 0 0 75 22 0 0 0 64 76 0 0 4 0 0 0 45 85 0 0 0 0 0 0 0 0 0 0 5 14 0 0 0 0 21 79 0 0 0 0 0 58 74 0 0 0 28 0 0 0 0 0 3 0 0 0 0 58 0 0 0 0 0 0 0 0 0 0 42 0 0 0 49 0 62 0 0 0 0 17 23 0 0 48 31 0 0 0 0 79 0 0 0 0 0 0 0 0 62 0 0 0 0 0 0 68 0 0 0 22 0 0 0 0 0 0 50 0 0 0 0 0 21 0 0 49 96 72 75 0 0 0 90 0 0 0 0 5 0 0 62 0 0 50 0 29 83 39 0 0 0 31 0 0 0 14 0 61 0 0 97 0 0 0 0 0 0 0 0 0 0 0 0 0 0 53 69 0 0
0 0 0 0 0 0 0 60 0 0 0 0 0 58 41 0 0 0 0 0 0 38 72 0 0 0 0 0 0 72 0 0 0 0 0 0 0 30 0 0 0 55 0 94 0 0 99 0 0 0 0 0 0 0 94 31 0 0 0 54 0 0 0 0 92 72 0 0 0 0 0 73 0 0 0 0 0 0 0 0 97 0 1 0 0 0 0 0 0 0 86 0 0 11 0 46 0 0 0 16 0 0 49 40 40 59 0 0 0 72 80 0 62 0 0 0 81 0 0 0 0 18 0 71 0 52 0 0 0 0 16 0 0 0 0 0 0 0 0 0 82 0 65 0 0 0 0 97 0 0 0 76 58 94 53 0 93 0 0 46 43 0 0 0 71 42 0 62 0 0 0 72 0 0 41 0 0 0 65 0 0 0 0 26 0 31 0 0 26 38 0 0 0 0 0 0 67 0 0 0 0 0 0 0 0 0 0 0 0 0 0 0 0 0 16 0 0 0 69 0 0 0 0 16 0 97 0 65 19 0 0 81 0 81 0 0 0 0 0 0 6 53 0 0 73 54 88 24 0 14 0 0 79 0 0 0 95 0 0 0 0 0 0 0 58 0 0 97 0 0 7 0 98 0 0 65 0 0 0 87 0 0 0 0 0 45 0 0 0 0 0 0 17 0 35 0 14 0 0 0 0 46 0 95 60 0 0 0 87 93 60 0 0 32 95 0 79 50 0 71 88 0 0 0 45 0 0 0 0 0 0 0 0 0 0 0 0 0 72 0 0 97 0 0 0 0 92 0 22 0 0 0 0 20 0 83 0 0 0 0 0 0 0 45 70 0 0 0 0 0 0 0 70 0 0 0 0 0 0 0 0 97 0 66 0 0 0 72 0 0 0 0 0 9 94 33 0 0 87 0
0 0 0 0 63 0 0 0 0 38 52 0 0 0 65 0 0 32 0 0 0 0 0 0 0 0 86 0 0 0 0 0 0 0 0 62 97 0 0 45 0 0 6 0 0 0 0 0 0 0 0 0 0 0 0 0 27 0 0 38 0 4 0 0 0 0 0 0 0 0 0 0 0 0 0 0 0 0 0 0 0 88 33 0 0 5 0 0 0 0 0 0 0 0 15 69 0 0 74 0 0 0 95 0 16 0 0 0 0 0 0 0 0 0 0 0 0 0 0 73 0 0 0 0 0 85 0 0 100 0 54 55 0 0 0 0 87 0 78 0 0 0 0 0 0 0 0 0 0 0 0 0 0 32 0 73 48 0 0 0 0 22 94 62 45 0 0 0 0 98 0 0 0 0 0 6 0 0 0 0 0 0 0 0 0 0 0 0 79 0 0 20 69 0 0 81 29 0 0 27 0 0 49 43 0 0 32 0 0 59 0 80 0 0 0 81 51 81 0 0 39 0 0 0 0 0 0 0 0 14 0 0 98 0 0 0 0 0 1 19 0 0 36 76 36 0 0 0 66 0 0 0 0 0 0 0 0 61 0 0 0 0 0 0 0 0 0 0 0 48 0 0 0 47 65 64 9 0 0 36 86 63 0 0 0 0 0 0 0 0 35 0 0 92 0 0 0 0 0 60 68 45 0 0 0 0 0 0 0 0 0 0 0 0 9 0 0 0 48 76 0 0 0 0 0 0 0 0 89 27 0 0 0 0 0 0 0 0 67 0 0 0 0 0 0 0 0 0 0 59 0 0 0 0 0 0 0 0 0 0 8 0 99 21 0 23 48 0 0 4 0 0 54 0 0 47 0 0 0 0 0 0 0 0 0 0 0 0 0 17 0 6 0 0 0 0 62 0 10 0
0 0 0 0 0 0 0 0 0 36 20 0 0 0 0 0 92 0 0 59 0 57 0 0 0 0 45 0 0 0 70 0 0 95 0 0 0 0 0 0 0 0 0 0 0 87 0 0 0 0 0 0 0 0 0 73 0 0 0 0 82 24 0 0 60 0 0 91 0 0 0 0 13 0 0 0 0 0 0 83 0 0 0 0 0 0 0 0 35 0 0 0 87 0 0 0 0 0 0 0 0 82 43 59 0 0 0 0 0 0 0 0 63 0 34 0 77 0 0 0 0 0 13 0 0 0 0 64 0 0 0 14 27 0 0 0 0 0 0 0 83 0 0 0 0 32 0 0 23 0 0 0 0 0 0 0 63 0 0 0 44 57 65 0 0 0 0 0 12 6 61 0 0 25 0 0 0 51 0 0 93 0 76 0 0 51 0 44 0 24 13 0 0 50 4 0 0 0 0 0 0 80 0 84 0 0 0 0 0 0 0 52 0 0 0 0 0 0 0 0 0 0 83 0 0 97 0 94 0 0 55 58 0 0 0 0 0 0 0 0 0 0 77 0 0 0 24 0 0 0 28 95 0 0 0 0 38 0 0 0 0 0 0 46 20 0 0 75 0 28 0 0 0 0 0 0 0 79 0 0 0 4 0 0 91 1 22 0 71 20 0 0 14 49 97 0 0 0 0 44 85 0 63 0 0 0 0 16 0 0 0 0 3 0 0 0 0 0 0 0 0 2 0 0 3 0 0 0 0 0 0 69 10 0 40 0 0 44 0 46 37 32 0 0 22 0 0 0 0 0 0 0 0 0 0 0 91 68 41 64 0 0 0 0 8 0 0 0 0 0 12 0 0 0 13 0 0 0 0 0 0 0 83 0 20 0 0 0 26 73 0 0 0 0 0 36 0 0 0 0
76 0 0 0 0 0 0 0 27 0 0 0 0 0 92 61 0 16 0 42 0 36 0 72 0 0 0 0 89 0 0 0 0 0 0 0 56 0 0 0 0 0 0 0 0 79 0 0 0 0 0 0 0 0 0 0 0 0 0 0 0 31 0 23 0 0 0 0 0 0 0 0 0 0 0 0 0 0 0 41 0 41 0 0 0 0 18 0 0 0 0 0 69 2 0 0 0 41 0 0 0 0 0 0 0 0 0 0 42 0 0 0 0 0 0 0 97 0 0 0 3 0 0 77 0 0 0 0 0 0 0 0 0 0 0 29 0 0 69 32 0 0 0 0 0 45 36 0 0 0 0 0 0 19 0 0 0 0 0 0 76 0 4 0 48 0 0 0 0 0 0 0 0 0 0 0 0 0 0 0 0 9 23 57 0 0 0 0 0 0 0 0 0 0 0 49 0 25 72 89 0 0 87 0 70 0 0 0 65 24 0 0 36 0 0 0 16 0 32 0 97 0 0 0 88 0 10 0 0 0 0 0 0 0 0 0 79 97 0 0 0 0 0 0 43 72 0 0 0 0 0 0 0 0 0 0 0 47 31 66 0 0 0 0 0 0 0 0 0 0 0 0 0 0 0 0 0 0 0 0 0 0 0 0 0 0 0 0 0 0 0 35 0 0 0 0 0 0 0 0 0 0 0 0 0 0 0 0 0 0 72 0 0 0 0 89 0 0 0 0 0 0 0 11 0 0 52 0 3 0 0 0 0 0 0 0 0 0 0 81 0 0 1 0 0 0 0 0 0 5 0 66 75 0 0 68 78 0 0 0 0 0 0 0 0 0 0 0 0 0 0 0 0 0 0 0 0 0 0 0 69 0 0 0 0 0 0 0 0 0 0 0 0 40 68 98 23 0 0 0
83 0 0 0 0 0 0 0 0 82 0 63 0 99 0 0 0 0 35 0 0 0 0 0 0 0 96 0 0 0 0 0 0 52 0 38 0 0 12 0 0 89 0 0 0 0 77 0 0 0 0 35 60 0 0 0 60 18 0 73 0 0 0 0 0 0 0 0 0 0 23 82 86 0 0 0 25 0 90 0 35 7 0 0 0 28 0 0 0 0 0 0 0 0 0 0 46 0 0 0 0 0 0 0 0 0 0 0 0 0 61 0 0 0 0 46 91 0 87 7 70 0 0 0 0 0 1 0 87 0 19 11 0 0 0 0 0 0 43 0 33 31 86 35 0 0 0 0 0 0 0 0 0 0 0 12 0 0 96 0 93 0 0 0 54 0 30 0 0 0 51 0 0 50 0 0 0 0 0 93 0 0 0 0 0 0 0 0 65 0 0 0 6 0 26 44 0 0 0 0 10 0 0 0 92 0 0 0 0 74 26 0 84 0 31 0 3 0 0 72 0 0 26 0 0 0 0 74 0 0 0 0 0 0 0 0 0 52 0 0 0 0 0 0 0 0 0 0 0 83 81 0 0 0 0 0 0 0 68 80 0 0 0 0 0 0 0 19 72 43 0 0 0 0 95 62 59 0 0 0 85 100 0 95 93 53 0 0 0 0 0 0 0 0 40 0 24 35 0 0 0 0 0 0 35 99 0 0 0 0 0 55 0 0 0 0 0 0 0 0 0 0 0 0 0 0 0 0 0 0 56 80 0 82 11 0 13 0 0 0 0 0 0 0 0 0 0 0 0 0 0 69 0 0 0 47 0 0 0 0 0 0 0 0 0 0 0 0 0 66 0 0 0 0 0 0 0 0 0 0 0 59 0 0 0 0 0 60 0 0 0 0 73 0 0 0 0 0 0 0
37 0 42 0 0 0 0 0 11 0 0 0 0 0 0 0 0 69 0 0 87 0 12 59 11 0 0 0 0 37 0 0 0 0 85 0 45 0 0 0 0 0 0 0 0 0 40 0 0 0 0 93 0 0 0 57 0 0 0 48 0 0 0 0 0 0 0 0 0 0 13 0 9 0 0 0 0 0 90 0 0 0 0 0 0 0 3 0 0 5 0 94 0 37 0 0 0 23 0 0 0 0 0 49 0 0 0 0 0 0 50 0 0 0 0 2 0 0 0 72 0 0 0 100 0 0 0 0 0 0 0 0 0 0 0 98 55 0 0 26 0 0 0 0 0 0 0 88 0 0 0 0 0 77 0 0 66 0 0 0 0 87 0 0 87 0 0 0 0 86 0 29 0 0 0 0 2 0 0 0 0 0 0 0 66 0 0 98 0 0 23 67 0 0 0 0 0 83 0 16 0 25 41 0 29 74 0 0 0 0 0 0 82 38 0 0 0 0 0 68 25 0 0 0 1 0 0 0 0 0 0 54 21 0 0 0 8 0 0 63 0 0 76 0 0 0 0 54 8 63 0 0 0 0 68 5 0 0 0 0 0 0 0 0 0 0 51 0 0 0 0 94 24 0 24 0 0 0 0 0 0 0 45 0 2 0 0 57 69 0 0 15 40 0 26 0 0 0 0 0 0 0 18 0 0 0 59 0 29 0 77 35 0 0 25 0 0 35 75 0 0 0 0 0 0 0 0 0 95 0 0 0 0 0 0 0 0 0 0 0 0 0 0 0 0 0 0 0 0 0 12 0 55 0 0 0 0 0 0 0 88 0 0 0 0 0 0 0 0 0 55 0 0 0 0 0 0 0 13 0 0 57 17 0 0 0 0 0 0 0 0 0 0 0 66 24 0 0 71 0
0 0 0 0 0 15 0 0 0 0 0 0 0 0 0 0 73 0 0 1 0 0 0 0 0 30 0 0 0 0 0 0 0 7 0 0 0 0 0 0 0 0 0 0 0 0 0 0 0 17 0 77 0 19 0 0 0 0 0 88 8 0 0 27 0 58 0 36 74 0 0 0 0 65 0 0 56 0 47 0 0 0 0 0 0 0 67 0 89 38 0 0 0 0 0 0 0 39 0 0 8 97 55 10 83 94 0 15 0 0 0 0 0 0 0 0 0 63 0 0 0 0 0 0 0 0 0 0 0 0 0 0 0 0 0 0 0 0 92 0 0 0 0 0 0 84 63 2 0 0 0 0 75 0 0 82 0 2 0 0 0 0 0 0 0 0 0 0 0 0 0 0 0 0 76 0 0 12 0 0 0 66 0 0 19 0 0 33 80 0 0 0 86 0 0 6 0 0 0 0 36 0 0 0 0 0 0 0 0 0 51 0 0 0 39 0 18 0 0 0 0 0 20 62 0 32 0 0 0 46 19 25 0 0 0 0 3 0 0 0 0 20 0 0 45 0 0 0 0 0 0 0 0 0 0 0 0 0 0 0 99 63 5 0 0 0 0 0 0 0 0 0 0 0 48 0 10 0 30 0 0 0 47 0 0 42 0 0 0 0 30 0 0 94 79 87 0 0 0 51 0 0 0 0 0 0 0 24 0 0 0 0 0 0 0 0 98 0 65 0 0 0 0 0 0 68 0 0 0 0 0 0 0 0 0 96 0 73 0 0 42 0 0 35 0 0 0 0 0 0 0 0 27 99 0 0 0 0 0 0 0 85 0 0 0 95 0 37 26 0 0 0 0 0 0 35 0 0 0 0 0 0 0 0 0 0 0 69 0 20 0 0 38 90 0 0 17 47 0 0
87 36 98 92 0 48 0 0 0 42 0 0 0 0 0 68 0 84 0 0 0 0 49 0 58 20 0 72 0 0 0 0 32 47 0 83 73 0 72 66 0 0 92 0 0 0 0 0 0 0 0 19 60 59 0 67 29 0 0 0 0 0 48 0 0 0 0 9 0 0 0 0 0 0 0 6 0 0 0 48 0 0 59 0 0 0 83 0 68 0 33 48 0 0 0 0 0 0 0 0 0 55 0 86 63 0 48 0 0 67 0 0 6 0 0 0 0 0 0 0 0 57 0 0 0 0 0 0 0 0 0 61 0 0 0 88 0 0 0 0 0 0 0 0 0 0 0 0 96 8 0 9 0 0 0 0 0 0 0 39 39 0 0 0 50 0 72 0 0 0 0 13 0 0 0 0 78 0 4 95 0 99 0 0 0 0 0 72 0 0 0 0 0 0 0 0 0 0 0 0 0 33 0 100 0 0 0 0 0 19 0 0 0 0 81 0 0 0 0 0 0 0 0 0 24 0 6 0 90 0 0 44 0 0 0 0 0 0 0 34 8 95 0 0 0 0 0 0 0 0 0 50 0 0 0 0 0 0 0 67 0 0 0 40 0 0 0 89 0 80 0 0 0 0 0 0 0 0 0 0 0 54 0 0 35 0 0 40 33 57 0 39 0 0 0 0 0 30 28 0 0 0 66 0 0 0 70 0 26 98 0 92 0 41 0 51 0 0 33 0 0 88 62 0 0 0 0 49 0 0 0 0 0 0 70 31 99 0 71 0 0 0 0 60 0 68 0 0 0 0 0 8 0 37 0 0 0 0 0 0 46 0 0 0 0 82 0 0 0 0 0 0 27 0 0 91 63 32 0 71 99 0 0 50 0 0 0 0 0 76 0 5 8 50 0 0 0 97 0 0
0 0 0 0 0 0 0 0 0 41 0 0 3 26 0 0 0 0 0 0 0 0 0 0 6 28 19 0 0 88 0 0 0 0 0 0 0 82 0 0 0 36 0 70 0 0 0 0 0 0 0 0 100 0 0 0 0 0 0 0 0 76 0 0 0 21 0 0 0 0 0 0 0 0 0 0 0 0 17 0 0 0 10 0 46 76 0 100 0 0 3 0 0 77 87 0 13 0 0 87 0 0 0 0 0 73 0 0 0 45 0 0 0 0 0 68 0 0 0 0 0 7 0 0 0 0 0 0 95 0 0 0 66 83 0 0 31 0 0 3 0 0 0 39 0 87 72 0 77 0 76 0 33 0 0 0 97 0 32 0 0 0 0 100 0 0 0 0 71 92 66 18 0 0 0 0 0 23 0 0 0 0 54 0 0 0 73 0 0 0 0 0 95 0 0 88 54 96 0 0 0 92 0 0 0 0 0 0 83 0 0 0 0 0 0 0 61 0 41 0 0 0 79 32 68 0 24 0 0 0 17 0 0 0 0 0 0 0 1 0 0 0 0 0 32 53 0 0 0 8 0 0 26 0 65 0 0 0 0 0 0 0 0 0 0 24 27 0 7 0 0 0 36 0 0 0 0 74 0 0 80 74 0 0 0 0 59 0 0 40 0 0 0 0 0 0 0 67 0 0 0 0 0 0 0 0 0 2 0 0 37 0 0 0 0 48 0 0 0 0 0 0 0 30 0 0 100 0 19 0 0 0 0 0 0 6 28 19 0 0 0 63 28 0 52 0 49 0 58 0 0 0 0 0 0 0 0 0 0 0 86 0 0 0 0 72 0 52 0 0 0 0 0 0 0 0 19 0 98 0 0 0 96 0 0 0 0 0 0 13 0 0 27 23 0 0 73 0 18 0
78 0 0 0 0 0 0 72 0 0 0 0 0 0 86 5 0 0 0 0 0 89 0 0 0 0 56 0 27 56 0 13 0 0 20 0 0 0 0 0 0 0 0 0 0 21 33 53 0 0 0 0 79 4 0 0 0 85 0 0 0 0 0 0 0 0 2 0 46 99 0 0 0 0 0 0 38 0 0 66 30 0 0 0 0 0 0 4 0 0 0 0 0 0 0 0 0 0 31 0 48 20 0 0 0 19 20 0 44 0 0 0 43 0 100 0 0 0 0 0 0 0 0 0 0 0 0 0 0 0 0 0 0 0 0 0 0 12 0 1 0 0 13 62 0 43 0 0 68 0 0 0 0 0 57 0 56 33 0 0 52 58 0 0 0 0 0 0 78 0 0 0 0 34 0 0 0 1 30 0 0 74 0 0 0 81 0 0 0 0 0 0 0 0 51 0 31 0 0 0 0 0 0 0 0 0 0 0 0 0 0 0 0 0 48 0 0 33 0 58 17 0 0 0 0 0 26 0 91 24 62 0 0 0 86 58 60 0 45 62 0 33 0 40 42 0 34 93 0 0 0 0 0 80 0 0 0 0 0 0 0 98 65 0 0 0 50 0 0 0 0 0 91 0 94 0 0 0 0 27 0 0 9 0 0 12 0 0 0 0 0 0 0 91 0 99 0 87 0 16 0 0 0 0 0 0 0 0 0 16 0 0 14 0 0 75 0 0 0 0 0 0 99 20 0 0 0 0 0 0 0 0 89 0 0 98 0 0 0 62 0 0 0 82 0 0 0 0 0 0 0 0 23 0 17 0 0 0 0 0 0 82 0 49 0 0 11 0 0 0 56 0 0 26 0 71 0 0 0 0 45 9 0 24 0 14 0 45 0 0 40 0 0 0 0 87 10 44 0 0
0 0 49 85 93 0 0 0 0 0 17 0 0 41 0 0 0 0 26 0 78 0 0 0 0 71 0 44 0 0 0 0 0 0 0 0 0 35 0 0 0 58 0 45 0 83 70 0 0 0 21 0 0 84 0 0 0 0 84 0 0 0 0 0 0 54 0 0 0 62 3 0 0 59 0 0 0 59 0 24 0 18 88 0 0 22 0 0 0 1 11 72 0 0 1 7 0 0 0 0 67 13 87 2 0 0 10 0 0 32 0 0 0 0 34 0 0 0 11 0 0 0 0 0 0 0 0 40 0 0 0 0 0 38 0 0 0 0 0 65 0 0 0 0 41 91 0 50 0 0 26 31 0 0 4 0 0 0 0 53 94 0 0 0 0 0 0 55 0 0 51 0 0 12 0 67 80 7 18 0 0 0 66 0 78 0 0 36 0 0 0 0 0 0 0 0 0 22 0 0 58 0 0 0 0 0 31 0 0 0 0 0 0 0 0 0 0 0 0 0 0 0 97 0 0 0 0 0 0 0 0 0 0 0 0 0 0 31 0 51 0 0 0 0 0 0 0 0 0 0 0 0 0 0 0 0 78 0 0 94 44 0 0 0 0 0 0 0 0 30 0 0 0 0 0 0 0 81 0 0 0 9 99 0 0 63 0 0 0 0 0 0 0 0 0 0 29 0 0 0 0 0 0 0 0 94 0 0 95 0 0 0 24 0 84 0 33 0 0 15 0 0 0 72 0 0 8 13 0 0 0 0 0 0 44 0 0 31 0 71 0 0 0 0 0 0 11 0 0 0 0 0 0 0 0 0 0 0 0 0 0 0 50 0 0 0 0 0 0 0 0 31 75 90 0 0 85 0 0 64 0 0 0 0 0 26 83 72 0 0 0 0 0 0 0 97 0 0 0 0
0 54 0 0 6 0 0 0 86 0 0 0 86 0 0 57 0 41 0 0 0 0 0 34 0 0 0 0 0 0 0 95 0 0 0 0 0 0 0 43 0 0 0 0 0 72 0 0 0 72 2 0 0 92 77 0 31 0 0 0 0 0 0 63 34 71 99 0 82 6 84 0 0 0 0 0 0 0 0 0 0 0 0 96 0 0 0 46 4 0 69 0 0 0 0 0 0 6 39 0 93 56 0 55 0 0 26 0 0 86 0 0 0 8 0 0 0 0 0 0 0 0 0 83 0 0 0 0 0 0 0 0 0 0 1 0 0 0 59 0 0 0 0 0 98 0 46 0 0 0 0 0 0 0 5 65 0 0 0 0 36 0 92 0 0 0 0 0 0 93 0 0 0 0 0 0 93 0 0 37 0 18 0 0 0 0 10 0 19 0 0 0 0 32 72 0 0 0 99 91 0 0 0 35 0 0 92 79 0 0 0 11 0 0 0 52 0 19 0 0 0 0 0 18 88 0 0 37 55 0 0 73 90 0 7 0 0 0 56 58 81 0 0 92 0 0 18 39 0 0 0 0 0 0 57 0 0 22 0 0 0 0 0 0 61 14 0 0 0 0 16 0 0 0 0 0 41 0 58 75 0 37 0 52 0 0 0 0 0 17 0 0 95 0 0 0 33 0 0 0 16 0 81 0 0 37 0 0 0 0 0 0 0 41 0 0 0 0 26 71 0 0 0 1 0 0 0 0 0 0 97 0 0 0 0 0 0 0 64 51 0 95 0 81 0 0 0 0 0 3 0 0 0 0 0 12 81 0 0 0 3 0 5 0 7 0 0 0 0 0 0 0 0 0 0 0 0 0 0 0 0 0 0 0 0 3 0 18 0 0 8 0 0 0 0 28 0 0 0 0
0 54 0 0 0 0 0 0 0 0 0 0 0 0 0 67 0 0 0 0 0 0 99 88 0 25 0 0 0 0 70 0 0 0 34 0 0 61 0 0 0 0 0 0 39 0 15 0 95 11 79 0 36 0 60 0 0 0 0 0 80 0 0 0 0 0 45 0 0 0 0 0 0 0 0 0 0 0 0 36 0 0 83 0 0 0 0 0 66 0 59 59 0 0 0 90 0 0 97 0 0 59 0 0 0 16 0 0 0 0 0 79 0 97 0 0 0 0 0 0 94 0 0 0 37 85 0 0 0 75 0 0 0 2 0 0 0 0 0 21 45 0 77 0 0 0 0 0 22 0 0 0 0 19 94 0 50 33 28 0 0 0 0 0 0 0 0 0 0 0 0 22 0 0 0 0 98 5 0 0 0 0 0 0 0 45 0 0 0 0 0 92 23 0 0 0 0 0 0 0 0 0 0 0 0 0 0 0 0 0 0 0 0 0 0 96 0 0 0 0 0 0 0 0 0 0 0 43 0 0 0 27 0 19 0 81 0 0 0 0 100 0 0 0 0 0 0 81 91 0 87 78 0 83 0 0 63 70 47 43 0 0 0 0 74 0 0 0 0 0 0 0 0 0 0 0 0 0 0 0 46 0 49 0 0 67 0 0 65 0 0 86 0 30 0 0 35 24 0 0 0 0 0 0 14 0 0 0 46 0 0 0 59 79 65 96 0 0 0 0 93 0 0 0 0 9 0 79 0 0 0 0 0 95 0 0 0 0 0 0 0 0 0 0 0 0 0 0 0 0 0 0 0 72 99 0 0 0 0 66 86 8 83 0 0 0 0 49 60 0 0 0 57 0 0 0 0 0 0 2 0 0 0 0 0 0 0 0 29 0 0 0 19 6 35 0 16 0 0 0
0 0 0 59 41 0 0 0 0 0 0 0 0 45 0 91 0 0 0 0 0 0 0 0 0 0 30 0 71 95 0 0 76 71 0 0 0 0 0 92 74 0 32 0 0 0 0 0 0 0 64 20 7 0 0 0 0 0 79 0 0 0 0 0 0 0 0 87 0 97 0 0 0 0 0 4 0 0 0 0 0 12 2 0 0 0 0 0 60 0 0 0 0 0 0 0 90 33 28 0 0 0 0 97 0 9 23 0 0 61 75 0 0 0 0 0 0 0 0 0 0 0 0 0 0 0 0 7 0 0 0 0 77 0 24 0 0 0 4 30 0 0 94 0 51 0 0 0 90 0 0 41 0 0 42 0 0 0 0 0 0 0 0 0 0 0 0 0 0 0 0 67 0 0 0 10 41 41 17 0 0 53 86 0 0 4 0 0 0 0 31 0 0 63 0 0 0 0 41 57 0 0 0 0 2 0 0 0 41 0 31 0 0 0 0 78 0 0 63 0 0 0 55 0 0 82 0 0 0 0 0 0 0 0 0 0 49 18 0 0 0 0 0 0 0 0 0 0 0 37 0 0 33 0 0 81 54 0 0 0 0 45 0 0 0 0 7 0 6 0 0 0 0 0 60 28 0 24 0 0 0 0 0 0 0 0 0 60 0 93 44 11 0 0 0 0 0 0 0 58 0 0 94 92 0 0 0 0 0 93 0 0 0 0 0 0 0 0 0 40 0 74 0 0 0 0 72 0 0 0 2 0 23 0 0 0 0 0 0 34 45 11 0 0 0 0 0 0 10 26 0 78 0 0 71 0 0 0 95 0 0 0 0 0 0 0 0 0 0 0 0 0 66 68 0 0 0 16 0 0 0 0 0 23 6 0 0 64 59 0 0 12 0 0 74 0 0 0 0 0
0 0 0 0 0 0 97 0 0 0 0 0 0 60 0 42 0 0 0 90 0 0 8 0 0 0 97 0 80 0 0 0 0 0 0 0 0 0 0 0 68 82 83 0 0 0 0 0 0 0 0 0 0 0 0 0 98 0 0 0 0 21 0 0 50 0 22 0 0 0 0 37 19 0 83 0 0 0 30 0 0 21 0 19 100 0 48 0 35 0 80 81 0 0 0 0 0 0 0 0 93 0 0 98 10 14 0 78 0 0 0 0 0 0 33 0 0 65 0 43 0 0 0 0 81 0 0 0 0 0 0 0 0 0 61 39 15 0 0 40 84 12 0 0 0 0 87 0 0 0 0 0 0 0 0 0 0 1 29 0 0 0 0 0 31 0 0 0 0 0 0 53 0 0 0 0 0 0 18 85 0 83 70 89 0 0 0 0 0 30 0 0 0 0 0 0 0 0 0 0 41 0 59 0 0 81 32 0 66 0 0 0 0 0 0 0 0 0 0 0 0 0 0 0 15 20 0 0 34 0 61 0 39 0 7 0 0 0 0 0 83 0 6 52 0 0 0 0 0 0 0 0 33 0 0 10 0 0 0 0 37 70 0 0 14 0 0 0 75 0 15 0 15 0 0 24 0 0 99 0 0 0 0 0 0 0 0 90 93 31 0 0 0 45 0 0 79 0 0 0 43 0 0 0 0 53 17 0 0 0 0 0 0 0 0 0 0 0 0 0 38 0 15 0 0 0 0 0 94 0 0 0 0 0 0 0 0 11 0 0 0 0 0 0 0 89 0 0 0 0 0 95 0 24 0 58 0 50 0 62 0 0 0 0 0 0 0 0 0 0 0 0 0 0 0 0 0 0 0 0 0 0 0 0 0 0 0 35 0 0 0 0 0 0 0 0 0 0 0 0
0 0 0 0 60 0 0 0 85 73 0 0 0 0 0 30 0 0 0 0 0 0 0 66 0 0 85 0 49 0 0 0 0 1 0 83 0 0 0 0 0 0 0 0 0 0 0 87 0 0 0 0 43 0 0 0 0 0 0 77 0 14 0 15 0 0 0 0 0 0 0 0 0 0 0 0 0 0 0 17 0 0 0 0 0 0 0 38 0 0 0 0 0 0 52 0 59 0 0 0 54 0 0 0 67 0 0 0 0 0 0 0 0 0 68 0 0 0 0 0 43 0 0 0 0 0 0 0 0 0 60 0 63 0 0 0 0 45 69 0 0 0 0 0 0 0 0 0 0 7 15 65 0 0 0 0 0 0 0 60 0 0 43 0 42 0 0 0 0 0 61 0 0 0 0 0 0 0 0 7 0 0 0 0 98 0 0 0 0 0 0 0 0 0 0 0 0 0 0 0 49 0 0 0 0 0 0 0 8 0 0 0 0 0 5 0 0 0 35 0 0 0 67 0 0 0 0 0 0 0 0 0 0 16 63 0 0 0 99 0 0 0 53 0 0 0 0 0 0 0 0 53 0 77 0 0 0 0 75 0 0 0 55 4 0 52 0 0 0 25 0 0 0 0 5 0 0 0 0 0 0 71 0 0 0 0 0 0 46 0 0 59 0 0 0 0 0 0 0 0 0 0 54 0 0 0 0 0 0 76 69 0 0 0 0 0 14 0 0 0 0 0 0 0 0 0 0 0 0 17 0 0 0 0 0 0 0 0 0 0 0 0 55 0 0 0 0 0 47 0 0 20 0 92 0 7 0 0 0 0 0 0 0 0 0 84 23 0 81 43 0 0 0 75 0 0 0 0 0 0 0 0 0 100 0 0 68 0 15 0 0 0 0 0 8 0 0 41 0 0
0 0 0 0 0 0 0 0 0 47 0 0 0 0 0 0 0 0 0 39 0 0 0 0 0 0 0 0 53 0 0 0 82 0 0 0 0 64 0 0 0 0 0 8 0 0 87 0 0 91 0 53 0 23 0 0 10 0 0 0 0 1 0 0 0 0 0 41 0 0 0 83 0 31 0 0 0 44 35 74 0 2 0 0 0 0 0 0 0 0 9 0 0 0 0 0 0 80 0 0 0 0 53 0 0 0 0 54 54 0 0 0 31 0 0 31 7 0 0 0 0 95 0 0 0 0 0 37 0 0 0 0 0 0 0 0 47 0 0 0 0 0 0 0 0 0 53 0 0 0 0 9 16 65 58 89 0 51 0 0 44 0 0 59 0 0 91 0 0 0 0 0 0 0 0 0 63 0 0 62 36 40 41 98 0 0 0 12 0 0 0 86 0 0 8 0 22 0 0 0 0 0 0 0 0 0 0 0 0 0 95 0 0 80 0 0 15 0 0 0 0 6 0 0 0 0 0 0 0 0 0 0 0 0 32 99 0 0 44 0 26 0 0 8 83 0 0 0 0 0 60 0 0 0 89 0 0 0 0 0 0 0 0 0 0 0 0 1 0 0 0 0 0 0 0 37 35 0 82 50 0 0 48 0 0 20 0 9 62 0 10 0 0 0 0 0 0 17 0 0 0 0 0 0 75 0 0 0 53 0 0 0 0 0 38 61 0 0 0 0 0 0 0 26 45 88 0 0 0 0 15 0 0 11 0 0 81 0 0 54 0 98 48 0 0 0 0 0 0 0 51 0 0 7 0 0 0 77 0 66 0 0 0 0 0 0 43 0 0 0 0 0 92 0 0 0 0 0 0 0 44 0 40 96 59 0 0 0 64 46 0 63 0 0 0 0 68 0 0 0
0 70 0 0 32 36 0 0 0 0 0 0 68 0 0 0 0 0 0 0 0 0 0 0 0 0 0 0 0 0 0 0 0 0 0 0 0 99 14 0 0 29 0 0 0 0 0 0 18 72 0 77 0 0 0 0 0 0 57 0 0 0 0 0 0 0 0 15 0 0 55 0 0 0 5 0 0 41 0 0 0 0 0 0 0 0 0 16 0 0 0 0 51 0 0 0 0 0 0 0 0 0 21 0 0 0 0 0 0 47 0 0 25 0 0 0 0 50 0 0 0 0 0 0 0 59 54 70 0 82 0 0 96 0 0 32 0 0 0 29 0 58 0 45 0 29 0 0 0 0 0 28 0 0 0 37 23 11 0 0 0 0 60 73 19 98 0 0 0 93 90 0 0 59 0 0 0 0 0 0 57 0 0 0 0 62 0 0 0 68 0 86 0 68 0 19 0 46 92 0 0 0 79 0 0 0 0 99 0 0 79 0 0 0 0 0 36 0 0 0 59 82 0 0 0 8 0 45 67 31 7 0 0 0 0 0 0 4 0 70 0 14 0 0 0 0 0 0 0 42 26 0 0 0 0 0 28 0 0 0 0 0 0 82 26 0 0 97 0 0 0 53 27 41 52 0 0 0 0 24 56 0 28 0 0 0 0 0 0 28 0 0 0 0 37 18 0 34 0 0 0 63 12 0 0 54 0 25 0 0 70 0 0 0 0 0 0 0 0 0 0 0 0 0 0 0 0 0 0 0 0 0 0 0 0 84 3 0 0 0 75 0 8 0 0 0 0 0 0 0 0 8 0 84 0 0 0 0 0 0 0 0 34 0 0 0 0 51 0 0 38 92 65 0 0 0 0 42 0 34 0 0 13 23 0 39 52 0 0 58 0 0 1 0 56 0 0 62 65 0
0 0 0 0 0 0 36 24 0 0 0 49 0 0 0 98 0 0 74 50 0 0 0 0 0 0 0 0 0 0 0 51 0 0 0 0 0 0 0 0 70 0 0 0 0 0 0 0 0 54 0 0 0 0 0 0 0 0 0 0 0 94 10 0 0 0 0 100 0 0 0 0 52 0 0 0 12 0 0 81 32 0 0 0 0 0 76 0 20 17 0 4 0 0 87 0 11 69 0 0 0 87 93 0 0 0 0 0 0 0 0 0 0 0 0 0 0 0 21 70 30 0 0 0 54 0 0 0 0 82 48 43 0 0 0 0 0 43 0 22 1 0 0 0 0 61 54 0 0 0 0 0 70 0 13 0 0 0 0 0 41 0 0 0 0 0 0 0 74 60 0 38 0 0 2 0 0 0 0 0 0 0 0 0 0 0 0 0 90 0 0 0 0 0 0 0 0 0 0 0 13 86 0 0 0 0 0 0 95 0 0 8 0 0 0 0 66 28 0 0 0 0 0 0 0 95 0 0 0 0 0 0 0 0 0 75 75 0 0 0 0 0 0 53 0 0 0 0 0 0 0 45 0 0 57 0 0 0 28 0 17 0 29 0 0 0 0 0 0 0 0 87 0 0 97 53 93 0 0 80 0 0 0 0 2 0 2 0 0 0 0 0 0 0 0 67 0 0 0 51 0 0 95 87 0 0 0 0 0 0 0 77 0 0 0 0 0 0 0 0 0 8 54 0 0 47 79 0 0 0 0 0 0 0 0 0 0 0 0 0 0 0 0 23 6 0 36 0 0 0 0 0 0 0 0 86 0 0 0 0 85 0 0 0 51 0 0 0 0 35 0 0 0 0 0 0 0 0 0 0 24 0 0 0 0 0 0 0 0 0 0 0 0 0 0 0 97 100 0 0
0 22 0 0 0 0 0 0 0 0 27 0 0 0 0 0 0 0 0 0 0 31 0 0 0 0 0 0 0 0 13 69 0 40 0 0 0 0 0 40 0 0 0 0 0 82 0 0 0 0 0 82 98 0 0 0 0 0 0 15 0 0 0 0 0 38 0 73 34 0 0 0 0 0 0 0 0 0 0 0 0 0 0 0 0 0 0 0 0 0 0 0 0 0 35 0 0 0 0 0 0 0 0 30 0 40 0 0 64 0 0 0 0 0 0 34 0 0 0 0 0 0 0 98 0 0 0 0 20 0 0 0 0 83 0 0 0 0 16 50 0 0 0 0 10 0 76 28 18 0 70 0 0 0 16 0 0 0 0 0 87 0 0 0 64 0 0 0 79 0 0 0 84 31 31 0 0 0 0 0 0 0 0 0 31 79 95 0 0 0 0 0 0 0 0 6 23 0 0 0 0 0 0 0 0 0 0 0 0 0 0 0 0 0 0 0 90 0 0 0 0 0 29 0 0 0 0 0 49 0 0 0 0 0 0 0 0 0 97 0 0 0 0 0 0 93 0 0 0 0 0 0 46 0 0 0 65 0 0 63 70 0 62 3 0 0 0 0 37 80 0 85 0 78 0 85 10 0 0 69 0 0 0 92 67 0 0 0 100 0 0 48 0 0 28 0 0 93 93 0 0 0 0 0 36 0 0 0 0 0 0 94 0 0 0 0 0 0 44 3 0 76 0 91 70 0 0 0 55 0 0 0 0 0 86 0 99 0 0 58 0 0 19 49 0 0 0 0 0 0 0 0 0 0 0 0 0 0 0 0 0 22 0 95 84 0 0 1 48 0 0 0 0 0 25 65 0 7 0 0 0 0 57 33 35 0 0 0 36 0 38 0 67 0 0 0 62 0 0 0
0 11 0 39 2 0 73 94 33 0 0 0 0 0 0 0 0 0 70 0 0 9 0 0 0 68 0 0 0 75 0 0 0 0 0 0 0 0 0 21 0 0 0 0 0 0 0 0 0 0 2 0 0 0 0 0 0 55 0 0 97 0 0 0 80 0 0 0 0 2 0 35 45 4 63 69 0 0 0 0 74 84 0 56 0 73 0 47 0 0 85 0 0 0 6 0 0 0 0 0 0 0 0 0 0 53 0 0 0 12 0 0 0 0 61 0 0 0 14 0 0 0 0 0 0 90 0 13 0 0 0 0 0 57 94 0 0 0 0 0 0 0 0 0 0 0 0 0 0 0 0 0 0 0 0 0 77 0 0 0 0 0 0 0 0 0 0 58 0 77 69 0 0 2 76 39 0 0 64 0 98 0 5 0 0 0 53 0 0 0 0 0 0 0 0 0 0 31 61 0 0 45 0 89 0 0 94 68 0 0 0 0 0 97 40 0 45 0 0 0 0 0 0 0 0 0 0 0 0 0 91 0 1 82 0 0 27 0 0 0 40 0 0 0 0 0 33 0 39 0 0 0 47 0 0 38 0 0 0 0 0 0 0 32 0 77 46 0 35 40 0 0 20 0 76 0 0 0 0 0 0 0 0 24 0 0 0 0 0 0 0 0 0 94 0 0 77 0 0 0 0 0 78 74 0 39 6 0 0 0 0 0 98 0 0 0 0 97 0 0 0 86 0 0 0 0 0 25 0 0 0 55 0 0 0 0 0 0 0 0 73 0 53 0 0 0 17 0 36 83 85 0 0 0 0 51 0 0 0 0 0 0 0 59 1 0 0 0 4 28 29 0 0 0 0 0 0 0 0 0 76 0 0 0 7 0 0 20 0 0 0 53 0 0 46 0 0 87 0 0
3 21 85 0 0 0 0 0 0 0 0 0 0 16 0 0 0 0 0 0 0 0 0 0 85 6 0 0 0 0 21 0 0 0 0 0 0 0 47 0 0 0 0 0 0 21 97 0 70 0 36 0 0 0 0 0 0 0 0 0 0 23 68 0 68 0 0 0 0 79 24 43 0 0 21 0 32 0 16 0 0 0 0 0 0 0 0 0 0 0 37 0 0 0 0 0 0 3 0 0 0 0 0 0 0 54 0 81 53 0 51 0 0 67 0 0 0 23 91 0 0 51 0 0 0 0 0 33 0 0 0 0 0 27 0 0 0 0 0 0 0 0 0 0 0 0 0 93 0 0 0 0 89 0 0 0 48 0 0 0 0 0 0 0 0 0 0 0 57 0 0 0 8 0 0 21 0 28 0 0 0 0 0 0 0 0 0 0 76 0 0 0 0 0 19 60 0 0 0 0 0 0 0 77 17 0 29 0 0 40 0 0 6 0 0 0 29 0 0 0 0 4 0 0 0 0 0 0 0 99 33 0 0 0 0 0 64 0 0 0 0 13 60 0 0 0 0 87 64 0 9 0 0 9 82 0 56 0 0 0 0 0 0 0 0 0 0 67 0 0 0 0 0 0 0 0 0 0 61 0 0 0 0 0 4 0 0 0 10 52 0 0 0 0 0 1 0 81 0 0 0 0 0 28 0 91 90 0 0 21 98 0 0 0 0 5 0 0 0 36 92 0 30 3 29 57 0 0 0 0 67 0 3 0 23 0 0 0 0 0 0 0 0 0 0 68 0 87 0 0 0 0 93 0 92 0 0 0 0 0 0 13 93 0 0 0 0 0 42 0 0 0 71 0 0 40 3 0 0 0 91 57 0 0 0 0 0 0 0 45 0 47 0 0 24 0 0 0 0 0
0 0 0 73 0 0 0 0 0 0 0 0 0 0 0 0 0 0 34 0 0 0 0 0 0 0 0 0 0 0 0 0 0 0 58 0 72 99 0 0 64 5 0 0 0 0 0 88 40 12 0 0 63 0 0 100 0 0 0 7 89 0 0 0 67 0 0 82 75 0 0 0 0 78 0 0 0 0 0 0 41 0 0 0 90 0 0 0 100 0 0 0 0 0 0 0 0 0 0 0 99 0 0 23 0 0 70 0 0 0 39 0 0 0 62 0 0 0 0 0 76 0 39 0 0 90 0 0 0 0 0 0 0 0 79 0 0 22 0 0 0 39 0 0 0 0 100 22 13 55 0 27 14 0 0 0 41 100 0 0 0 0 58 0 0 0 0 11 0 0 89 0 0 0 0 66 0 0 0 0 0 0 0 0 0 0 0 63 0 0 0 10 0 0 0 0 0 0 0 0 0 0 0 0 0 0 0 0 0 0 0 0 0 0 0 0 0 0 0 0 0 0 0 0 0 83 0 25 0 0 0 0 0 0 6 0 0 0 0 0 93 0 0 51 0 0 38 0 32 0 39 0 0 0 51 0 7 97 0 6 0 0 0 0 0 0 0 99 0 0 0 0 0 86 0 0 2 97 0 0 0 13 0 0 0 0 0 0 0 0 0 0 0 0 0 0 71 0 0 0 0 69 0 0 81 0 0 0 50 0 0 0 0 0 0 0 0 0 0 0 0 0 70 0 73 0 0 66 0 0 0 0 0 0 0 0 0 62 13 68 0 0 54 4 0 12 0 0 0 50 86 0 92 0 0 51 0 45 77 0 0 0 0 0 55 0 0 0 73 0 0 44 0 0 0 98 59 0 0 0 0 52 0 0 0 0 28 9 0 0 0 0 0 1 0 40 0 0 0 0
0 0 0 0 0 0 0 0 0 30 0 0 89 0 99 0 0 0 0 0 0 0 0 40 94 0 0 0 0 0 82 0 89 0 74 0 0 79 0 0 0 0 0 31 0 28 0 3 0 0 0 0 0 0 0 0 0 0 31 50 0 0 85 82 0 0 0 0 88 0 0 0 0 0 0 87 0 53 0 67 0 0 0 0 0 68 0 51 0 0 54 87 0 0 43 0 0 30 25 12 43 0 0 0 0 0 0 0 0 19 0 0 0 0 0 0 52 7 0 0 0 0 98 0 0 86 0 0 0 0 46 0 0 0 0 98 0 20 0 0 0 0 0 0 0 84 89 0 0 84 20 0 0 52 0 41 0 0 0 0 0 52 0 0 0 0 100 0 0 0 0 0 0 0 0 0 0 90 30 0 54 0 26 0 87 0 0 0 0 0 0 0 0 0 49 0 0 82 30 0 0 0 72 0 0 0 57 0 0 0 0 0 0 0 0 0 0 0 24 0 0 0 0 0 0 70 0 0 0 52 52 67 0 0 0 0 50 0 0 0 20 0 0 0 0 0 0 0 0 33 0 87 75 0 0 0 0 0 0 0 0 0 0 0 0 85 0 71 0 0 0 0 25 81 90 0 77 72 0 66 0 74 0 0 0 0 69 0 0 0 63 8 58 88 0 0 0 0 6 0 56 0 0 89 0 0 0 0 0 0 0 0 0 0 0 0 0 91 0 0 0 0 0 0 0 0 0 0 0 0 0 0 84 0 0 6 0 0 44 36 0 1 18 0 75 0 0 0 0 0 0 0 0 0 0 57 21 0 0 0 0 0 0 0 48 0 0 0 0 0 0 25 0 0 15 0 97 0 22 0 0 0 8 0 0 0 0 0 0 0 0 0 70 0 0 93 1 0 57 81
59 0 0 0 48 0 0 0 55 0 0 98 79 0 0 80 0 0 47 0 0 0 81 0 0 76 0 0 0 0 0 0 78 92 0 0 0 0 0 31 0 96 45 0 0 64 0 0 70 0 62 34 0 18 76 0 0 0 0 0 0 0 0 0 0 0 0 16 19 0 0 0 0 0 0 0 0 0 27 0 88 0 0 0 0 63 0 31 0 0 23 76 0 0 0 0 0 0 0 0 0 19 0 0 92 0 56 0 0 0 0 0 0 43 0 0 0 0 0 0 0 0 0 0 0 0 0 95 0 37 0 0 9 0 0 0 0 38 0 0 0 0 73 0 0 0 0 0 0 0 0 0 0 0 0 0 91 0 0 96 55 0 3 0 0 0 0 39 67 0 0 0 98 0 0 0 0 0 0 83 0 0 48 0 0 0 0 0 0 90 46 0 0 0 0 0 0 0 0 0 0 46 0 0 38 0 54 0 25 0 0 0 0 65 92 0 0 0 71 0 80 0 0 71 0 0 0 0 0 29 5 0 0 0 61 0 0 0 0 0 0 4 0 0 0 0 55 32 0 13 22 0 0 0 0 0 0 13 0 0 0 0 0 0 0 0 0 0 0 0 83 0 0 0 30 0 0 0 0 0 0 0 0 0 0 0 0 49 99 0 49 0 0 0 50 82 0 0 11 0 12 0 87 0 0 0 0 9 0 0 0 0 0 46 0 0 66 40 0 0 40 2 62 0 94 79 49 0 91 72 0 0 0 0 0 0 95 40 0 0 64 0 0 0 0 0 0 0 0 24 0 0 0 0 29 38 34 0 100 0 31 0 0 52 0 0 0 0 0 0 0 0 16 0 0 52 0 0 0 0 0 0 0 0 0 0 0 64 0 0 0 0 21 0 0 0 0 0 0 0
0 64 72 0 0 0 0 0 97 59 41 0 0 0 0 0 0 0 0 0 0 0 0 77 10 0 34 100 0 0 0 0 0 24 0 0 0 46 0 65 77 0 35 0 0 0 0 23 0 0 46 0 40 36 0 0 0 0 27 0 0 0 0 0 0 0 0 36 78 0 0 0 73 82 0 69 8 0 0 0 0 0 0 75 12 0 58 0 0 97 0 6 0 0 0 0 0 0 0 0 53 39 0 0 0 0 3 0 76 0 0 0 0 0 0 0 0 0 34 0 0 0 0 0 0 0 93 0 70 0 0 0 0 0 0 0 78 0 0 19 65 0 0 0 0 73 0 0 0 0 0 0 0 0 0 0 0 17 96 0 73 88 0 0 92 0 0 83 0 0 0 0 0 19 0 28 0 69 0 62 0 43 58 0 0 0 0 75 0 0 0 0 0 0 20 0 0 0 0 0 0 0 0 0 0 0 34 30 88 0 0 0 0 0 0 0 0 38 0 0 55 0 0 0 93 0 55 0 0 18 73 25 0 0 0 0 0 0 0 0 0 0 41 0 0 0 0 8 85 79 0 0 0 0 0 77 0 0 0 0 58 0 72 59 0 0 0 4 0 16 42 65 35 0 0 0 0 0 0 0 0 0 0 82 0 0 0 0 0 0 0 0 23 0 27 0 0 29 0 0 82 0 0 0 0 0 0 0 0 0 58 0 28 0 2 0 0 0 0 0 86 0 0 0 0 36 0 0 0 0 20 93 0 0 40 0 0 0 0 0 0 0 0 0 8 0 0 0 0 8 0 0 0 0 0 0 0 0 0 0 22 83 32 0 89 0 74 93 92 0 0 0 19 0 0 83 77 0 20 0 0 40 0 0 91 0 0 77 10 0 0 0 0 0 0 15 0 0 0 0
93 0 0 0 0 42 0 7 0 0 0 0 0 0 0 0 0 48 0 52 0 0 0 0 0 0 65 0 4 0 0 0 0 0 0 13 0 0 0 0 0 0 0 44 72 0 63 0 0 0 25 0 0 0 0 0 0 0 0 0 0 0 0 0 0 66 0 0 0 0 84 0 0 0 0 0 0 0 0 0 0 48 0 42 76 0 0 81 57 0 57 4 6 0 0 36 35 0 0 0 0 0 0 0 0 75 0 37 0 0 20 0 0 0 17 100 0 0 0 0 0 0 0 0 10 0 0 0 0 0 0 19 0 0 9 0 65 0 0 0 0 0 0 12 0 0 0 1 0 0 0 0 35 0 0 61 0 0 40 7 18 0 0 11 0 0 0 54 47 0 0 0 0 0 0 0 37 0 0 0 0 0 82 0 0 0 0 0 57 0 30 85 0 0 0 59 0 32 0 0 88 52 0 0 0 0 0 54 0 0 0 0 1 16 0 0 0 6 0 91 0 64 39 72 0 0 63 0 0 62 0 27 0 0 22 0 46 0 0 37 1 0 9 0 19 83 35 0 0 0 89 0 0 0 0 25 0 62 0 0 0 0 0 0 0 0 0 25 35 0 0 0 0 0 0 0 96 46 28 0 73 53 6 0 22 0 48 0 0 0 0 0 0 0 0 0 43 24 0 0 52 0 0 0 0 0 0 0 0 0 0 0 0 0 0 92 0 0 0 0 0 0 0 0 0 0 89 0 28 0 55 59 0 0 0 0 86 0 0 47 85 0 0 5 14 0 0 0 63 82 0 0 0 0 0 14 0 0 0 0 0 0 0 29 50 100 66 50 0 99 0 0 14 40 0 0 0 0 95 77 12 0 42 0 54 0 0 81 0 0 0 0 0 0 0 26 83 88 0 1
0 0 25 0 0 0 0 0 0 0 0 59 0 0 0 0 0 92 95 0 0 0 0 0 0 0 0 0 0 0 0 43 0 0 0 0 0 79 74 0 45 0 0 94 0 0 30 28 6 24 0 0 0 0 97 99 31 0 91 0 8 0 0 0 0 0 72 64 0 0 0 83 0 0 0 0 0 0 55 0 0 48 95 56 0 0 78 0 0 0 47 20 0 100 0 0 9 0 0 54 74 24 0 0 42 0 0 0 0 0 43 0 0 0 0 0 0 26 51 0 0 0 0 0 1 0 0 0 0 0 0 90 0 85 0 46 0 0 0 0 0 0 0 0 0 0 0 70 0 0 67 0 0 0 0 77 0 35 0 91 0 0 0 0 26 80 0 0 95 0 0 0 0 0 0 0 0 72 0 0 0 88 58 0 0 0 0 0 0 69 0 0 0 52 0 0 0 0 0 6 62 0 0 0 0 0 0 28 0 98 0 0 0 0 0 5 0 0 0 0 57 0 0 0 41 0 0 0 0 0 0 0 42 0 0 0 0 0 13 0 0 39 0 56 0 0 0 46 0 0 37 0 98 0 32 0 0 0 11 0 0 0 57 0 0 8 0 0 0 0 0 93 7 0 61 82 0 0 0 0 91 0 0 95 0 0 75 0 20 97 0 0 0 98 0 74 8 65 65 4 0 0 0 0 31 0 0 0 0 56 0 0 0 0 17 0 0 0 0 0 24 0 12 0 0 0 0 0 0 0 0 0 0 75 0 0 0 21 0 0 0 0 0 98 0 0 0 50 34 0 0 0 0 0 0 0 0 72 0 0 0 0 0 0 0 0 0 0 98 0 83 0 0 0 82 82 0 28 0 0 60 0 0 11 0 0 0 0 78 34 2 0 0 30 85 0 0 69 56 0
0 0 65 0 54 85 0 0 0 0 0 0 0 0 100 0 0 0 0 14 0 0 0 0 0 0 0 88 0 0 0 0 1 0 0 88 0 0 0 0 0 0 0 0 11 82 0 66 0 0 0 0 0 0 0 41 0 0 0 0 80 24 0 3 0 0 0 0 0 0 0 0 0 0 0 0 5 0 0 0 61 49 0 0 0 0 0 9 61 37 0 0 0 0 0 35 0 0 0 0 0 84 0 0 0 0 0 0 0 80 0 17 0 0 0 0 0 0 0 80 85 0 36 0 0 7 0 0 0 47 0 0 0 0 0 0 0 0 0 40 0 0 0 29 0 0 0 0 0 89 0 0 0 55 79 0 0 0 0 0 0 0 0 0 0 0 0 0 0 0 0 0 89 0 0 0 0 0 0 0 0 54 0 0 0 0 0 47 0 76 0 0 0 0 0 0 0 0 0 51 0 0 0 0 0 0 0 75 0 82 0 36 0 0 0 0 0 0 0 0 0 0 55 0 87 0 0 70 0 0 0 0 0 0 0 79 0 0 0 0 0 3 34 62 78 53 0 0 0 44 0 93 0 0 77 0 0 0 0 0 76 0 0 0 0 0 0 0 0 0 0 45 28 0 0 81 0 70 0 78 23 0 0 0 0 0 0 91 2 0 30 0 0 0 4 0 0 0 0 0 42 0 0 0 0 0 0 0 0 61 0 0 51 0 0 0 0 0 0 59 0 58 12 9 7 0 0 0 0 71 39 0 38 0 39 0 0 0 0 0 10 0 0 0 0 0 0 2 31 0 0 0 0 0 0 90 0 0 0 0 0 0 0 0 69 65 0 0 0 0 0 0 0 0 0 0 0 0 0 99 0 0 0 0 0 0 0 0 0 76 45 69 0 0 0 0 88 0 0 0
53 0 0 55 0 0 36 0 0 0 0 58 0 0 56 0 0 0 0 78 0 0 89 0 0 0 0 0 0 0 0 0 0 0 0 0 37 0 29 0 0 0 93 0 0 0 0 0 16 0 43 0 0 93 0 0 31 17 0 0 0 0 4 0 47 0 0 0 0 43 0 0 0 0 0 0 0 0 0 70 0 0 8 32 77 0 0 19 0 0 0 0 39 0 0 0 0 0 0 0 12 0 25 0 14 0 0 0 0 0 0 45 0 0 0 0 0 67 85 0 0 0 0 0 0 18 0 0 0 0 0 0 0 75 0 75 0 0 0 0 0 45 0 0 0 0 0 0 0 0 0 0 0 0 0 31 58 29 0 0 0 51 0 0 4 99 0 0 0 0 0 0 0 0 0 0 0 0 0 0 37 0 0 0 19 0 1 0 0 0 0 0 0 53 0 0 0 0 0 0 0 0 20 0 66 0 3 92 0 0 0 0 0 0 64 1 0 92 72 0 0 0 0 0 0 62 0 5 0 0 0 76 0 0 0 0 20 77 0 0 0 0 0 0 22 0 0 0 0 0 0 0 39 63 0 0 0 0 51 99 0 0 0 0 0 0 0 0 0 0 36 0 0 0 0 0 76 0 76 0 0 0 0 0 0 0 0 0 56 4 0 0 0 0 0 0 0 62 0 0 0 66 0 0 0 0 46 0 20 0 0 0 0 0 0 0 48 6 0 9 0 0 0 0 0 0 0 0 0 81 8 0 0 0 78 0 0 0 0 23 0 12 0 0 12 0 34 0 0 0 0 0 0 45 0 0 0 0 0 49 0 21 0 0 0 99 0 25 0 0 0 0 0 77 0 38 0 36 0 97 0 0 0 0 0 0 0 0 0 0 0 78 0 81 11 0 0 80 51 0
0 0 0 0 0 0 57 0 0 0 0 0 0 0 0 0 61 0 0 0 0 0 0 0 0 0 0 0 0 0 7 48 0 0 32 0 0 27 0 0 0 56 0 0 0 0 96 0 0 0 0 0 5 0 4 88 0 66 37 37 0 67 0 4 76 0 89 0 30 0 12 83 0 0 39 0 87 0 19 0 0 0 0 19 0 0 0 0 37 88 0 0 0 0 0 0 0 0 0 0 0 0 5 86 0 0 0 0 53 54 0 0 0 0 0 0 0 0 0 63 0 0 0 19 0 0 0 11 64 92 0 0 46 25 43 100 0 0 0 0 0 0 0 0 0 0 0 0 0 0 0 0 0 0 20 0 31 0 0 0 0 73 0 0 73 87 57 0 0 23 0 0 0 0 0 0 0 0 45 0 0 48 0 0 0 0 16 0 0 0 67 53 81 0 0 76 0 0 0 0 58 0 0 0 0 0 0 0 0 0 43 0 60 0 0 0 85 38 28 58 0 0 0 0 0 0 0 0 0 75 0 51 47 0 0 0 87 64 0 0 0 0 85 0 0 0 0 0 0 0 0 0 24 0 0 6 0 0 6 0 0 0 0 0 0 0 46 0 34 0 0 0 0 0 0 99 0 51 0 0 0 0 0 48 10 0 0 0 0 73 0 51 0 0 0 0 42 65 0 20 0 0 0 0 0 0 0 0 0 0 46 0 0 0 0 0 0 0 0 0 0 0 0 87 44 0 0 0 19 29 0 86 0 0 34 0 43 0 0 0 0 0 0 0 0 98 0 0 0 0 0 45 0 0 0 0 0 0 0 22 28 25 0 0 0 0 0 0 0 0 0 0 0 0 28 0 80 0 0 74 0 0 0 0 0 0 0 0 0 85 0 0 52 77 0 0 61 0 0 0
0 71 0 0 0 25 0 0 87 0 0 98 0 67 0 0 0 0 10 0 4 0 0 0 0 0 5 0 0 25 0 0 0 60 0 0 0 0 0 0 0 0 42 0 13 65 0 80 0 0 38 0 0 0 0 73 0 0 0 0 0 0 0 0 0 73 0 0 0 0 0 0 0 0 11 0 43 0 5 0 96 0 51 0 0 0 0 0 0 61 11 0 0 0 94 0 0 0 61 84 0 63 47 15 0 0 0 74 34 0 74 0 60 0 46 0 0 0 0 0 26 75 0 0 9 0 0 41 0 0 0 0 0 72 0 0 0 0 0 0 0 24 0 96 0 0 0 0 0 0 0 88 0 0 0 0 0 0 60 21 0 0 0 0 0 3 0 0 0 31 0 0 0 0 0 0 0 0 0 0 45 0 100 0 0 0 0 0 0 66 0 0 0 0 6 0 79 0 0 0 75 84 0 0 0 0 0 0 70 0 95 0 0 18 0 0 0 0 0 0 43 0 0 0 0 87 75 0 0 0 0 0 0 0 99 0 0 42 0 0 0 0 0 51 19 0 98 0 0 75 0 0 77 49 0 47 96 0 0 77 0 0 0 0 0 0 0 0 0 0 0 79 0 9 0 0 0 95 69 0 0 0 0 0 0 79 43 25 0 90 0 0 0 0 79 0 0 0 0 0 98 61 0 0 23 24 0 0 0 0 0 0 33 10 55 68 0 0 0 30 0 45 92 0 0 0 57 0 1 0 0 17 0 0 0 0 34 77 0 0 0 87 0 0 1 77 0 0 0 0 0 0 0 0 65 0 0 0 0 0 0 0 0 0 0 0 0 80 0 0 0 0 0 0 0 0 5 0 0 0 52 0 0 0 0 0 67 0 0 0 45 0 95 0 0 0 6 0 0 31
46 38 0 0 64 17 0 0 86 0 0 0 0 0 0 0 0 0 0 62 68 40 0 0 69 44 0 0 0 6 21 0 0 0 11 11 0 20 0 0 0 0 0 0 0 0 0 0 0 50 38 37 0 42 0 0 0 0 28 0 5 0 0 16 0 0 0 0 0 0 0 19 0 88 0 0 0 0 0 0 0 0 0 0 0 16 0 0 0 39 0 0 0 81 45 0 0 0 0 0 0 0 0 0 86 0 0 92 0 0 0 30 0 14 0 0 0 77 9 0 47 15 0 0 26 0 45 0 0 0 0 47 0 0 0 0 0 27 0 0 0 0 11 0 0 0 0 0 0 0 57 97 0 0 76 0 0 0 0 0 0 0 0 0 13 0 0 0 0 0 0 0 0 0 0 2 0 0 81 46 0 0 0 0 0 0 0 9 22 0 0 0 0 0 22 0 0 0 66 0 0 0 0 0 0 0 0 0 50 0 0 0 13 0 0 0 0 58 0 69 0 0 33 27 40 0 41 49 0 45 18 0 34 0 68 0 30 0 0 0 0 0 0 0 0 17 0 0 0 0 0 0 0 40 0 0 73 0 0 0 0 0 0 0 0 33 0 0 0 0 0 72 0 13 0 0 0 0 0 0 0 64 21 0 64 0 0 0 0 0 25 98 0 44 0 0 0 0 0 0 0 0 0 0 40 0 0 0 0 34 0 45 89 0 0 0 0 0 0 0 98 4 0 54 0 0 0 0 0 60 5 0 49 0 0 0 0 0 71 68 0 0 0 0 52 0 0 0 0 0 0 0 0 30 21 0 0 0 0 59 0 0 0 0 45 0 0 0 91 0 0 0 0 0 0 0 0 0 0 64 6 0 35 0 0 0 0 86 0 0 0 0 17 0 0 0 0 94 0 84
0 0 0 0 0 0 0 31 0 70 0 0 49 0 0 0 0 0 0 0 0 0 0 0 0 38 0 0 0 0 0 0 0 0 82 3 0 0 0 0 53 16 0 79 0 2 0 52 20 0 0 0 0 0 0 65 0 0 0 0 56 0 0 0 25 0 0 0 63 0 48 53 36 2 76 0 0 0 0 39 26 0 23 0 21 0 0 0 0 0 0 0 0 0 0 39 0 0 0 38 0 0 21 0 21 0 0 0 0 0 0 0 9 0 0 0 0 32 0 0 49 0 0 0 0 0 0 0 0 0 12 84 0 0 0 0 0 0 82 0 0 0 0 0 0 0 0 7 0 0 0 0 68 50 0 45 0 0 39 0 0 72 25 83 80 0 0 0 0 0 0 0 52 0 0 0 0 24 0 0 0 0 0 0 0 0 0 0 0 0 66 0 0 0 0 12 0 74 0 0 22 0 31 0 0 100 0 0 0 0 0 62 35 0 0 76 0 0 90 62 0 0 0 47 0 0 5 0 0 0 2 0 0 0 0 0 0 1 75 0 34 0 0 0 0 39 0 0 0 0 6 0 0 0 21 0 0 0 0 0 0 0 0 0 0 0 0 0 0 0 0 0 0 0 0 0 0 0 89 0 93 0 0 0 0 0 0 0 82 0 0 0 0 0 0 0 0 0 0 0 0 0 0 0 40 0 0 0 0 0 0 69 0 0 98 0 0 0 0 0 73 0 0 0 0 0 77 97 0 0 0 0 0 0 0 0 0 0 0 0 0 0 74 0 0 0 15 0 0 0 0 0 0 0 0 50 0 13 0 95 0 0 0 0 0 47 10 0 0 63 27 5 0 0 0 0 0 46 0 0 0 0 0 0 29 0 0 24 0 70 0 61 0 0 0 0 37 0 0 0
0 0 0 4 43 59 30 0 27 0 0 0 0 0 0 15 0 0 0 0 0 0 67 0 55 0 0 0 0 0 79 0 0 0 0 0 0 3 0 0 0 0 97 50 0 0 0 0 0 76 0 0 87 0 29 0 0 0 0 0 0 0 0 94 0 0 0 0 58 69 0 0 13 95 0 45 0 32 0 0 20 0 79 0 0 0 0 0 0 38 0 84 25 38 0 0 0 87 0 0 0 98 0 47 0 10 0 0 0 0 5 0 0 0 0 0 0 0 49 62 0 0 0 0 0 0 0 35 15 0 44 0 0 0 0 0 0 28 35 0 0 97 39 0 24 0 92 0 0 0 0 0 0 0 0 0 95 0 0 49 0 84 0 0 0 0 18 80 0 0 61 0 65 0 0 0 0 0 0 49 76 0 0 34 59 48 0 0 0 0 53 91 64 0 63 0 0 0 0 0 0 0 0 0 0 0 0 0 0 0 0 0 0 0 0 0 0 0 0 0 0 0 74 0 0 76 0 0 0 0 28 0 54 0 4 0 0 0 9 83 0 0 0 0 0 0 0 0 0 0 0 0 0 0 0 0 61 0 0 86 25 69 0 0 100 0 0 0 0 0 0 20 0 0 0 10 0 0 0 22 0 0 0 0 0 0 0 0 0 0 84 0 0 0 0 0 0 0 0 0 0 0 28 0 57 97 43 0 0 0 0 0 0 68 0 0 0 0 6 26 89 0 71 0 0 0 0 0 0 0 0 0 78 0 0 0 54 0 0 47 100 0 0 50 0 53 93 0 95 77 0 49 27 0 0 12 0 0 0 0 87 0 0 0 0 0 0 41 0 0 0 0 0 0 51 0 0 55 70 51 0 46 0 60 0 0 0 45 0 0 0 0 0 0 0 0 0 8 0 0
0 0 0 0 0 0 0 0 0 0 0 38 15 0 0 0 19 0 0 0 35 10 0 86 0 24 0 79 0 0 0 0 27 86 0 56 0 0 0 0 0 0 0 59 0 0 0 0 0 0 0 0 0 0 0 0 0 0 0 0 55 0 0 0 0 47 0 0 0 0 0 44 0 0 92 0 0 83 0 19 0 0 0 0 0 0 0 0 65 77 68 0 0 0 0 0 0 0 42 0 0 0 0 0 61 42 0 0 0 13 0 0 69 0 84 0 0 0 0 0 0 52 0 0 63 0 0 0 93 95 0 0 19 0 0 86 0 0 0 0 81 0 40 0 0 0 0 0 0 0 0 0 83 0 7 72 28 0 0 0 0 0 0 42 0 0 0 0 0 0 0 0 0 0 97 91 0 0 29 0 0 0 0 0 0 0 0 97 40 0 0 0 77 90 0 78 0 0 0 0 0 62 0 0 0 0 53 0 0 0 0 0 0 0 31 0 0 0 20 0 0 0 70 0 0 0 0 12 30 0 0 0 0 0 20 0 0 0 0 0 0 0 0 0 0 0 0 48 0 53 68 70 35 29 0 0 0 78 0 0 0 0 0 0 0 0 0 87 0 12 1 0 84 0 0 18 0 63 0 0 23 43 0 0 0 0 82 66 0 0 0 0 94 0 0 0 44 0 0 0 0 0 97 0 0 60 0 0 0 0 31 0 0 82 0 0 0 50 0 0 0 0 0 0 0 0 14 0 0 0 68 0 45 5 0 0 0 53 0 41 0 0 19 0 0 27 0 0 0 0 0 17 3 0 0 53 0 29 0 0 30 0 0 0 11 0 0 0 0 0 0 0 98 0 0 0 0 0 0 0 0 0 85 0 0 0 0 0 0 0 0 0 0 0 0 0 0 0 0 0
0 0 0 12 0 0 28 0 0 0 27 83 0 0 0 45 60 39 0 0 0 0 89 94 0 0 72 0 0 0 0 0 0 0 0 0 10 24 0 93 0 26 0 0 0 8 60 0 0 0 0 0 0 0 99 0 0 0 0 0 48 0 31 0 27 0 85 0 0 0 68 0 0 6 0 0 0 45 0 0 0 51 0 90 0 0 0 0 0 0 0 0 0 0 35 0 4 0 0 0 0 0 96 50 0 74 0 41 0 0 62 10 0 8 0 0 0 0 0 6 0 0 0 49 77 0 0 100 0 0 0 0 0 15 0 0 0 0 0 0 0 58 33 0 0 0 0 0 0 94 0 0 16 12 0 0 0 0 0 0 0 0 45 0 0 5 0 26 0 0 0 0 0 0 0 0 0 0 0 0 69 0 0 0 0 0 0 0 0 0 0 23 0 0 0 0 0 0 0 0 16 88 48 0 0 20 0 0 7 0 0 0 0 34 72 0 0 0 0 0 0 0 0 0 73 8 88 0 79 0 0 40 0 0 32 0 0 0 0 0 0 0 0 0 0 0 0 0 0 0 0 0 0 0 67 0 0 86 0 0 59 0 0 0 61 8 0 76 0 0 0 0 0 0 0 0 0 81 0 61 0 0 34 0 0 0 0 0 0 0 44 0 0 0 0 0 0 4 0 0 0 0 0 0 0 64 0 0 0 41 1 0 15 0 45 33 0 16 0 58 97 57 0 0 0 0 46 0 0 0 0 0 0 0 0 0 0 0 0 56 0 51 62 0 0 0 0 0 0 0 0 68 0 0 43 0 98 0 0 27 14 0 0 17 0 0 65 13 0 0 0 0 0 0 0 0 0 0 0 0 0 0 0 0 0 0 0 51 0 0 0 0 54 0 0 0 0 0 0 0
0 83 0 0 0 0 0 15 0 97 0 0 0 0 0 0 0 0 9 36 47 0 0 1 0 0 0 0 0 1 0 0 0 0 0 0 0 100 0 0 0 0 8 0 2 0 0 18 0 96 0 88 29 13 0 0 0 0 0 0 0 0 0 0 0 0 0 9 0 0 0 0 0 0 0 84 0 0 66 0 78 0 20 0 0 0 0 76 0 0 0 3 0 0 0 0 0 0 88 99 0 0 0 32 0 0 0 0 0 0 0 0 21 81 96 0 0 0 0 0 69 0 0 41 0 0 21 100 0 62 0 0 0 0 71 0 0 15 0 0 0 0 0 0 0 86 0 0 0 0 0 0 0 92 0 0 0 0 93 0 0 0 0 0 0 0 41 0 0 0 0 0 0 0 43 0 35 22 0 46 0 0 0 78 0 0 0 0 12 0 0 0 0 0 0 0 0 81 0 0 0 0 62 0 0 75 0 0 0 0 0 0 0 0 0 7 0 80 0 45 86 8 83 86 77 75 0 13 0 0 42 0 0 0 95 10 0 0 0 27 0 0 63 0 9 50 58 0 62 0 0 0 0 0 0 0 84 0 0 0 0 81 0 31 0 0 68 45 0 13 0 0 0 0 0 0 0 0 0 0 0 0 0 80 0 0 7 54 56 0 0 0 0 0 0 0 94 0 73 86 0 0 0 0 0 91 0 0 0 0 0 0 0 0 0 0 6 0 10 0 34 0 6 0 0 58 0 0 0 0 0 0 0 0 0 0 0 0 0 0 0 41 0 64 0 0 0 0 0 8 0 0 18 0 0 0 0 0 0 41 0 43 45 0 0 46 0 0 0 0 6 0 0 0 0 0 0 0 0 16 0 0 0 0 0 0 0 0 32 53 0 0 0 0 0 0 0 0 31 62
50 0 0 0 0 0 92 0 0 0 0 0 0 38 0 97 0 0 0 0 0 0 0 0 0 0 0 0 0 0 0 0 49 0 0 0 0 0 0 0 0 0 0 0 0 0 0 0 0 0 0 0 15 65 0 0 0 0 0 0 0 0 0 70 0 0 0 91 0 0 88 0 94 0 0 0 0 0 6 0 0 0 0 27 0 0 96 67 0 0 0 0 0 81 0 89 0 0 0 0 0 0 0 0 0 0 51 0 67 0 0 0 16 0 0 0 0 0 0 60 0 0 72 0 0 0 0 0 0 0 0 0 0 0 27 0 0 41 50 0 45 61 0 0 1 0 0 0 0 0 0 0 93 100 81 0 0 0 0 0 0 0 0 21 0 74 0 0 0 0 0 0 0 68 0 0 62 9 0 0 8 6 89 72 0 0 0 0 0 17 62 0 85 0 0 0 0 0 82 0 0 0 0 58 0 0 98 40 0 0 0 43 0 0 29 0 0 0 29 97 0 0 0 0 0 25 0 46 0 12 57 0 0 0 0 0 0 0 0 65 0 0 0 0 0 0 0 0 0 85 0 0 0 0 0 9 3 0 0 9 30 0 0 0 41 0 0 0 0 55 0 92 0 54 0 0 0 0 0 59 0 0 0 8 70 0 0 53 65 7 0 0 0 0 19 0 0 0 0 55 0 0 0 0 0 0 0 0 0 0 0 0 0 55 0 0 0 0 0 57 0 0 0 0 0 0 0 0 14 65 0 0 0 0 0 8 0 0 0 0 0 0 0 0 0 0 12 0 0 0 10 0 45 85 0 9 95 0 31 0 0 85 0 0 69 0 47 0 0 0 7 0 0 0 0 0 0 0 0 0 0 48 79 36 63 0 0 35 0 0 0 0 0 0 0 0 96 38 0 0
36 0 0 0 0 0 53 0 0 83 0 0 0 0 0 0 73 0 0 0 0 0 0 29 0 0 0 0 0 0 0 0 0 0 0 0 70 0 0 0 100 8 0 88 0 0 0 0 0 0 0 0 0 0 22 0 0 0 0 92 0 0 0 0 0 0 96 95 0 10 0 15 0 5 0 0 0 0 60 17 0 0 0 0 0 0 0 0 0 0 0 0 0 28 0 8 0 0 0 0 0 0 0 0 0 82 72 0 0 0 0 0 0 0 90 65 0 61 0 0 0 0 0 5 0 0 71 0 0 0 0 0 0 0 0 0 0 0 0 0 0 0 0 0 0 0 0 0 0 0 0 0 0 0 91 0 0 0 0 0 52 0 0 0 0 0 10 0 60 0 0 22 0 0 0 0 0 26 0 0 0 48 0 12 0 0 0 23 0 0 0 0 0 1 46 0 77 0 0 19 53 0 0 0 0 38 0 0 0 9 0 0 0 0 0 0 0 0 0 73 83 0 16 0 0 0 0 0 0 0 70 0 66 0 0 0 0 78 0 50 0 0 0 54 0 67 0 0 0 45 0 0 0 93 0 0 0 0 0 0 0 0 0 6 0 0 0 75 0 0 92 0 0 0 0 0 0 0 0 0 0 0 0 0 56 0 0 0 80 0 0 23 63 0 0 96 0 0 0 0 26 11 0 32 13 0 0 0 0 0 86 0 0 0 0 0 67 86 72 0 29 28 0 0 0 51 0 0 0 0 0 0 63 98 0 0 0 0 12 0 0 0 5 0 0 0 0 0 0 0 81 0 0 0 0 26 17 0 0 0 0 0 0 0 0 0 0 0 0 0 0 0 0 0 0 0 0 98 0 0 0 18 0 97 0 0 65 0 0 0 0 0 0 46 86 0 0 27 0 0
0 0 0 0 0 0 90 0 0 0 8 42 45 0 0 0 7 0 0 0 0 28 0 62 0 0 0 0 0 0 83 0 0 0 0 0 16 0 79 0 0 74 0 0 0 0 0 0 0 0 0 44 0 87 0 52 0 0 0 0 34 29 58 0 0 0 0 0 0 0 0 0 0 0 31 0 88 0 75 37 0 0 0 92 26 94 93 0 0 16 56 0 0 0 6 0 0 0 0 0 0 75 0 47 0 0 0 0 28 74 0 0 0 0 0 0 0 0 0 0 0 0 0 0 36 0 0 30 41 0 51 81 67 0 0 0 23 0 0 0 0 93 34 0 0 0 0 61 0 0 0 0 0 0 94 87 0 65 0 0 0 0 0 0 49 0 0 83 0 30 0 0 0 83 70 12 39 0 24 0 0 75 0 0 0 0 0 0 30 44 0 0 0 0 0 0 0 0 0 0 0 0 0 0 52 0 0 55 0 29 0 0 0 56 0 46 0 0 45 0 0 99 0 26 0 99 0 0 86 0 0 81 0 0 82 0 0 32 3 0 0 97 62 0 0 0 0 0 0 90 0 0 0 0 0 0 0 0 0 0 37 0 0 0 0 0 30 0 15 0 0 75 0 0 41 7 24 75 13 0 40 0 0 78 66 0 0 0 92 0 8 0 0 0 0 0 90 0 0 0 10 16 0 0 0 0 10 57 0 85 2 0 0 0 0 0 0 81 0 15 0 0 0 64 82 0 0 0 0 0 12 0 36 0 0 5 0 0 55 87 0 41 56 0 0 0 0 0 0 0 0 0 0 40 0 0 74 10 0 2 0 0 0 0 0 87 0 0 0 0 5 19 0 0 40 0 0 0 0 0 22 0 24 78 0 81 0 0 68 17 0 55 0 0 0 0 0 90 69 99
68 15 0 34 5 0 0 0 0 74 0 37 0 0 75 0 55 44 61 83 23 0 0 0 0 0 0 0 66 0 13 0 0 23 0 0 0 61 0 0 0 0 18 56 0 82 0 0 0 0 0 0 0 0 0 0 0 0 57 0 0 0 0 22 0 53 0 0 13 0 0 0 0 0 0 0 25 0 0 28 0 0 0 0 0 0 0 81 0 0 0 0 0 0 0 0 0 0 64 0 58 0 0 0 0 77 0 0 21 0 78 0 0 0 0 0 0 0 0 0 0 46 26 80 0 0 0 0 0 0 0 0 26 0 0 0 73 0 0 0 0 0 0 0 0 0 0 0 0 0 0 0 2 0 62 0 0 0 0 0 0 60 0 0 0 0 0 0 0 0 0 0 0 98 0 69 0 0 90 0 79 47 0 0 0 0 0 0 0 0 0 16 67 0 0 0 0 0 87 0 0 86 0 0 0 0 0 0 0 0 0 14 40 0 86 0 0 0 0 0 0 0 0 29 0 0 80 0 0 93 0 0 0 64 0 0 3 0 0 27 0 49 0 0 65 0 0 45 0 0 0 0 0 0 0 0 0 20 95 45 0 48 68 0 0 32 7 91 42 76 0 0 14 0 0 9 48 15 0 0 0 30 0 0 53 0 0 39 0 0 0 0 0 31 0 0 45 20 41 37 0 54 0 94 0 0 48 0 0 20 0 0 0 0 32 65 34 0 0 0 0 0 0 0 0 78 0 0 0 35 0 0 40 31 0 0 0 0 0 64 0 84 0 0 92 0 0 55 0 0 0 0 98 0 0 0 0 0 37 0 0 13 0 0 0 0 0 96 29 0 0 0 0 97 0 0 0 0 8 0 0 0 0 0 0 5 0 58 0 0 55 0 0 60 0 0 100 0 0 51
0 0 0 0 35 0 0 0 0 0 0 0 0 0 0 99 0 8 0 0 0 0 46 0 0 0 73 76 25 0 44 0 0 0 0 99 0 0 0 0 0 7 0 0 6 0 0 0 0 0 0 0 91 0 0 0 0 0 0 0 6 0 0 66 47 0 0 0 43 0 0 0 0 65 0 28 0 0 0 0 100 0 0 0 0 0 58 0 0 11 0 32 0 0 51 0 0 0 0 0 0 0 0 96 0 45 0 95 57 0 0 0 0 20 0 50 0 0 0 0 20 0 0 0 0 0 0 0 0 0 0 0 0 0 0 0 0 16 0 0 0 0 100 0 0 44 0 0 0 0 0 0 49 0 0 0 0 0 0 34 0 0 0 55 0 0 0 0 0 0 0 51 0 0 0 0 0 0 0 89 0 92 11 88 0 0 0 56 0 0 0 0 0 0 75 0 0 0 0 43 1 0 96 64 4 0 6 0 49 0 0 11 0 0 0 0 0 0 34 44 41 0 0 0 0 0 0 0 5 21 20 0 0 36 0 8 0 0 0 0 0 0 0 0 0 65 71 0 0 0 0 0 0 42 0 29 19 0 27 86 0 0 0 0 53 21 0 0 0 0 0 0 68 0 0 0 0 74 0 0 0 0 0 92 0 63 22 0 35 0 0 0 0 0 0 0 0 0 0 0 0 13 0 0 34 0 0 0 72 0 0 0 61 92 91 0 0 0 0 13 0 0 0 95 77 0 0 0 0 3 89 0 0 0 88 0 0 7 0 8 0 0 86 0 0 0 0 0 0 0 0 0 0 0 0 0 50 20 83 71 0 0 0 0 0 0 0 87 0 29 38 0 96 0 45 0 0 0 52 0 0 0 0 0 0 0 0 0 18 0 0 0 85 81 0 1 41 0 0 44
0 19 0 0 0 0 0 0 0 88 0 0 40 6 0 0 0 31 0 0 0 0 0 20 0 0 0 0 0 0 0 0 0 0 0 0 0 0 0 0 0 0 0 0 14 0 0 0 0 0 0 0 0 0 10 0 0 0 28 0 0 88 0 0 0 0 0 2 0 0 88 0 0 0 0 0 71 0 0 0 0 0 0 0 0 0 0 0 0 62 0 0 0 44 0 0 0 0 0 0 0 0 0 0 60 0 84 37 0 34 0 30 0 0 0 22 78 0 0 0 0 4 0 0 0 88 9 0 0 0 0 0 0 0 13 0 0 0 53 0 9 0 0 70 22 25 0 0 0 0 0 0 0 0 0 28 0 0 0 3 0 0 0 72 0 0 2 0 0 0 38 0 0 0 52 0 0 0 0 0 3 0 0 0 63 0 52 0 0 30 0 0 0 0 0 0 0 0 0 0 0 0 7 0 0 0 70 0 0 0 65 0 0 0 0 71 1 0 0 0 69 0 0 0 29 0 83 0 0 0 55 0 44 96 92 0 0 0 0 29 28 0 0 0 0 4 0 0 0 0 0 63 0 51 0 0 0 0 0 0 17 0 49 94 0 0 0 0 0 0 25 21 0 55 86 85 0 0 69 40 0 0 0 0 0 0 0 0 0 0 0 0 0 0 71 0 0 72 0 0 0 0 0 0 0 0 4 0 0 0 1 0 0 65 0 0 0 0 42 39 0 0 0 53 0 0 0 0 14 0 0 0 0 0 0 64 27 0 0 0 0 0 29 0 0 68 0 0 0 0 0 0 73 0 0 0 0 79 0 0 0 13 0 0 0 0 0 83 0 0 0 0 0 0 0 0 0 0 0 0 0 0 0 0 0 0 0 0 0 0 0 46 0 0 0 0 0 0 0 0
0 0 0 0 0 0 0 21 41 0 0 75 0 0 0 0 0 0 91 68 35 49 92 0 0 0 0 0 15 18 0 0 0 0 0 56 0 12 61 75 0 0 92 0 0 0 0 0 2 0 0 0 0 0 0 0 0 17 0 0 95 0 0 0 0 0 0 0 42 24 0 0 0 0 0 0 16 0 0 0 0 0 0 0 16 0 0 0 0 27 0 85 0 0 0 0 0 0 0 0 60 0 0 0 0 0 0 0 2 0 0 0 0 0 59 97 8 0 100 0 0 0 62 0 58 2 0 71 0 0 0 0 0 0 0 0 2 0 82 97 0 14 0 0 0 25 0 0 0 0 83 0 44 0 0 0 0 0 12 0 0 0 100 59 0 0 0 0 42 0 32 0 0 0 0 0 0 0 0 77 0 0 3 0 0 0 0 0 0 25 0 53 0 0 0 0 0 27 0 0 88 0 0 0 0 0 0 0 0 0 0 0 0 0 0 0 0 0 45 0 0 7 0 9 0 15 0 0 0 0 24 0 0 0 0 0 0 0 0 0 0 85 34 46 0 77 0 27 0 0 100 47 73 91 0 68 0 0 5 0 0 0 0 0 0 0 41 0 0 0 0 0 0 83 0 0 5 0 0 46 0 0 85 0 25 0 0 0 0 0 0 0 0 0 0 62 0 0 0 97 0 57 0 0 39 0 22 0 0 0 0 0 0 0 0 0 0 0 0 0 23 0 0 0 17 0 0 0 0 0 0 48 38 83 34 0 0 49 72 0 0 45 78 70 0 0 0 0 0 30 0 5 0 0 30 0 0 0 0 0 0 0 0 0 0 0 0 0 0 37 0 0 0 37 0 0 0 0 8 0 0 0 0 0 0 0 0 61 0 28 63 0 0 0 0 0 0 0 0 0
14 0 0 94 0 0 0 27 0 0 100 0 0 92 30 0 0 0 0 0 0 94 0 0 6 0 0 6 0 0 0 86 0 0 0 0 0 75 0 0 0 0 0 26 0 0 0 0 0 0 73 0 0 0 0 0 0 0 0 80 0 0 0 0 100 0 0 0 0 89 0 0 0 0 0 0 0 0 0 0 0 0 84 64 0 84 0 0 0 8 0 0 75 0 57 13 42 0 0 0 0 0 0 0 4 0 0 0 0 0 0 6 5 0 44 0 0 0 0 0 0 0 0 9 0 0 93 0 0 58 0 0 0 58 0 11 30 0 0 0 12 40 0 0 0 34 0 0 0 0 0 95 0 0 0 94 18 0 47 0 89 0 0 0 44 0 0 0 28 61 0 61 0 88 0 35 0 0 0 0 19 19 49 0 0 0 0 0 0 89 0 0 0 0 0 48 0 0 74 0 0 87 0 0 0 0 0 0 0 0 0 34 0 0 0 0 0 92 0 0 0 45 64 87 0 73 47 0 0 0 0 0 0 0 84 0 57 0 4 0 5 0 0 0 0 0 0 0 0 83 37 0 0 0 0 0 92 0 0 0 0 15 30 77 0 0 0 0 0 0 0 0 98 0 0 0 0 4 37 0 48 0 0 0 0 0 12 0 96 0 0 0 3 0 0 94 0 0 67 74 0 0 0 41 0 0 0 0 0 0 0 92 0 0 0 33 0 0 0 0 0 97 86 0 0 0 0 0 0 1 0 0 95 0 0 16 12 0 100 0 0 0 0 0 0 0 0 0 91 40 0 0 0 0 67 0 30 0 0 0 0 0 0 0 0 0 0 0 0 0 0 0 51 70 0 0 34 0 0 96 0 0 0 0 0 0 0 46 0 0 0 0 86 39 0 0 68 0 100 0
0 0 0 0 0 0 0 0 0 0 0 0 0 67 29 0 0 0 0 93 0 45 0 0 0 0 26 34 0 14 0 3 88 0 41 0 0 38 0 95 0 0 0 26 32 9 0 24 0 0 0 0 76 27 0 0 0 0 57 0 0 99 0 0 100 0 0 0 0 0 0 0 0 0 88 0 0 0 0 0 0 0 0 0 45 0 0 0 0 0 0 45 0 0 0 0 0 43 0 77 0 0 0 0 0 70 95 0 0 0 0 0 0 0 94 0 80 0 0 0 0 8 0 0 0 0 0 0 41 0 0 0 54 0 0 24 0 0 0 0 0 0 0 0 35 30 82 0 0 0 0 0 0 33 0 31 11 0 0 0 0 67 75 0 4 0 78 0 0 0 69 0 0 92 0 0 0 8 0 0 87 0 0 0 0 0 0 0 0 0 0 0 0 0 44 0 0 0 0 0 0 0 0 85 41 0 0 0 50 0 0 0 0 38 0 0 0 0 0 69 0 8 0 39 0 0 0 93 0 0 0 83 0 83 0 0 0 0 0 0 0 0 0 0 0 68 0 0 0 0 22 56 0 0 0 0 0 0 0 0 0 0 0 0 0 0 0 0 49 7 0 38 89 0 0 0 0 64 0 70 0 0 0 0 0 0 0 0 80 0 0 0 0 0 0 0 93 0 56 0 0 0 0 0 0 0 0 25 0 36 5 0 0 0 0 36 0 4 0 0 26 0 0 21 0 0 0 0 0 0 0 0 0 40 0 0 0 0 0 0 35 0 0 0 64 0 0 0 0 77 0 0 0 0 0 0 0 4 10 0 13 0 0 67 0 0 0 0 0 0 21 0 59 48 0 0 32 0 0 50 65 0 0 0 49 0 0 0 78 45 0 0 0 0 0 0 0 0 0 0
0 0 0 0 0 0 57 0 83 0 0 0 0 0 0 61 0 48 0 0 100 0 0 14 0 0 84 49 0 0 0 25 0 0 29 51 0 0 0 0 78 0 0 0 0 0 0 0 14 29 0 0 0 49 20 68 0 4 0 0 0 0 32 0 0 0 0 6 65 0 0 22 0 0 0 0 89 0 0 10 0 0 83 0 0 0 0 0 0 0 0 0 0 0 25 0 99 1 0 0 0 0 0 0 0 12 0 70 44 0 0 80 0 0 0 0 0 94 37 28 0 0 0 44 0 0 0 0 0 0 0 0 0 0 0 0 0 59 79 0 0 0 89 0 0 0 0 0 0 0 0 0 0 73 88 63 0 0 0 0 0 26 0 58 0 0 0 0 68 0 0 0 0 0 64 0 9 0 0 0 0 0 44 0 0 0 54 0 0 63 0 0 0 0 62 41 0 0 0 71 0 0 0 0 0 3 0 74 0 0 28 0 78 0 0 39 0 0 0 0 0 0 0 92 0 0 0 0 95 71 0 0 0 0 0 0 49 0 0 0 0 0 0 0 100 94 0 97 0 0 0 0 0 18 0 0 0 0 0 0 43 0 0 59 0 0 0 15 0 0 0 55 27 0 27 0 0 28 0 0 44 42 0 0 75 0 0 0 0 0 0 52 0 0 9 86 0 0 0 0 0 0 54 0 97 40 0 0 0 78 0 0 0 0 0 0 0 0 0 30 37 0 0 0 0 0 0 0 0 0 0 0 0 0 0 45 79 0 0 94 0 53 54 46 65 0 0 0 19 0 50 0 0 0 0 89 0 0 0 0 0 0 0 0 35 0 0 0 0 0 53 0 0 0 0 0 73 0 0 16 0 0 0 32 0 0 0 0 0 0 59 0 0 0 0 0 0 0 0 0
0 0 67 0 33 0 0 0 0 0 0 0 0 39 0 80 0 0 30 0 17 64 0 0 0 0 0 0 0 0 0 0 76 12 0 0 69 0 8 0 52 0 0 0 0 43 61 67 0 0 83 0 0 0 0 77 3 0 0 0 0 50 0 3 0 0 0 0 0 0 0 0 51 0 0 5 0 80 98 0 0 25 0 72 0 90 0 0 0 0 0 0 0 0 0 0 0 0 0 0 0 0 0 0 0 0 91 0 0 71 0 0 68 0 0 0 0 42 0 0 15 0 0 0 0 0 0 0 0 0 0 0 0 0 0 0 0 97 0 0 0 0 46 0 0 0 0 43 0 0 84 0 0 0 0 88 93 0 0 0 0 0 0 0 0 0 0 0 0 0 89 0 0 0 0 0 0 21 0 0 8 48 31 11 0 0 0 0 0 0 0 0 0 0 50 0 0 0 0 0 0 23 94 0 0 0 0 0 0 50 0 14 0 0 0 0 0 0 0 0 72 0 0 0 0 35 98 0 0 76 0 0 28 0 0 0 0 79 79 0 53 64 0 0 0 0 0 0 62 0 0 92 0 98 0 97 33 1 87 0 0 25 0 0 9 0 0 0 79 28 0 0 0 14 0 0 0 0 0 0 0 30 29 0 0 0 0 0 0 0 0 0 0 0 0 0 0 0 0 0 0 0 0 37 34 0 0 16 93 0 41 12 0 0 0 0 0 0 0 0 0 65 0 0 0 0 66 0 0 0 82 0 0 0 0 0 0 0 0 0 58 0 0 79 0 0 0 77 0 2 0 0 0 0 47 0 0 0 0 0 0 0 0 0 0 0 0 0 0 0 0 0 0 0 35 0 0 0 0 0 0 0 0 0 0 0 0 0 0 0 0 0 0 0 81 0 0 0 0 0
0 0 0 0 0 0 72 6 0 0 0 52 0 9 0 0 33 0 68 7 0 0 0 0 0 0 0 0 0 56 0 41 0 0 0 59 0 0 0 0 0 0 0 0 0 0 0 0 0 0 0 0 0 0 15 0 0 0 0 15 0 0 67 0 0 0 0 0 0 0 70 64 0 49 0 37 78 0 7 0 0 0 0 0 0 0 0 0 34 0 0 0 0 0 8 0 0 0 0 0 0 0 0 0 0 11 0 5 0 0 62 0 95 51 0 99 0 65 0 0 93 0 0 96 0 31 6 68 48 0 0 0 0 0 25 41 0 0 0 0 0 0 79 0 0 0 0 86 0 0 0 0 77 61 21 0 0 68 0 0 0 0 0 0 73 0 0 0 0 0 0 0 41 0 0 12 0 97 0 3 0 0 0 0 0 0 0 94 57 0 0 4 0 26 0 0 0 0 0 0 0 0 56 0 0 0 0 0 0 5 34 30 91 0 0 36 0 0 0 0 0 58 0 0 0 0 14 0 0 0 0 0 80 0 0 76 0 0 64 0 0 0 0 30 58 0 0 0 0 0 0 50 0 0 0 0 0 0 67 0 0 0 0 0 0 0 82 28 0 37 0 0 0 0 24 0 0 4 0 75 0 52 0 0 0 0 0 0 0 0 0 0 30 0 0 0 97 0 0 0 0 87 0 55 64 0 0 75 0 0 0 0 97 86 23 63 0 0 0 92 0 35 0 0 0 0 31 83 0 0 0 31 83 0 0 0 0 0 0 56 27 13 0 0 0 0 0 0 0 0 0 0 0 0 0 0 0 3 0 0 62 0 0 0 96 49 67 99 0 0 0 0 85 0 0 0 97 15 0 3 0 0 73 0 32 0 0 0 67 0 0 0 53 0 0 0 65 0 0 0
0 0 7 0 0 50 0 0 17 0 0 0 85 0 0 0 0 0 0 0 0 0 59 0 0 0 0 0 0 0 0 0 0 7 0 0 0 0 0 0 0 0 0 53 0 0 0 91 0 0 0 0 0 0 0 0 50 0 0 87 0 0 46 0 0 0 0 0 0 0 0 0 0 0 0 19 0 0 0 0 67 94 13 47 82 40 0 78 0 0 19 0 0 0 0 79 0 0 37 4 83 0 0 0 0 0 0 0 0 85 0 0 0 0 0 0 0 0 55 0 0 0 0 66 0 0 13 0 0 0 47 96 0 18 0 0 0 0 0 0 4 12 0 74 0 0 86 0 62 0 0 0 0 0 57 69 7 0 71 0 93 0 99 0 56 46 74 0 0 20 0 97 0 15 0 0 0 0 0 0 0 0 0 0 0 0 0 0 0 0 16 0 1 0 13 0 0 0 0 0 0 0 0 0 0 0 0 0 71 0 0 0 0 0 0 0 0 58 0 0 10 73 0 30 0 0 54 0 0 25 0 0 0 0 0 0 0 47 0 0 0 0 0 0 0 0 0 0 0 0 0 61 46 0 0 0 0 0 0 0 0 92 0 0 27 0 89 0 0 0 0 0 27 0 0 0 0 0 0 0 88 0 0 46 0 0 0 0 0 0 0 0 0 0 62 0 0 33 0 0 0 24 8 58 75 48 0 98 0 0 0 0 0 53 0 39 8 0 0 0 60 0 0 0 78 0 0 0 99 86 15 0 0 0 0 0 0 0 0 0 0 0 0 0 68 0 0 0 0 59 63 0 0 0 0 0 0 0 0 5 0 0 11 72 0 0 0 0 0 0 0 0 75 0 0 0 37 71 0 0 0 0 0 75 66 0 0 0 80 0 0 0 0 0 0 0 0 0 0 0
0 0 88 0 0 0 58 0 0 0 39 0 0 0 75 96 0 0 0 0 0 0 0 0 0 0 85 0 0 64 0 64 36 71 0 0 0 0 85 0 0 54 72 0 0 0 0 0 0 0 0 0 0 0 18 0 0 0 0 20 0 0 9 0 100 1 0 41 0 20 8 0 0 0 0 0 100 0 25 0 0 0 86 0 38 0 0 0 31 0 0 0 62 0 0 0 0 86 66 0 69 0 0 74 0 35 20 0 0 0 0 0 0 32 0 7 69 0 0 0 0 0 73 78 0 0 0 0 0 0 0 34 89 0 0 0 0 0 7 76 0 34 0 59 0 0 0 0 61 74 67 40 0 0 31 14 0 0 0 0 0 0 95 0 0 0 0 0 0 0 0 0 0 0 0 0 0 0 0 0 0 83 0 0 0 0 91 0 71 0 0 0 0 0 0 0 0 0 0 0 5 0 0 0 0 19 0 0 0 0 0 0 76 0 0 0 0 21 0 0 0 0 0 0 40 0 14 0 0 0 0 0 0 0 0 80 0 0 46 0 0 0 0 0 0 0 0 0 0 0 0 61 0 0 0 0 0 0 0 0 83 0 0 0 0 0 92 0 0 0 0 55 0 0 0 0 92 0 88 0 0 0 0 0 0 0 60 0 37 0 0 0 0 0 0 0 37 37 0 0 0 2 0 75 0 0 88 0 0 13 60 0 0 49 47 0 0 0 43 0 0 0 0 0 0 0 70 90 70 0 0 0 0 0 0 0 54 0 0 54 0 0 13 83 46 100 0 0 0 0 0 0 0 0 0 0 0 0 0 71 0 0 0 0 0 88 92 0 0 0 98 0 0 0 0 0 0 0 0 57 63 38 0 0 33 0 0 0 0 68 3 47 0 0 57 0 0 0 94 30
0 18 0 0 0 0 0 14 0 0 0 65 81 0 0 0 9 36 67 0 0 0 0 0 0 15 0 0 14 0 0 0 80 0 0 35 22 30 0 0 0 0 0 98 0 0 0 0 94 0 0 0 0 27 61 0 0 0 0 0 0 0 0 0 55 0 0 82 0 0 0 0 0 0 0 0 0 0 0 0 0 0 48 0 0 0 0 0 0 0 0 0 0 0 0 0 39 15 0 0 0 0 0 0 0 78 0 0 0 52 0 33 38 0 0 0 0 39 0 0 0 0 0 0 31 93 0 0 0 0 0 0 0 69 0 0 87 0 12 63 0 4 0 18 0 0 0 0 0 0 0 0 0 0 0 0 0 0 0 3 8 0 0 0 46 0 0 7 0 0 0 0 0 0 39 0 0 55 25 0 0 0 0 0 0 72 0 91 0 0 58 0 0 0 0 62 0 0 17 0 0 0 0 69 65 0 0 38 0 40 0 0 26 0 0 0 0 0 0 0 41 0 0 0 0 0 89 0 0 10 57 0 0 0 0 0 0 100 0 0 0 0 0 0 0 98 63 0 0 0 0 0 10 0 0 0 0 0 0 0 0 0 0 0 0 69 0 0 63 79 0 83 0 0 0 0 39 0 14 0 0 0 89 92 0 0 37 78 0 0 0 74 87 0 0 0 0 0 0 79 0 0 49 0 87 0 77 0 0 0 6 14 0 0 0 0 0 0 0 1 0 0 0 0 0 0 0 14 0 0 0 0 0 46 0 0 0 19 91 0 66 25 49 0 24 0 0 86 0 42 23 0 0 0 0 0 68 0 68 0 0 0 0 71 0 0 0 53 0 0 46 0 79 0 0 0 0 0 52 0 64 57 0 0 82 0 54 0 0 25 0 0 0 0 97 0 0 0 0 78
4 0 0 0 0 51 98 27 0 0 0 0 0 0 0 0 0 0 0 0 53 0 0 0 0 0 6 53 0 50 42 0 0 20 27 0 0 0 0 0 0 85 0 66 84 0 51 0 0 0 0 0 0 13 0 0 0 0 95 0 0 0 0 0 94 14 56 0 0 90 0 0 0 0 0 0 0 0 0 0 0 0 0 26 6 0 28 91 0 0 0 0 0 24 28 37 0 0 62 5 0 0 0 0 0 0 0 0 71 13 61 0 0 28 54 0 0 0 0 0 21 0 0 0 0 0 0 0 0 0 0 0 0 0 0 81 87 95 25 66 0 0 14 15 0 0 10 0 0 0 40 0 0 0 0 5 0 0 0 0 0 0 0 0 0 0 0 0 0 0 0 57 0 54 0 31 0 0 57 0 0 0 0 0 0 0 0 0 0 3 0 0 0 0 59 99 0 0 0 0 0 0 0 97 0 0 0 0 0 0 0 0 0 0 0 77 0 0 0 0 0 0 16 0 0 57 0 0 0 0 0 0 0 0 0 66 52 0 0 0 0 7 23 0 0 0 0 60 0 0 0 0 0 0 0 0 0 0 0 100 0 0 0 0 0 0 0 0 22 0 0 0 0 0 0 0 0 91 46 0 78 0 81 56 0 0 0 77 0 0 0 100 53 0 4 0 0 0 0 0 0 0 0 0 0 0 0 0 100 3 0 0 0 0 0 79 84 0 0 0 0 0 0 0 22 0 0 79 8 0 0 0 0 0 0 0 0 0 0 49 0 0 0 0 0 0 0 0 0 0 62 79 0 0 0 0 0 0 75 0 0 0 0 0 0 0 0 0 0 0 0 0 0 0 0 43 2 8 31 64 0 0 0 75 30 0 35 0 0 0 8 2 59 52 0 78 0 0 4 0
41 0 0 0 0 0 0 0 51 31 0 0 0 0 0 70 0 0 0 0 0 0 78 92 86 0 84 0 0 0 0 0 74 0 0 0 18 0 0 0 0 5 0 83 46 0 0 92 0 0 0 0 0 0 62 0 0 0 33 0 0 0 36 0 0 0 0 0 0 0 30 0 0 0 0 0 0 0 0 0 0 0 31 0 0 0 0 0 65 0 0 0 82 0 84 83 0 0 0 0 32 0 0 71 0 0 0 0 0 0 0 0 0 97 0 0 45 0 0 0 30 0 0 0 0 0 0 12 79 0 8 21 0 0 0 0 0 0 0 0 0 0 0 0 0 0 0 0 0 0 75 74 80 0 0 69 35 0 0 82 20 0 0 0 0 0 0 0 50 0 0 0 0 99 43 0 0 3 0 0 0 60 0 0 0 13 0 0 0 52 0 0 0 89 0 0 0 0 0 0 0 0 0 0 86 12 0 0 71 0 0 0 0 0 0 0 0 0 0 23 0 0 0 0 0 0 0 0 34 97 0 0 0 28 0 0 0 0 0 72 0 0 0 0 0 0 0 0 0 0 0 41 0 0 0 0 0 72 0 0 46 49 0 79 0 0 53 0 0 0 98 0 0 0 0 0 0 0 0 0 0 0 0 0 0 24 0 0 0 0 0 0 0 0 5 0 0 0 0 0 40 0 76 63 0 0 0 0 0 83 52 0 0 0 0 0 0 0 0 0 0 0 0 0 0 0 69 0 45 48 51 46 0 90 0 0 0 35 25 0 0 0 0 0 0 89 43 70 0 0 0 0 0 0 40 6 0 0 15 0 33 0 0 0 0 8 0 0 0 88 0 96 0 0 0 0 0 0 18 0 13 25 32 55 0 0 0 0 0 0 0 0 0 0 0 71 37 0 0 0
0 0 0 43 0 0 0 0 62 0 0 0 0 19 3 0 0 0 54 0 0 0 0 32 0 0 0 0 0 3 0 0 0 0 0 0 50 0 86 0 0 0 0 0 0 0 39 0 46 0 0 13 0 0 0 0 0 0 74 0 0 0 0 0 0 0 0 62 32 0 0 0 0 0 0 0 0 0 0 0 0 27 0 0 0 69 49 0 0 0 0 52 0 0 0 0 94 0 0 79 0 0 65 25 82 0 0 0 0 0 0 0 0 0 0 0 0 0 0 0 32 0 0 0 0 0 0 87 0 0 42 0 0 0 0 0 0 0 0 0 0 0 0 0 0 0 0 49 0 0 0 0 0 0 0 32 0 0 0 41 0 0 0 64 0 0 36 0 60 6 0 0 0 38 0 0 0 0 0 0 0 79 0 0 0 0 0 16 0 96 17 93 0 0 0 0 0 0 0 0 0 0 0 0 0 0 52 0 0 0 76 22 0 0 61 0 0 14 0 84 7 0 0 0 28 0 0 0 68 0 0 36 0 0 0 0 0 0 89 0 0 0 0 0 0 0 27 0 0 40 0 0 25 0 0 0 0 0 0 79 0 0 0 0 0 0 0 0 0 0 0 0 0 0 0 0 0 0 0 0 0 0 0 0 0 43 78 37 0 29 0 0 0 0 0 0 26 28 0 4 0 0 11 29 0 0 0 0 0 70 0 0 23 0 0 0 0 0 0 94 0 0 0 0 0 0 0 77 4 0 0 0 0 0 0 11 0 0 0 0 0 0 0 0 20 27 0 0 0 15 0 0 0 0 0 35 54 0 0 25 0 0 0 0 0 0 0 0 0 0 0 0 0 0 2 0 0 82 0 0 0 0 0 78 0 0 0 0 0 0 0 0 0 0 0 0 0 51 0 0
49 0 0 0 0 95 0 0 8 21 0 0 78 0 0 0 0 0 0 95 0 50 26 21 11 0 0 44 0 0 1 0 0 32 0 0 0 0 30 0 0 73 0 0 89 78 0 0 97 0 0 0 0 74 0 0 0 0 0 26 0 0 0 0 0 0 0 0 0 0 0 0 0 0 67 13 0 0 0 0 0 0 54 0 0 0 0 0 0 53 0 0 0 0 0 0 0 49 4 28 0 0 11 84 48 5 0 0 0 0 0 0 0 18 0 15 23 0 0 0 98 0 33 0 0 0 0 0 0 0 0 0 0 65 0 0 0 0 0 49 31 4 0 0 0 0 0 29 0 0 0 0 0 0 0 0 95 0 0 0 0 0 0 15 0 0 28 0 0 0 0 0 0 0 0 0 0 43 0 0 0 0 15 0 0 18 0 0 87 0 0 0 0 0 0 0 0 0 0 0 64 0 13 0 0 0 0 0 0 0 0 0 34 0 0 0 0 0 63 0 0 0 47 57 24 0 0 0 0 25 4 0 0 0 0 63 0 0 0 0 24 0 0 0 0 0 0 0 0 0 0 0 0 0 55 0 0 83 0 65 0 45 0 72 61 0 26 0 0 0 25 0 30 0 0 0 8 0 0 0 0 0 0 91 56 0 88 0 0 0 78 0 0 21 0 0 0 0 0 0 0 0 0 78 0 0 0 72 0 0 0 0 0 0 0 0 13 0 92 0 19 0 0 97 0 0 0 0 0 35 5 0 0 0 0 0 93 0 63 0 0 27 0 0 10 0 0 0 0 0 0 99 0 72 20 0 0 0 0 0 0 0 0 0 0 0 0 0 30 0 0 0 0 0 0 0 11 0 0 0 0 0 67 0 63 0 35 0 0 0 0 0 0 0 0 0 0 0 19 34
0 84 78 0 0 0 0 0 0 0 0 76 0 87 0 78 32 0 0 0 0 0 0 0 0 0 27 63 0 0 0 0 0 0 0 0 0 0 0 0 58 0 0 0 0 0 0 81 0 15 0 0 0 0 0 0 0 0 0 46 0 0 0 0 0 0 0 2 0 0 79 0 0 0 0 0 0 74 82 0 0 0 0 0 0 0 0 0 0 90 9 0 0 0 0 40 0 0 0 61 0 0 7 45 0 0 0 0 0 0 0 0 24 0 0 0 0 0 89 88 70 65 50 59 75 0 0 0 0 0 0 0 0 0 31 65 0 0 0 92 0 0 0 75 48 0 0 51 0 0 0 0 70 50 95 0 0 0 78 91 92 2 0 0 0 82 61 0 0 0 42 62 0 62 0 0 0 0 0 0 0 0 0 0 0 0 96 0 54 54 0 0 0 92 0 0 0 0 0 0 0 87 0 90 0 0 0 0 0 0 48 0 91 60 0 0 0 52 0 0 0 0 0 10 16 0 0 0 0 96 0 68 0 0 0 0 89 22 51 0 23 0 0 0 0 0 0 0 69 0 0 0 0 0 0 0 69 0 0 0 0 0 0 0 0 0 0 100 0 0 0 0 0 0 0 0 51 14 28 43 86 0 40 6 91 0 0 42 0 89 0 0 0 0 0 16 0 0 17 0 39 0 0 20 0 26 0 0 9 0 0 77 0 0 0 98 0 0 0 0 98 0 0 0 0 60 77 0 0 0 0 0 0 0 0 0 0 0 0 0 0 0 63 0 98 0 0 0 0 0 0 80 0 79 0 53 0 0 0 0 0 9 0 0 0 0 0 43 0 0 0 0 0 0 60 0 0 0 0 0 0 91 0 0 0 0 0 0 0 0 0 0 0 0 6 0 78 0 48 0
88 17 0 0 0 45 25 0 94 0 0 0 0 0 0 0 0 0 0 0 0 0 0 0 0 0 0 0 0 0 0 87 0 0 48 0 0 80 0 94 81 0 96 93 0 0 0 77 0 0 0 1 0 0 0 0 0 0 0 0 0 65 46 73 0 74 16 0 0 0 0 53 0 0 0 0 0 0 1 26 7 0 0 72 0 0 0 0 20 0 0 0 0 0 0 0 94 0 0 42 0 0 0 0 0 0 80 0 0 0 0 0 0 0 0 2 65 0 0 0 67 5 0 0 0 0 43 0 0 0 0 0 62 98 0 72 97 0 37 0 0 15 0 0 30 5 0 0 0 0 0 0 0 0 0 7 0 0 0 0 0 0 7 0 0 21 57 13 58 0 0 0 0 0 0 0 0 0 41 0 0 0 14 0 0 0 0 0 0 0 26 0 0 80 31 0 0 0 0 0 0 0 50 0 0 0 83 0 0 0 0 59 0 0 0 0 0 0 0 0 6 44 0 0 0 0 0 24 0 0 0 0 0 56 0 0 0 71 0 0 0 0 0 0 43 0 0 0 0 0 27 63 17 0 35 84 0 34 0 0 85 0 0 0 0 0 0 0 93 0 0 0 0 0 0 0 91 0 28 0 70 0 0 0 0 0 72 0 0 44 0 0 0 0 0 0 83 0 0 0 86 0 0 0 0 0 0 0 0 0 0 56 48 0 1 0 0 0 0 0 0 0 0 0 0 0 0 0 12 0 0 46 0 0 0 0 0 0 0 0 0 0 0 0 0 53 0 0 0 47 0 0 23 0 0 29 0 22 28 0 33 36 87 73 0 86 0 6 66 0 0 75 91 0 57 10 20 4 0 0 0 0 0 0 0 0 50 54 0 11 40 25 0 0 55 0 0 0 0 0
0 0 71 0 84 0 0 0 0 0 81 42 53 0 0 63 0 0 0 0 69 0 0 63 0 0 0 0 0 0 0 93 0 0 0 0 91 0 64 0 15 0 0 0 0 0 0 2 0 0 43 0 0 0 0 0 0 0 0 0 59 0 39 52 0 0 90 29 0 0 3 0 0 0 0 0 0 6 0 56 0 0 0 0 0 0 0 0 71 14 0 0 0 2 0 0 0 0 0 0 0 0 24 0 87 0 0 0 0 0 0 30 79 0 68 0 0 0 0 0 0 0 0 0 0 0 0 0 0 0 0 0 0 0 0 0 0 0 0 0 0 32 0 0 32 0 0 0 0 94 0 0 0 0 0 0 0 25 0 0 0 74 0 0 0 0 0 0 0 0 29 0 0 0 65 51 18 0 80 61 80 0 0 0 0 0 27 0 0 0 0 0 0 0 88 72 0 62 0 0 49 0 0 0 19 0 0 0 0 33 36 5 0 0 79 5 98 0 0 0 0 0 0 2 0 0 0 23 54 0 0 0 0 0 0 0 0 0 0 0 0 0 0 37 0 0 0 0 0 0 0 0 0 0 0 0 0 0 66 0 80 0 0 63 18 0 11 0 0 0 0 0 0 0 0 0 40 0 0 10 0 0 0 0 0 0 0 0 46 0 0 0 0 0 0 83 0 26 0 0 0 0 0 0 16 0 0 0 96 0 0 0 60 0 78 0 0 0 0 0 0 0 35 0 0 0 0 0 95 94 0 48 0 0 0 0 0 40 76 0 0 0 24 88 0 0 44 88 0 0 0 0 84 0 0 36 11 0 0 0 0 0 63 0 0 24 0 0 0 92 0 0 29 0 0 53 9 42 0 0 0 3 67 0 0 0 0 0 0 95 0 0 0 0 0 0 0 0 0 0
0 0 0 0 83 0 0 58 0 0 0 0 0 0 6 0 0 0 0 0 5 47 0 62 0 41 0 42 0 0 0 0 0 0 51 0 75 0 41 0 0 0 0 0 0 0 0 81 0 0 0 56 0 0 0 0 14 0 82 0 0 0 4 60 53 0 0 0 75 0 0 92 0 0 0 0 0 0 0 95 0 91 0 0 0 0 0 0 2 0 0 0 0 2 69 76 0 0 0 0 0 0 72 0 0 63 0 0 42 19 0 0 0 83 0 0 0 0 0 0 0 19 99 0 0 0 78 0 0 0 0 45 0 0 0 0 0 0 0 5 55 0 0 0 0 0 2 0 0 7 0 0 0 0 0 85 0 2 0 0 0 0 0 36 0 0 0 0 0 0 0 0 65 0 0 0 0 0 0 0 0 20 0 0 0 0 0 70 0 33 0 14 0 0 0 0 0 0 0 73 0 0 0 58 0 0 0 21 66 0 0 0 0 0 0 0 58 0 0 0 0 65 39 96 0 0 0 26 0 0 30 26 0 0 0 0 61 78 0 93 0 68 67 0 0 0 63 0 0 0 0 0 83 0 0 0 0 0 0 74 0 0 0 0 0 50 0 0 0 69 0 0 0 34 0 34 0 0 0 0 0 0 74 49 53 0 0 0 55 0 0 22 0 54 0 54 0 0 0 40 66 61 0 0 0 0 0 56 0 0 0 0 0 0 0 60 15 0 0 15 0 81 0 0 0 0 52 0 0 0 0 0 0 0 0 0 69 97 9 96 16 0 3 0 0 0 0 0 30 0 0 0 10 0 0 0 0 0 47 25 52 14 34 0 0 0 0 13 0 9 0 0 20 0 0 21 0 0 0 67 0 0 0 0 0 0 0 0 35 36 0 0 0 0 0 0 0 0 0 0
0 23 0 4 27 0 0 0 0 0 0 0 0 0 0 0 0 0 0 0 0 0 0 0 47 0 0 0 0 0 0 0 20 0 0 36 0 0 0 86 0 0 0 35 0 0 0 0 0 0 0 33 0 0 0 0 96 0 0 0 0 0 0 0 85 0 0 0 0 50 0 74 64 0 0 0 0 3 0 0 73 0 0 0 0 0 51 0 0 0 0 0 0 0 0 91 0 0 0 41 0 0 0 0 0 0 0 95 0 0 0 45 45 0 0 86 0 0 15 0 0 0 0 0 0 0 0 0 0 0 0 91 0 8 0 0 0 0 64 20 0 49 27 0 5 68 0 0 0 0 0 11 4 0 0 0 0 0 0 48 0 0 0 0 0 30 0 0 0 11 0 0 0 0 0 0 0 83 0 81 0 45 39 0 0 0 0 76 0 0 0 0 0 69 99 0 0 82 81 0 0 0 0 0 16 0 0 3 0 0 0 0 61 0 82 61 0 0 0 0 0 0 0 0 0 0 58 0 0 0 0 0 0 0 0 0 0 0 0 0 0 0 21 0 0 0 0 0 0 0 0 94 0 0 51 0 0 83 32 0 0 0 0 0 28 0 0 49 0 0 81 0 60 0 54 0 20 12 0 0 0 0 0 0 0 0 0 0 0 0 6 0 0 0 0 0 85 64 0 0 0 0 0 0 0 23 88 0 0 0 0 0 0 0 78 0 0 0 68 0 78 0 0 0 0 0 13 0 0 0 0 0 34 0 0 0 0 0 0 57 18 0 0 0 0 0 0 0 0 0 59 38 0 0 0 0 82 94 0 0 0 0 0 0 41 100 65 0 0 96 0 0 0 0 0 0 63 0 34 0 0 0 91 55 48 0 0 0 81 0 39 0 0 0 0 47 3 0 0 0
0 0 99 0 0 0 0 0 50 0 0 0 0 0 0 0 0 0 0 0 0 93 0 0 1 0 0 0 0 0 0 0 71 0 0 0 0 0 0 0 0 43 0 0 41 0 66 0 0 22 0 0 0 0 0 58 0 0 0 0 0 25 0 0 0 0 0 100 0 0 62 0 0 0 0 0 0 20 0 0 0 96 48 0 15 0 0 60 79 0 44 0 0 0 0 75 0 0 0 0 0 0 16 0 0 0 6 65 0 0 0 72 11 0 0 0 0 0 0 0 0 0 29 94 30 0 0 0 0 0 0 0 0 0 0 15 7 0 0 0 0 89 35 0 38 0 0 0 0 0 90 0 24 0 0 0 0 0 0 0 0 0 0 0 18 47 0 0 0 93 0 0 0 0 0 98 0 0 0 66 0 0 0 46 0 0 0 0 0 0 0 0 0 0 26 96 50 47 0 0 0 0 0 0 60 0 0 56 0 0 0 0 0 37 0 0 0 75 0 0 0 0 57 0 0 0 26 0 0 0 0 0 0 0 0 0 0 0 63 0 0 0 0 0 0 0 0 90 0 0 84 41 58 0 0 78 0 0 59 0 0 40 0 33 0 61 83 0 0 0 0 79 0 0 94 0 0 0 0 0 73 0 0 0 0 28 45 35 0 18 100 29 19 0 0 0 28 10 0 0 0 0 0 10 0 0 0 0 0 0 0 92 83 47 62 32 0 0 0 43 0 48 0 94 0 0 30 0 0 73 0 0 0 0 0 0 0 0 0 79 0 0 55 0 0 6 30 0 0 0 0 91 85 0 0 0 0 0 0 0 84 0 0 53 0 0 0 0 0 0 37 0 0 0 0 0 0 0 0 0 68 0 0 0 0 0 0 0 0 0 84 0 18 0 0 0 0 0 0 52
0 0 0 0 0 0 0 0 0 5 0 40 0 4 0 0 0 0 0 0 0 0 11 38 0 0 0 0 0 0 0 22 0 0 45 18 67 69 0 43 4 0 11 0 86 0 0 0 64 44 0 0 0 26 0 99 0 0 0 0 0 46 0 0 0 0 87 0 0 6 2 0 0 0 5 0 0 0 0 0 0 25 96 16 0 0 0 0 0 0 0 53 0 0 0 0 0 33 0 0 38 74 0 0 0 66 0 0 74 88 0 0 82 0 4 0 0 0 35 0 0 0 0 0 14 0 0 0 0 0 4 0 0 0 0 96 0 0 0 0 0 0 83 0 0 0 0 78 0 64 0 95 67 0 0 0 0 0 41 0 0 0 0 0 0 0 86 0 0 59 0 0 46 0 0 0 0 0 0 0 0 0 0 0 0 0 0 0 0 0 0 0 0 0 0 68 0 0 0 0 35 92 0 0 0 0 0 0 34 0 0 0 0 0 0 10 0 44 9 0 0 31 59 0 0 0 26 0 0 0 0 69 0 0 11 45 0 2 61 0 95 0 0 0 0 0 0 0 0 0 0 92 0 0 0 0 0 0 91 0 0 0 16 98 0 0 0 0 0 0 0 0 0 0 0 84 0 91 42 0 0 0 0 0 0 41 32 30 0 91 0 72 0 0 0 0 0 0 68 55 0 0 0 0 0 0 0 0 0 0 0 0 0 64 69 83 45 0 0 0 0 0 3 0 0 0 0 0 0 60 0 31 0 0 0 0 78 0 0 0 57 52 0 0 0 0 0 0 9 0 0 0 76 46 0 0 0 0 51 0 0 0 0 0 0 0 0 66 5 0 0 0 0 0 0 15 0 0 0 0 63 0 0 0 0 0 0 0 5 0 0 0 0 0 0 0 79 0 77 0
0 0 67 0 80 0 0 0 32 93 0 0 75 99 72 0 0 0 0 0 0 0 38 14 0 0 0 0 0 0 0 0 0 0 0 0 0 0 0 0 0 60 0 0 0 18 12 0 0 0 0 53 0 0 0 0 0 8 0 0 0 92 0 0 0 0 80 54 0 0 0 0 12 55 0 42 88 0 76 0 0 13 0 0 0 71 96 0 15 60 0 5 0 88 0 0 0 0 0 0 0 0 99 0 0 0 8 0 0 76 0 0 48 0 0 0 55 0 95 0 58 0 0 79 92 0 0 0 0 0 82 0 0 0 67 0 0 0 0 53 0 0 0 0 54 0 0 11 75 0 0 0 0 0 0 0 0 0 0 0 0 0 0 0 12 0 0 37 0 0 0 0 0 0 14 0 0 0 0 0 0 0 53 0 0 0 0 60 0 0 0 0 0 0 0 0 89 0 0 61 0 0 78 63 0 0 0 0 0 0 0 0 0 0 0 0 34 0 0 81 30 0 0 0 0 0 0 0 33 9 0 0 81 85 0 1 0 0 58 0 0 0 22 0 0 48 7 0 0 0 0 0 0 0 0 61 0 0 0 0 72 1 0 0 54 0 0 34 0 0 0 0 0 0 0 0 0 16 0 0 0 0 0 0 0 0 46 0 6 93 0 0 44 0 0 0 0 0 0 0 0 27 0 0 0 0 96 0 65 0 0 0 94 0 0 0 11 0 18 82 0 0 0 0 0 0 54 0 0 28 0 0 0 40 0 79 0 0 0 0 0 0 80 0 0 0 81 0 0 0 45 0 74 0 0 0 67 0 83 0 0 80 0 0 85 0 0 57 0 0 72 0 0 26 0 0 0 0 0 0 15 0 0 82 0 17 0 0 0 0 28 95 0 0 0 80 0 0 0 0
0 0 0 0 0 0 0 0 0 20 95 0 10 0 80 0 0 0 0 0 0 0 0 0 0 0 0 0 65 15 0 0 0 0 2 45 98 36 0 0 0 0 0 96 0 0 53 0 0 0 0 0 0 0 66 16 73 0 67 0 19 0 0 0 0 0 0 0 0 0 0 80 0 99 1 20 0 0 0 0 0 0 0 0 83 57 0 0 0 0 0 0 0 27 0 0 0 0 0 15 0 0 0 0 0 0 0 66 31 0 0 0 40 0 0 0 0 0 0 55 0 0 0 0 0 0 0 96 73 0 0 0 0 0 21 0 0 0 0 0 48 0 0 0 0 0 0 0 0 0 97 0 0 0 0 0 0 18 25 0 42 0 0 0 0 0 0 67 100 0 0 0 0 0 0 14 11 0 0 0 48 0 30 0 0 0 52 0 79 0 0 0 0 47 0 0 0 0 0 0 0 0 0 0 76 0 97 0 0 0 0 0 0 0 0 80 0 60 0 0 0 0 0 0 0 0 17 0 0 49 6 0 31 99 0 75 0 95 0 30 0 0 0 0 20 0 0 75 0 0 59 0 0 0 0 0 75 63 65 60 0 0 0 0 0 0 0 0 0 0 69 79 0 28 0 39 0 0 0 0 0 0 0 0 0 0 58 80 0 0 0 0 0 0 0 47 0 0 7 0 0 0 0 57 0 0 0 0 100 0 0 44 17 0 0 0 0 43 92 36 0 0 0 0 0 0 77 0 0 0 0 0 0 0 59 0 0 91 92 0 0 0 0 0 0 0 0 0 0 0 86 10 69 0 0 0 0 0 70 0 0 90 0 0 69 23 0 0 0 0 63 0 0 0 0 0 0 95 91 0 0 0 30 0 17 40 0 0 88 0 0 0 0 0 22 81 0 0 0 0
0 0 0 0 86 0 0 0 0 0 0 0 0 0 17 0 0 0 0 0 0 70 91 0 0 0 0 0 0 0 0 0 0 43 0 0 8 0 69 0 0 0 0 0 0 0 0 0 0 0 21 45 0 0 0 0 0 0 0 0 0 0 0 0 2 19 0 41 0 9 0 0 0 0 32 0 70 56 0 0 0 0 0 0 46 0 0 89 0 0 0 0 46 97 56 0 0 0 1 0 0 77 100 0 16 54 0 0 0 31 0 0 20 0 0 0 0 0 0 0 0 0 0 0 0 0 0 28 0 0 0 0 0 100 0 0 84 0 56 0 0 100 0 98 0 82 66 0 0 0 0 0 93 0 0 0 0 0 0 0 0 45 0 0 0 0 0 0 0 0 0 14 0 57 0 94 0 22 88 0 64 0 0 0 0 0 100 0 0 85 27 0 0 0 0 0 0 0 0 0 70 0 66 0 0 0 64 0 97 0 0 0 43 49 0 0 0 0 70 0 32 0 0 93 21 0 0 0 0 0 0 0 0 75 0 0 0 0 0 0 73 0 0 0 50 12 0 0 0 75 0 16 0 0 94 88 0 0 34 45 0 0 53 43 0 0 0 0 0 73 63 0 92 0 0 0 36 30 59 0 0 13 0 0 0 0 0 0 0 0 0 0 97 0 0 69 0 28 0 0 83 0 0 0 0 0 0 0 0 63 0 59 33 0 0 10 29 0 71 0 0 0 0 0 4 9 0 0 31 0 0 0 80 0 0 0 44 0 0 0 0 82 3 89 0 0 0 0 0 68 0 0 0 0 0 0 0 0 0 0 0 0 0 0 0 0 74 0 0 0 3 0 0 66 96 0 0 0 81 0 0 0 0 7 0 0 0 96 0 0 62 0 0 0 0 0 0 59 0 0
0 0 33 0 46 0 0 0 0 0 74 65 0 81 0 37 0 0 43 0 0 0 16 0 0 0 0 0 0 61 0 94 97 0 0 44 0 0 0 0 0 70 0 86 0 0 0 62 0 85 88 0 0 0 0 0 15 0 0 0 0 0 0 0 0 96 0 96 0 49 98 0 0 0 54 0 0 0 83 0 0 0 0 0 8 55 0 0 68 32 0 0 0 0 0 0 0 0 0 0 55 0 0 31 0 0 0 32 0 0 0 0 0 0 0 0 0 0 0 0 0 0 0 29 0 56 0 0 0 23 0 0 0 23 0 0 72 0 0 37 0 0 0 0 55 0 0 0 2 0 50 0 0 0 0 33 0 0 0 0 62 0 0 0 52 0 30 0 0 0 0 0 0 0 0 0 0 0 0 0 0 41 0 0 0 5 0 0 0 0 0 0 0 56 0 0 46 5 0 0 78 0 0 0 0 0 48 0 0 99 0 0 0 0 0 0 0 0 0 0 3 82 0 0 52 0 0 0 0 0 0 0 0 83 0 0 0 0 0 0 3 0 0 0 0 19 0 0 0 0 24 0 0 0 0 26 92 0 0 0 0 0 16 32 0 0 0 36 0 0 0 0 55 0 0 0 0 0 0 0 0 0 0 0 0 0 0 0 0 0 0 0 23 0 0 0 29 0 0 0 0 0 0 32 0 0 12 0 0 0 92 0 64 0 0 0 0 0 0 0 0 0 0 81 0 54 0 86 0 0 59 2 52 0 81 0 0 0 12 0 0 0 0 88 99 82 0 0 0 0 0 0 0 26 0 0 0 0 0 0 0 90 0 0 0 50 0 0 0 0 0 0 41 0 52 0 77 0 0 0 0 0 0 94 0 0 0 0 0 78 0 0 0 0 0 47 0 0 0 0
0 0 87 0 0 0 0 0 10 62 55 91 61 0 0 0 0 29 0 0 0 52 0 0 0 0 0 0 0 0 0 0 0 0 0 0 0 0 0 0 0 36 0 4 0 0 0 0 0 0 19 0 0 3 0 0 0 42 5 0 25 0 40 0 0 44 0 0 0 0 41 0 85 0 76 47 0 85 0 0 0 60 82 87 55 0 0 0 0 100 0 0 0 0 0 47 0 0 0 0 0 0 0 55 0 0 0 0 0 58 0 0 18 0 0 0 0 0 0 0 0 0 78 0 0 0 0 0 77 39 0 0 0 0 96 0 0 17 0 0 0 70 0 0 0 0 0 0 0 0 39 14 19 0 0 0 0 33 71 0 89 0 0 57 0 0 0 57 0 0 0 38 0 26 0 0 0 0 0 4 39 0 0 0 0 0 9 29 0 0 0 0 0 63 0 0 0 0 51 0 0 0 0 0 0 0 0 0 0 0 79 0 0 96 0 0 0 0 0 7 0 0 91 0 0 0 5 49 78 0 0 0 23 0 29 85 0 0 0 41 60 0 0 0 0 84 46 0 1 30 0 0 85 0 0 0 0 0 0 0 0 0 0 0 0 0 0 84 60 0 27 23 0 0 0 0 0 69 0 0 0 69 0 0 0 86 0 0 90 0 0 65 0 0 2 0 0 0 0 71 0 86 0 65 0 70 88 46 0 87 0 0 0 0 0 0 0 0 0 0 0 0 0 0 0 0 0 0 0 79 0 0 0 34 0 0 33 0 0 0 0 0 0 86 82 0 0 7 0 0 0 0 0 77 0 0 95 0 56 2 81 0 0 0 24 0 0 73 64 0 57 0 63 0 0 0 0 0 0 54 62 0 0 22 0 0 88 0 88 43 38 0 0 58 38 76 0 45 0 41
0 0 0 50 2 0 0 95 67 0 0 0 0 0 0 52 34 0 0 78 0 0 0 38 0 0 0 0 0 6 0 0 0 48 0 54 28 0 0 0 45 1 71 0 0 0 0 19 39 19 0 37 0 0 11 0 0 0 50 0 0 42 68 0 0 0 0 0 0 0 0 0 0 0 0 95 79 0 70 35 0 7 0 0 0 0 0 0 0 0 0 0 0 64 0 0 5 76 13 16 0 0 0 59 0 0 0 0 92 59 60 74 0 20 92 0 0 4 0 0 0 71 49 0 0 0 0 0 0 0 91 0 36 0 53 18 91 0 0 0 0 0 0 0 0 0 0 0 0 0 0 0 0 0 16 0 0 0 0 0 41 0 44 40 13 0 0 0 0 0 0 0 0 0 0 0 0 26 0 0 0 21 0 96 0 55 54 0 27 0 0 98 28 0 0 0 0 0 0 0 0 0 87 0 0 0 0 91 0 0 0 0 85 0 0 0 9 0 0 0 0 0 0 0 0 0 0 0 0 0 0 0 0 35 0 0 0 0 60 70 0 2 0 0 0 0 28 31 0 0 0 0 93 0 0 0 0 58 0 93 0 0 0 0 85 0 0 0 0 0 0 0 0 0 0 90 0 0 0 0 0 0 0 58 0 0 0 0 0 0 0 0 85 0 0 0 0 0 0 6 0 21 11 0 0 0 0 14 34 0 0 0 0 97 0 0 0 0 0 88 0 0 0 0 0 0 0 0 0 61 0 0 0 20 100 56 0 51 18 0 8 16 78 4 0 0 0 0 0 0 59 46 0 0 0 73 0 0 0 0 0 0 0 0 0 40 0 0 0 63 0 0 0 0 0 60 0 68 0 0 0 0 0 0 0 86 0 0 87 88 18 0 0 0 0 0 0 0 98 0
0 0 0 38 0 0 0 0 63 0 46 0 0 36 0 0 0 0 5 91 0 64 66 0 0 0 0 0 0 0 0 45 36 67 0 89 0 0 0 0 0 10 55 0 87 0 0 55 0 14 90 0 0 0 0 0 56 0 0 0 38 0 53 8 1 28 60 0 59 0 0 0 0 0 0 63 0 0 97 69 0 0 86 0 59 0 10 0 21 0 83 0 9 0 0 0 0 0 0 34 0 0 0 0 0 44 29 77 0 0 0 99 0 0 0 58 0 0 0 0 34 0 75 0 0 90 0 0 0 0 30 0 0 0 9 0 0 0 0 0 0 0 0 0 0 0 10 16 97 56 0 0 0 0 0 0 0 0 0 0 0 18 0 0 0 62 37 77 0 59 0 0 0 0 0 85 0 0 0 75 73 0 0 0 96 61 71 0 0 0 38 61 0 0 0 0 0 0 13 0 0 0 0 8 0 0 0 0 0 0 0 0 78 0 0 0 0 0 35 0 0 0 0 0 47 0 0 0 0 0 0 0 0 2 80 0 0 0 0 0 0 0 0 0 0 0 84 15 0 0 0 0 0 34 0 0 0 0 0 0 0 0 66 27 0 93 15 74 0 0 0 0 0 0 0 0 0 0 38 93 9 0 0 0 81 8 0 0 0 2 39 49 36 96 30 0 0 0 0 0 0 0 0 99 17 50 0 0 0 0 0 0 45 0 26 0 0 0 37 0 0 61 11 21 0 0 0 38 70 0 40 0 0 0 82 0 0 74 0 0 0 0 0 0 0 0 0 0 0 0 40 0 85 0 15 59 0 0 0 0 0 0 74 0 64 30 0 0 0 65 90 65 0 0 27 0 0 0 0 0 59 0 8 0 0 0 0 76 45 0 0 0 0 0 0 0 0 0 11 0
47 0 53 0 71 0 0 0 0 0 0 0 75 59 0 0 0 0 5 0 0 87 0 0 0 13 0 0 0 83 0 0 0 5 0 68 0 0 60 0 25 19 0 0 0 36 0 0 0 0 0 25 0 0 0 6 0 0 10 0 0 0 0 0 0 0 68 0 0 0 0 0 0 0 0 0 0 20 0 0 0 0 0 0 0 90 0 0 0 0 0 0 0 0 0 0 45 68 0 0 0 0 0 0 0 0 0 0 0 0 0 0 0 16 0 0 0 0 0 0 0 47 0 0 0 87 0 0 0 0 0 91 0 0 0 58 0 0 0 0 81 0 35 0 0 0 0 18 0 0 0 0 0 0 0 0 0 0 0 0 0 0 0 0 0 0 35 10 0 0 0 0 0 54 0 0 71 0 100 0 0 0 0 27 0 0 41 0 0 0 0 0 0 0 0 0 2 0 13 0 0 0 100 29 42 0 87 0 0 0 0 0 0 0 0 0 94 45 83 0 76 0 0 0 0 8 39 65 29 0 17 0 0 0 0 12 32 0 0 0 0 0 20 0 0 44 18 88 0 14 0 0 0 0 0 0 0 0 78 0 0 0 0 0 0 0 0 0 0 0 0 0 42 0 0 0 38 0 28 0 0 0 58 0 0 0 0 0 0 80 0 0 0 0 0 0 41 0 0 0 0 0 16 0 0 0 15 0 0 3 63 0 0 0 0 0 0 50 96 0 0 0 0 79 0 0 27 56 0 70 79 0 0 44 0 0 0 0 98 0 0 0 0 0 0 0 0 0 0 0 17 0 0 0 0 0 0 69 0 29 0 49 0 0 71 0 0 3 0 0 86 0 0 0 0 0 70 0 0 0 19 0 0 0 0 69 28 0 11 0 0 0 36 0 0 0 0 0 0 65
0 0 0 0 0 59 23 0 0 27 50 0 0 76 0 58 19 0 39 0 0 0 0 0 0 90 0 0 63 0 0 0 0 0 46 36 0 0 0 0 0 0 0 52 0 0 0 0 0 0 0 18 0 0 0 36 0 36 0 0 0 62 0 0 0 0 85 0 47 0 0 54 0 27 0 0 15 0 0 0 83 0 0 0 0 0 0 0 0 0 0 0 0 39 0 0 14 0 0 0 77 0 0 0 55 0 40 0 0 63 0 0 0 41 0 27 0 0 0 0 0 0 0 47 72 49 42 0 85 0 0 0 0 0 0 0 6 80 0 0 0 0 0 0 0 0 56 0 72 0 0 20 0 0 0 48 0 0 42 82 0 0 0 0 0 0 79 0 0 0 0 0 0 0 0 8 0 0 0 0 0 35 22 75 65 53 0 0 37 0 4 0 0 0 0 0 0 0 70 0 0 0 0 0 0 0 0 0 44 0 0 21 2 0 0 0 0 0 66 30 77 3 0 0 0 46 61 0 13 52 0 0 0 83 0 0 0 95 84 0 0 40 44 0 0 0 0 35 0 0 0 0 17 0 0 0 0 0 66 0 0 64 0 0 0 0 0 0 0 0 0 0 0 0 0 61 59 0 0 0 0 0 44 78 0 0 0 0 0 0 0 93 0 0 0 85 0 7 0 19 0 0 0 0 0 0 49 83 28 0 0 13 59 89 0 0 0 0 0 0 0 96 0 0 83 0 0 0 0 0 0 0 0 0 0 58 53 0 0 56 0 0 0 0 0 0 0 0 0 0 0 68 0 0 0 0 0 42 35 3 0 0 0 0 0 0 0 12 0 0 0 29 89 0 0 0 4 84 0 0 18 0 94 0 0 0 0 0 30 72 64 13 0 0 0 0 0 0 0 0
1 0 0 0 0 0 0 0 0 0 0 0 0 45 0 0 34 47 0 0 0 92 0 0 0 34 0 0 0 0 0 40 0 0 0 0 74 0 0 0 0 0 4 66 0 0 56 0 0 0 59 0 0 96 0 96 0 0 0 0 0 0 0 0 0 90 0 0 0 0 87 76 0 0 0 0 0 0 0 0 0 0 0 0 0 0 86 0 0 0 51 39 42 0 5 0 0 0 0 0 0 0 0 40 17 0 37 0 0 21 0 0 0 0 55 0 0 75 0 0 0 0 0 0 0 0 0 0 0 20 60 0 6 0 0 44 0 0 8 0 0 0 0 0 0 100 0 0 24 0 0 0 0 46 34 0 0 87 0 64 0 0 0 0 9 0 0 0 63 0 0 97 0 94 61 0 2 0 0 59 54 44 0 0 0 0 100 0 0 92 98 0 0 0 0 0 0 29 16 0 44 43 68 10 32 31 79 0 8 0 0 0 0 16 74 0 0 0 0 0 0 0 63 0 0 62 0 0 0 0 0 0 0 22 0 0 0 0 0 0 40 68 85 0 0 17 79 0 95 0 0 0 41 34 0 62 0 0 99 0 0 68 0 0 2 37 0 91 0 0 0 0 0 100 0 0 0 29 0 0 0 0 0 0 0 0 0 64 0 37 0 0 34 50 0 0 92 0 0 0 3 0 0 0 36 86 5 0 17 0 38 28 62 0 0 60 0 0 0 58 0 27 44 0 52 0 0 0 25 0 10 0 82 0 47 0 0 0 0 0 0 0 42 0 0 0 79 87 62 0 0 0 0 0 0 0 0 0 24 0 0 0 0 0 0 59 23 0 0 0 0 0 37 0 80 47 0 0 37 0 0 0 0 0 0 0 64 0 0 0 7 0 0 0 0 0 20 0 0 0
0 67 23 0 0 0 0 21 0 0 0 0 0 60 0 96 0 30 0 0 0 0 11 0 0 88 0 0 0 0 0 0 51 0 0 49 0 0 0 16 0 6 0 0 6 72 0 97 0 0 59 86 0 0 29 6 39 0 0 93 0 71 0 0 0 0 0 0 77 0 28 0 76 12 0 0 0 8 0 0 0 0 0 0 0 0 0 0 88 0 0 0 0 0 0 0 0 0 0 0 0 0 0 0 34 0 25 0 0 0 0 0 0 0 0 0 0 85 0 0 0 0 0 0 0 0 0 0 87 0 0 0 88 72 0 0 57 0 0 0 0 0 52 5 0 0 0 83 0 25 0 97 0 0 74 0 0 0 100 0 90 0 0 33 97 0 0 0 0 0 0 0 0 48 0 0 0 23 0 88 0 0 0 66 0 0 1 0 0 0 0 1 0 0 43 0 0 0 0 0 0 0 0 0 0 0 5 91 0 0 0 0 80 0 0 0 0 70 0 0 0 0 1 6 0 0 28 0 0 0 0 0 0 0 0 0 16 0 26 0 0 92 0 0 4 9 0 0 0 33 53 0 0 0 0 0 0 0 0 0 0 0 99 0 19 0 0 0 0 0 0 26 0 0 0 0 0 0 26 99 0 0 0 0 50 0 0 50 2 0 64 33 0 0 0 0 0 96 0 46 0 0 0 0 0 0 0 3 0 0 0 0 0 84 0 82 0 0 75 0 17 0 19 0 0 0 23 48 0 0 2 0 0 0 0 0 0 0 0 0 0 0 0 0 88 0 0 36 0 0 0 75 0 0 0 0 0 0 0 0 0 0 33 0 76 0 0 0 0 83 0 0 0 37 95 0 51 0 6 0 0 0 0 0 0 62 15 44 0 0 0 29 0 0 0 0 38 0 0 0
0 24 0 0 46 0 6 19 0 57 0 0 0 0 0 6 0 0 0 71 0 0 0 35 0 0 71 61 33 41 24 89 89 4 0 58 10 0 80 0 0 52 0 0 0 0 0 0 0 0 31 0 0 87 0 0 0 0 0 0 0 0 81 0 0 84 38 0 0 0 0 0 54 0 0 0 0 0 63 10 0 0 0 13 1 0 0 0 0 0 0 0 41 0 81 0 0 0 0 19 13 60 0 0 81 37 0 14 0 0 0 0 0 0 0 66 0 0 0 0 0 28 0 0 0 0 71 68 26 21 0 0 0 0 0 0 0 0 0 0 0 0 0 30 91 0 0 0 0 0 79 97 0 0 0 2 10 0 0 0 30 0 45 0 11 39 0 0 0 55 0 0 0 50 0 0 0 10 0 0 0 0 0 0 0 0 47 0 68 0 0 0 0 0 0 0 0 0 0 0 49 45 0 0 0 63 0 0 0 0 0 0 0 0 0 0 50 0 17 0 0 0 0 19 0 0 14 0 0 0 0 0 0 0 0 0 0 0 0 67 0 0 0 0 0 8 0 98 34 0 88 96 0 0 0 0 58 0 7 30 0 0 0 6 86 0 0 67 0 0 0 0 0 0 0 0 0 0 0 0 0 77 0 0 0 0 27 0 18 70 0 0 0 0 0 0 0 0 0 0 44 99 39 0 0 0 0 0 0 0 0 47 0 80 0 38 57 0 0 0 0 0 0 76 0 100 84 0 93 72 82 0 0 0 0 0 0 70 0 0 0 0 0 0 0 0 0 0 0 0 0 0 0 0 70 0 0 0 0 0 0 0 53 0 0 0 0 0 8 0 0 0 0 0 96 0 0 0 0 0 0 0 0 82 0 0 0 0 0 27 0 0 12 1 0 53 37 0 0 0
0 24 0 0 0 19 0 0 0 0 0 0 22 62 26 0 67 0 0 0 0 4 97 0 66 0 0 4 35 0 98 30 0 12 0 0 0 41 0 0 0 32 0 0 66 0 0 0 0 0 91 0 0 18 0 0 8 0 0 0 89 0 0 54 0 0 0 0 0 0 0 0 0 0 0 0 0 0 19 0 0 76 0 0 0 0 83 72 0 27 52 72 0 0 0 0 0 0 0 0 19 21 0 75 0 0 20 0 0 18 0 0 0 0 0 18 40 0 0 75 33 0 0 44 0 38 0 0 0 0 0 86 0 23 0 0 48 0 0 0 0 0 0 30 0 0 0 0 0 0 0 0 0 21 0 88 0 0 0 0 0 9 0 0 0 0 100 0 0 0 0 42 0 0 10 0 50 0 0 0 0 32 0 59 0 47 0 0 0 0 0 0 0 0 0 0 0 0 55 0 0 0 77 35 0 0 10 0 0 14 0 0 0 0 0 0 60 0 0 0 0 0 0 0 0 0 0 0 0 0 61 52 38 0 0 19 0 80 0 0 0 0 0 0 0 0 0 3 0 0 0 0 0 0 0 0 0 0 0 0 51 0 0 72 69 97 0 24 0 0 0 0 0 0 0 0 0 0 0 0 0 84 0 0 11 84 0 0 0 0 0 0 0 0 0 33 70 35 5 0 0 21 44 0 10 0 0 0 0 49 59 87 0 0 0 0 0 0 0 0 0 0 0 0 0 0 0 0 0 0 0 0 0 0 0 0 63 70 0 47 0 49 76 0 0 0 0 0 0 39 77 16 0 0 97 0 0 0 0 0 0 63 0 0 34 0 15 0 0 0 32 0 0 0 19 0 0 98 0 0 0 0 0 59 0 0 0 0 92 0 0 0 0 0 0 95 0 66 0 33
0 0 52 34 53 0 90 0 8 0 36 99 0 28 0 0 97 0 65 0 34 0 0 65 0 0 0 0 0 0 0 0 0 0 11 0 0 0 65 0 0 0 33 0 0 0 0 0 0 0 0 0 0 52 0 0 0 96 0 0 0 0 0 0 14 0 0 0 13 64 0 43 13 16 0 0 0 0 0 0 0 0 24 0 27 0 29 0 0 97 76 0 0 0 0 0 0 25 42 0 0 31 0 37 0 41 76 90 0 81 0 0 0 0 0 0 0 0 0 0 0 0 80 0 72 0 53 0 0 0 51 99 0 0 83 0 0 0 6 94 0 0 64 0 0 0 0 0 66 0 0 0 0 0 0 0 99 0 48 0 0 0 0 27 14 0 0 42 0 100 95 0 22 0 0 0 0 0 0 0 37 2 93 0 0 0 74 0 0 0 0 0 26 95 71 0 42 0 0 54 0 36 19 24 0 0 0 0 0 0 0 0 11 0 0 25 83 100 69 0 0 0 78 0 33 70 0 0 0 0 0 0 0 0 0 0 0 0 51 85 0 0 0 0 27 0 57 0 0 29 0 12 78 0 0 0 0 6 94 0 94 0 0 55 0 0 0 0 0 0 0 0 0 0 0 0 0 0 73 0 70 83 0 0 81 42 0 0 80 0 0 0 0 0 70 0 0 29 0 0 0 20 0 0 0 0 0 0 0 0 0 0 0 0 0 0 0 0 0 0 0 52 0 79 0 0 0 0 0 0 0 0 66 0 0 97 0 51 0 0 0 32 0 0 0 0 0 0 0 0 0 60 0 0 0 37 0 0 0 0 54 15 0 72 85 78 0 0 37 0 0 82 0 0 11 0 0 48 0 0 59 0 0 0 0 0 0 0 0 0 64 0 0 0 3 100 0 0 0 0
26 0 70 6 0 0 0 0 93 0 58 0 40 0 86 0 96 5 0 0 0 0 14 68 0 0 0 0 0 0 0 0 0 0 0 0 97 0 92 21 0 0 18 86 0 0 0 0 68 0 30 0 0 0 0 0 0 0 0 0 95 0 0 25 0 0 0 0 0 0 0 100 0 0 4 81 0 0 0 0 0 0 0 16 0 0 0 0 0 0 0 81 0 29 0 0 0 83 84 0 56 0 96 66 0 0 0 0 0 0 0 43 100 36 0 0 0 49 14 0 0 55 0 0 0 0 0 0 0 0 0 48 43 0 0 0 0 0 0 0 0 0 88 0 0 0 0 0 0 0 0 0 0 0 0 0 0 0 7 0 0 0 40 0 0 0 0 0 0 0 0 0 85 59 0 70 92 0 0 43 0 0 0 0 0 0 6 0 0 0 0 27 78 0 0 70 35 0 0 0 0 0 62 12 0 0 0 82 0 0 0 0 0 44 0 75 18 35 0 0 0 0 0 0 0 0 9 0 0 0 0 0 0 0 0 0 0 0 0 0 0 0 0 94 0 0 0 54 0 0 0 0 0 0 0 0 0 0 0 3 0 0 0 0 41 0 0 0 0 0 0 0 0 0 40 0 0 0 0 0 0 0 0 0 0 0 0 0 96 0 0 2 0 0 0 0 0 0 0 0 63 0 0 18 0 0 0 0 0 82 0 0 56 0 0 0 0 19 44 0 0 3 8 0 0 0 30 0 0 0 0 0 0 0 49 28 0 0 0 81 0 48 0 0 0 0 34 0 0 70 0 0 0 0 0 11 0 0 0 0 0 0 0 0 44 0 0 0 0 40 0 0 0 0 0 0 75 63 0 0 47 0 0 0 27 10 0 17 0 0 0 93 0 33 0 0 0 0 0 0
0 0 0 0 0 0 0 0 0 37 0 0 0 82 0 0 0 34 0 0 0 0 0 0 0 0 0 0 0 0 0 0 0 0 0 0 0 0 0 0 43 63 0 0 0 0 0 45 5 0 0 0 0 0 80 68 0 0 0 0 45 0 21 0 0 0 64 0 22 0 0 0 50 0 27 0 0 0 0 0 72 0 0 65 40 0 0 0 0 0 0 13 0 21 0 0 0 50 74 0 0 0 0 0 0 0 0 0 0 0 0 0 81 0 0 14 0 0 79 38 0 0 0 50 59 0 0 0 0 0 0 0 0 0 0 43 80 0 0 0 0 0 0 0 61 0 0 0 0 0 11 0 0 0 86 0 21 0 65 0 0 59 0 0 0 60 0 0 0 0 0 0 0 0 0 0 0 0 0 0 0 60 18 0 0 0 0 0 0 0 0 0 0 0 0 3 0 35 0 0 0 0 19 15 0 0 0 0 0 0 0 0 0 40 0 0 59 0 0 0 99 62 0 0 81 0 0 0 0 0 0 0 91 0 33 0 45 0 0 40 0 0 0 0 88 0 0 0 18 0 0 0 0 94 0 0 0 0 0 12 0 66 0 0 0 61 0 0 51 0 68 0 64 76 0 0 82 0 0 0 0 0 24 0 0 47 0 0 46 64 0 0 0 0 0 0 0 0 0 0 45 0 0 39 0 0 0 0 0 0 57 0 0 83 0 0 0 0 0 0 0 65 70 86 0 0 3 0 0 0 0 0 0 0 0 0 0 0 0 0 0 0 0 29 81 0 17 0 0 0 0 0 0 64 0 0 89 76 0 0 0 35 0 0 0 0 18 0 0 0 52 0 86 77 0 0 62 0 19 0 0 0 0 0 0 14 16 0 0 0 0 0 0 52 93 0 0 0 0 0
0 0 91 20 0 0 0 0 0 0 0 0 0 0 0 0 27 0 0 89 0 0 66 0 0 0 0 91 84 0 34 99 27 0 96 70 0 0 0 92 0 97 6 2 0 0 95 0 0 40 63 0 35 0 0 0 0 0 0 58 0 20 28 43 0 60 0 0 0 0 0 0 0 80 0 0 0 0 0 81 82 0 0 0 0 88 0 0 30 0 0 14 0 0 0 0 0 60 16 0 0 80 0 0 95 0 0 97 87 0 0 0 0 41 0 0 0 35 0 18 39 0 0 4 0 0 25 0 17 0 0 0 0 0 0 77 0 16 0 0 0 0 0 0 85 0 0 0 0 0 98 0 0 54 0 0 0 98 0 0 0 0 0 29 0 0 0 0 0 49 57 0 0 28 42 0 0 0 34 21 0 0 0 0 0 0 0 7 60 0 0 58 0 0 0 0 0 0 0 0 0 0 0 0 0 9 13 67 0 0 60 0 0 0 0 0 0 28 0 98 31 0 43 59 0 58 0 0 0 0 25 11 0 89 0 0 0 0 0 0 100 0 0 0 0 0 0 79 0 0 0 0 0 0 0 0 0 36 0 0 0 0 7 0 0 8 0 0 0 0 0 0 29 0 0 0 0 0 35 0 0 0 1 0 0 27 0 62 0 5 43 0 34 38 0 0 0 0 0 83 0 0 0 0 0 18 0 17 0 0 0 0 0 0 63 0 94 0 13 0 0 0 0 0 0 0 17 0 0 0 0 0 0 0 0 0 0 0 0 0 64 0 1 0 9 0 0 0 0 0 19 0 0 0 0 20 25 0 0 0 0 0 71 0 0 0 3 0 0 0 0 0 0 29 0 0 0 0 0 0 0 50 0 0 0 32 0 0 0 0 0 37 0 0 0 20 9 0 0 0
0 0 3 86 0 0 0 0 0 0 0 0 0 0 22 0 0 0 0 0 0 23 4 0 32 0 35 0 10 11 0 0 0 0 0 0 85 0 79 0 0 0 0 0 0 0 0 43 53 0 78 56 0 85 0 0 75 41 70 0 74 0 0 0 47 0 0 0 0 0 25 0 0 0 0 0 0 0 24 60 0 0 0 0 0 99 0 0 0 50 0 50 0 0 0 0 0 0 0 0 0 98 0 0 0 0 0 2 0 83 99 68 0 0 83 56 0 0 0 0 39 22 0 0 0 0 0 0 0 0 0 0 0 70 0 0 4 0 0 0 0 21 0 0 0 0 0 0 0 0 0 0 0 0 28 94 0 0 0 93 0 0 0 0 0 0 0 0 81 58 0 0 0 0 0 24 0 0 0 0 0 0 0 0 0 0 72 0 61 0 0 0 0 0 16 0 0 0 60 0 28 0 1 0 94 0 0 0 0 0 27 0 65 0 70 0 0 0 0 0 0 0 23 0 0 0 0 0 0 32 0 0 0 96 0 0 0 0 0 97 0 0 0 0 0 0 43 89 0 0 0 0 0 0 0 0 0 40 0 0 0 0 73 85 1 0 0 87 0 0 0 6 90 56 70 0 0 0 0 37 25 0 0 0 0 0 0 0 92 0 0 13 0 35 66 6 0 0 0 0 0 0 99 32 0 0 0 85 0 86 0 18 0 0 0 0 0 0 56 0 0 0 0 100 0 0 0 0 0 0 0 0 0 0 6 0 0 0 82 0 0 0 2 97 0 62 0 50 0 15 52 0 0 0 0 0 63 0 0 0 0 0 20 0 0 0 0 0 0 0 0 0 0 72 83 17 0 0 0 0 0 0 0 0 0 0 32 61 34 0 0 0 84 0 0 88 0 0 0 0
0 0 5 10 0 0 91 0 0 0 51 86 0 0 0 0 0 15 0 0 49 0 75 0 0 0 48 7 0 0 0 0 0 0 0 5 0 0 0 0 0 0 0 20 59 0 0 0 88 0 0 74 23 0 0 65 0 0 0 0 0 0 40 0 0 0 0 0 0 0 0 0 0 44 66 0 0 0 39 0 0 0 0 0 0 0 0 0 0 0 0 0 0 65 0 13 0 76 84 0 0 0 84 0 8 0 0 0 5 0 0 0 88 0 0 0 0 0 0 0 70 0 0 0 0 0 0 0 0 57 0 0 0 0 0 70 0 0 0 0 0 0 0 0 0 0 0 61 14 56 57 0 0 0 0 0 0 77 0 0 0 0 0 66 0 13 23 0 0 0 14 0 21 0 0 0 0 0 0 0 0 0 96 0 0 0 0 0 0 0 0 0 41 27 0 18 0 0 0 44 0 0 0 0 0 0 19 55 0 54 0 4 0 0 11 0 99 0 0 0 33 0 16 57 0 0 0 0 89 0 0 0 0 0 0 0 0 73 0 0 0 0 0 83 51 86 0 0 0 0 66 0 0 0 0 0 47 0 0 86 34 0 0 0 0 0 0 0 34 15 0 0 50 0 0 0 0 0 0 0 0 0 0 0 0 0 62 0 0 0 0 0 0 60 0 0 0 0 0 0 52 0 0 0 0 0 0 11 38 0 0 98 0 0 0 100 0 89 0 51 0 0 0 0 0 58 0 0 0 0 0 0 29 0 25 0 95 0 0 0 0 0 0 5 0 0 0 0 0 0 0 0 0 0 0 0 0 0 0 0 57 27 0 0 0 72 85 0 0 0 82 0 0 0 0 0 0 0 0 61 0 0 0 0 0 0 89 0 0 0 0 0 0 0 56 49 0 0 0 0
0 0 0 0 0 0 0 0 0 56 0 0 0 0 0 0 0 0 0 98 93 0 91 4 0 0 40 0 0 0 0 83 74 0 72 0 0 0 0 0 16 0 48 0 0 0 0 0 0 0 0 83 0 98 0 0 82 24 0 0 29 54 0 0 0 0 0 68 0 0 0 0 0 0 0 0 30 31 0 0 8 66 0 0 0 39 0 41 73 0 0 0 0 0 92 0 22 0 71 0 40 0 0 0 8 0 0 0 0 0 32 0 0 0 0 0 0 0 50 0 0 73 0 0 0 80 0 0 23 0 99 0 0 9 0 0 0 0 0 0 0 0 0 0 0 39 0 0 25 0 46 0 0 0 0 0 42 0 76 0 0 0 11 94 0 0 37 0 33 0 0 61 14 2 0 52 49 40 0 0 0 0 88 0 26 0 0 0 0 0 23 0 0 0 0 0 0 0 0 0 29 84 0 42 66 0 81 0 0 0 0 0 0 0 0 0 0 92 0 0 96 0 0 0 0 0 0 0 0 8 0 63 0 66 0 0 0 0 0 0 78 0 0 0 0 0 69 0 0 0 0 79 0 0 91 0 0 0 0 0 0 0 0 52 0 0 94 0 0 0 0 19 0 0 0 77 0 0 0 64 89 26 0 0 40 50 0 46 0 0 0 0 0 0 54 0 0 0 0 0 55 0 0 0 0 0 35 0 0 0 0 0 59 9 0 92 64 0 0 0 0 59 27 80 37 0 0 0 19 0 28 0 0 0 0 0 14 23 31 59 0 97 21 0 0 85 0 0 0 14 0 0 0 41 0 0 0 87 0 0 0 0 85 0 0 0 5 13 29 0 0 0 35 70 0 0 0 0 0 0 88 0 0 0 0 23 0 0 0 0 0 0 0 0 0 0 67 0 0 0
0 0 0 0 0 0 0 0 0 1 0 0 0 0 0 71 0 0 0 0 0 0 0 96 0 0 0 0 0 0 0 0 0 0 0 0 89 0 0 5 0 0 84 0 0 0 0 0 0 0 35 0 21 30 0 1 0 97 0 0 0 0 0 0 73 78 0 0 0 0 0 59 70 0 0 0 0 69 0 0 0 0 0 62 25 0 0 0 77 0 56 0 0 0 0 0 0 0 0 0 65 98 6 0 70 0 37 0 0 0 69 0 0 97 0 0 0 0 45 0 0 0 0 0 0 14 0 0 86 0 0 0 0 0 0 0 0 0 0 0 0 0 38 0 0 0 0 53 0 0 0 0 0 0 56 0 0 0 0 0 94 0 0 0 56 0 2 0 0 0 0 0 42 0 0 0 0 0 0 0 0 27 0 0 0 26 0 0 0 0 83 0 0 0 0 0 64 0 0 0 0 0 0 0 51 26 0 91 19 0 0 0 0 0 0 0 0 0 0 0 0 0 82 0 0 19 0 0 55 0 39 0 0 0 0 0 0 0 0 0 65 0 0 0 0 0 0 0 64 54 0 0 0 66 0 0 42 0 78 70 0 0 94 0 0 0 0 0 0 0 0 0 0 7 7 0 0 0 0 0 0 0 0 0 0 0 0 41 0 0 17 0 0 0 0 0 9 0 0 0 0 0 0 0 0 0 14 94 31 50 0 0 0 4 0 99 0 87 0 0 0 55 0 0 0 0 0 79 80 21 0 0 0 0 0 0 58 0 24 27 0 0 20 44 89 0 83 0 0 0 0 84 0 8 0 0 0 0 0 0 0 0 0 34 0 0 0 0 53 0 0 0 79 0 0 80 0 0 52 0 44 0 0 0 61 0 40 0 0 0 0 0 0 0 0 0 0 0 10 0
0 0 84 0 0 3 0 0 0 0 0 0 42 94 0 0 0 0 0 18 49 0 0 0 72 0 0 59 86 46 82 86 0 0 94 0 0 38 0 0 42 0 0 0 23 0 18 33 0 0 0 0 1 0 70 59 0 0 7 0 0 87 0 0 0 0 0 0 0 0 0 0 0 0 0 0 20 0 0 0 0 0 0 0 32 0 80 0 24 0 32 0 0 0 0 0 0 0 0 0 0 0 62 0 0 0 0 0 0 0 0 0 32 84 99 0 0 97 0 76 66 0 0 0 0 30 25 0 0 0 65 61 0 0 96 12 0 0 0 13 53 0 0 21 0 0 0 0 0 0 0 0 0 34 0 0 0 0 56 0 0 0 45 0 0 0 58 0 0 0 0 44 0 0 0 0 21 0 72 0 0 0 0 46 81 0 0 87 0 83 0 23 0 0 0 0 0 0 0 75 0 0 39 0 0 39 0 0 65 0 0 0 0 24 0 0 69 0 0 5 0 0 0 0 91 86 0 0 0 0 0 0 0 0 0 0 0 88 67 0 0 0 0 0 0 0 0 0 0 0 0 0 0 0 0 0 0 0 66 0 0 0 0 90 0 0 0 0 0 0 0 0 0 0 37 0 0 0 0 0 0 14 0 0 0 0 83 0 0 0 0 13 0 0 32 39 0 0 33 0 40 0 0 0 0 0 0 37 0 0 25 0 0 0 85 0 81 0 0 0 0 0 0 0 0 15 70 0 61 92 61 0 0 0 34 95 3 0 0 0 0 0 0 49 26 0 0 0 0 0 61 0 0 23 0 0 0 0 0 0 0 0 71 0 0 0 0 62 0 0 0 0 0 98 0 0 0 0 0 0 0 0 9 0 84 0 98 0 0 37 0 0 0 0 0 0 0 5 39 0
17 100 32 61 0 0 0 0 0 0 0 0 89 0 0 0 0 0 0 0 0 27 14 0 0 0 0 0 0 0 0 32 0 0 0 0 0 0 0 76 0 0 0 0 0 82 0 0 95 26 70 0 0 35 1 0 0 34 0 0 0 64 0 0 0 0 0 0 0 0 0 0 0 0 0 0 0 0 0 0 74 0 0 0 0 15 0 68 0 0 0 0 0 0 66 0 0 0 0 0 0 0 0 0 0 0 0 19 0 0 47 0 0 70 78 0 0 0 0 0 0 0 0 0 0 32 0 41 93 0 0 0 0 86 0 34 0 0 0 0 0 0 86 0 21 0 0 0 0 49 0 0 39 0 0 0 0 15 0 77 72 0 0 0 0 7 35 40 88 0 0 0 0 0 0 0 0 0 0 0 0 0 0 0 10 51 69 45 5 0 0 0 0 0 0 18 0 71 72 0 0 0 38 0 0 8 0 27 71 0 0 99 0 98 0 55 0 0 0 0 0 0 0 83 0 0 0 0 0 6 4 0 0 0 0 0 0 0 0 0 0 0 77 0 0 0 0 0 0 0 0 0 0 0 56 0 0 0 0 0 0 0 0 0 0 0 0 0 0 54 0 0 0 0 88 0 0 72 0 0 0 64 0 74 47 0 0 0 51 0 0 38 80 0 0 0 0 40 0 0 5 0 0 0 0 12 0 3 0 88 10 0 0 0 77 0 0 0 8 0 93 0 0 47 35 0 0 46 0 1 73 0 0 0 0 0 69 0 66 0 0 0 0 0 0 0 0 0 0 11 33 0 50 9 0 0 0 0 77 98 0 0 0 0 0 83 0 18 1 76 0 0 0 0 73 0 0 0 96 0 0 0 0 0 0 0 0 0 0 0 0 0 42 0 0 0 0 0 22 0
0 0 0 70 0 100 0 42 0 0 0 24 0 0 0 0 0 100 0 0 0 0 31 0 0 0 0 0 37 0 33 0 66 66 0 0 0 0 0 0 0 0 0 0 0 0 0 0 0 0 0 0 0 0 0 81 0 0 0 35 0 0 64 0 0 0 0 0 50 63 38 0 0 0 30 0 92 82 0 0 93 0 0 0 0 0 0 0 0 1 0 0 0 0 0 0 97 0 0 0 91 0 0 0 0 0 83 0 0 0 0 77 0 0 0 0 0 6 0 0 56 62 23 9 87 0 63 22 84 0 0 16 18 0 0 0 0 91 0 0 0 0 0 0 0 0 0 0 0 0 0 0 73 72 0 83 0 0 0 70 0 0 39 0 0 0 0 44 0 61 66 0 24 0 0 81 84 0 33 0 24 0 0 61 0 48 0 0 90 0 0 0 49 0 0 0 0 77 0 0 14 39 65 0 0 0 0 0 0 0 0 0 62 42 0 0 85 2 0 0 85 92 73 0 88 0 0 0 0 0 0 0 0 42 18 0 0 0 0 73 0 0 44 0 0 0 0 0 85 52 70 0 0 99 0 0 30 45 0 0 0 0 0 0 0 0 0 0 0 0 97 0 0 0 0 0 0 0 0 42 0 0 0 0 16 0 93 0 0 25 0 0 0 0 0 26 0 0 0 0 0 0 0 0 33 0 0 0 42 0 0 0 73 0 0 0 83 0 0 0 0 0 0 0 75 0 0 0 89 42 0 0 0 30 0 0 0 0 0 0 56 0 0 0 62 0 0 0 79 0 0 0 0 0 0 3 70 0 0 0 0 0 0 0 66 0 0 80 87 0 21 0 0 14 2 0 0 0 0 0 0 60 0 0 0 0 0 56 0 0 0 0 0 0 0 83 0 0 0 0
71 0 0 0 0 0 0 0 0 0 0 0 4 0 0 0 0 0 0 0 0 15 0 0 0 0 0 0 96 0 96 50 0 0 0 94 0 0 92 0 19 15 0 50 0 0 0 0 50 0 91 36 18 0 0 21 0 98 0 68 0 0 53 0 0 0 0 0 77 0 66 0 0 0 0 52 0 0 0 0 73 41 0 0 0 0 0 0 11 0 32 80 53 72 0 0 0 0 0 72 0 0 0 0 0 0 0 0 31 0 0 0 0 51 0 0 98 0 0 0 99 78 0 0 0 0 0 44 0 0 59 48 0 0 0 0 0 0 0 0 52 0 26 0 0 0 0 0 0 0 10 0 0 90 0 0 0 0 20 45 0 0 38 0 0 0 0 0 0 24 0 0 0 0 7 0 0 0 9 48 82 0 0 0 29 0 36 0 0 0 0 0 0 0 0 0 0 0 0 0 0 0 0 0 0 35 45 0 0 0 0 37 33 0 0 0 0 0 0 0 25 0 0 0 0 0 15 0 26 0 0 86 0 0 0 0 0 56 0 0 0 89 14 0 0 66 0 20 0 0 0 0 0 0 0 0 0 55 0 0 0 0 0 0 0 94 0 0 2 0 0 39 0 88 0 0 0 31 0 0 0 0 75 0 0 0 0 63 0 0 0 0 0 0 12 0 0 0 0 88 5 0 0 0 21 0 0 0 0 0 0 0 0 0 0 11 0 5 0 97 82 0 0 83 0 0 0 0 0 0 0 95 0 0 0 0 0 0 0 0 16 60 0 0 0 0 90 72 0 0 0 76 74 0 43 0 0 0 0 0 0 0 0 0 0 0 3 0 0 0 71 0 0 0 0 0 2 0 0 0 0 74 0 0 35 0 49 0 0 0 0 0 74 0 0 0 2 0 0 63
0 0 0 0 0 80 0 24 0 0 0 20 0 0 0 0 0 0 0 0 0 0 0 0 59 0 0 0 0 10 29 0 0 0 0 0 63 0 0 0 27 13 0 0 0 0 49 0 0 60 22 0 0 0 0 0 0 24 88 57 67 0 0 0 0 0 0 89 0 80 0 0 0 0 0 81 17 86 0 0 45 98 0 0 0 68 0 0 0 0 0 0 96 0 0 0 0 0 41 0 0 0 0 0 0 46 0 0 0 0 0 0 0 0 0 0 0 0 0 0 0 0 0 0 0 0 61 0 0 0 0 0 0 58 0 65 0 0 0 21 0 0 0 31 0 0 0 0 0 2 0 0 0 0 0 0 0 0 0 0 0 0 0 0 0 0 0 0 0 0 0 0 0 0 84 0 0 0 0 99 26 0 0 0 0 94 61 69 0 0 59 0 0 0 0 96 0 0 0 74 0 0 69 0 0 0 0 0 16 0 0 0 65 0 15 0 0 0 0 0 96 0 0 0 0 0 94 89 11 52 0 0 88 0 0 0 0 0 0 0 48 0 0 0 75 0 0 0 71 91 0 0 0 0 0 62 0 53 77 0 0 61 0 89 0 20 0 0 0 81 0 0 1 0 0 0 0 88 0 50 0 0 0 16 0 0 0 0 0 0 0 0 0 25 79 52 74 0 0 0 0 0 0 56 0 65 0 0 0 0 11 0 0 0 0 0 0 0 0 0 16 0 0 0 0 0 0 0 0 0 56 0 0 0 0 0 33 31 0 17 6 22 0 0 0 87 31 0 0 0 0 0 0 0 0 0 0 65 63 0 0 0 0 0 0 0 0 0 0 91 2 0 0 66 0 0 0 0 24 0 45 0 0 0 51 0 0 0 0 0 0 32 0 0 95 0 0 68 0 78
0 86 0 0 0 0 0 0 59 0 41 82 0 0 0 0 0 0 0 90 21 0 0 0 68 0 49 0 90 0 0 0 0 83 0 0 0 0 0 0 79 0 0 5 7 0 0 0 21 0 0 0 0 0 88 0 0 0 0 0 0 69 0 0 0 12 0 48 83 0 0 25 0 0 65 0 0 0 0 11 0 50 0 39 0 0 0 0 0 0 83 100 0 33 0 0 0 0 0 60 0 0 0 20 0 0 34 0 0 24 0 0 77 0 0 0 0 42 0 0 0 0 0 0 0 41 0 89 0 0 0 0 78 19 0 0 0 0 0 0 21 0 0 0 0 0 0 0 13 0 0 0 0 0 77 0 0 0 0 0 0 0 95 0 0 0 0 48 0 0 37 91 13 0 0 0 0 0 0 0 0 0 0 0 83 62 0 71 60 0 0 51 25 0 0 0 0 0 0 0 25 0 0 0 0 0 0 58 0 0 27 0 23 0 0 0 0 0 80 0 0 0 0 0 0 0 72 0 0 0 0 100 0 0 0 0 45 0 0 0 0 0 0 0 0 51 0 0 0 0 0 0 0 0 0 100 0 0 0 66 75 0 46 0 0 0 97 0 0 0 7 0 0 45 0 25 0 0 0 0 0 0 0 19 0 82 82 0 13 0 65 0 0 0 0 0 0 0 32 0 0 0 0 84 52 0 0 0 0 70 0 0 3 0 0 0 0 0 0 0 0 0 0 0 0 0 0 0 0 0 27 0 0 0 0 0 74 45 0 0 0 58 0 38 0 71 0 0 48 78 0 24 0 0 0 0 0 0 0 0 15 82 0 25 0 34 0 0 0 0 0 0 0 70 0 0 0 34 42 0 0 0 0 28 82 0 0 0 23 0 0 0 0 0 0 0 64 0 0 85
0 92 25 0 0 0 18 0 0 0 70 0 0 0 0 0 0 0 34 0 4 0 0 68 0 0 0 0 0 0 55 0 0 0 6 75 0 100 0 0 55 0 40 0 34 0 0 60 31 77 27 0 0 0 2 27 83 0 95 0 0 0 0 0 23 0 4 0 11 0 0 0 50 0 0 11 75 0 0 0 37 99 0 2 0 0 0 46 0 0 0 0 16 0 0 0 0 19 59 0 0 0 0 94 19 38 0 0 0 79 0 33 0 0 0 0 0 0 0 0 32 56 63 36 43 0 85 0 0 0 0 0 26 0 0 1 0 0 32 0 0 30 0 53 0 0 0 35 0 0 21 0 0 0 0 81 7 0 23 0 0 86 0 0 0 0 47 0 0 85 0 0 0 0 0 31 86 0 0 94 61 0 47 0 30 0 55 0 0 0 70 25 67 0 0 79 0 6 0 0 0 6 0 0 0 0 0 18 0 0 0 89 0 0 0 0 0 0 45 0 32 28 0 0 0 38 0 0 72 0 0 0 0 0 15 0 8 0 40 82 0 0 0 0 0 0 47 0 0 0 0 0 17 0 0 45 0 0 56 0 0 0 0 0 0 0 86 22 0 0 0 0 0 0 21 0 0 0 0 0 6 0 0 0 0 0 0 0 0 0 0 71 0 99 0 0 0 84 0 0 0 0 1 0 0 24 0 22 0 0 0 0 0 0 0 0 0 38 0 0 2 0 0 0 5 0 48 0 0 0 0 0 94 0 0 0 0 0 20 51 27 0 0 0 0 76 0 22 51 0 0 0 56 0 31 0 0 0 0 0 0 7 0 0 26 28 0 75 11 0 0 85 0 58 0 0 38 0 0 0 84 47 0 0 0 0 0 0 59 0 0 20 0 15 0 61 0 0 57 0
83 0 0 0 0 0 1 0 14 0 21 0 41 0 0 0 0 10 0 62 73 0 0 30 86 0 0 0 0 0 71 0 0 0 0 67 0 0 31 0 0 63 0 0 68 0 0 0 0 0 0 0 40 0 0 57 0 0 0 0 0 0 0 48 5 0 0 0 0 0 0 0 0 55 0 0 33 0 0 31 5 0 0 0 61 0 0 0 0 0 0 0 0 100 0 0 0 0 0 56 0 0 69 58 0 0 0 0 0 43 20 15 0 0 94 0 0 0 70 0 0 0 0 8 0 0 0 0 0 0 84 0 0 0 90 17 0 0 0 0 61 0 0 30 0 0 0 10 71 0 22 60 0 45 0 0 0 0 20 0 0 0 0 0 46 0 0 0 0 61 0 77 0 0 0 0 6 0 0 33 0 0 4 0 0 100 0 19 0 0 0 0 0 0 0 0 85 12 0 0 0 32 0 0 0 0 0 0 66 0 77 0 90 29 0 0 0 0 0 84 0 0 0 0 7 0 0 0 5 0 57 0 69 59 0 11 0 0 0 0 0 0 0 0 26 0 0 0 0 87 38 0 0 0 48 0 19 0 55 0 0 0 15 0 0 0 0 0 52 0 0 0 92 0 0 0 0 0 44 0 39 0 0 0 0 0 0 80 74 0 0 0 30 0 0 0 0 0 0 0 0 0 0 0 0 0 0 0 0 79 0 0 0 87 0 0 54 73 0 0 0 0 0 0 0 0 0 0 0 0 88 0 0 74 59 0 0 98 99 78 0 27 4 19 0 0 0 0 0 90 38 98 0 20 0 0 0 0 0 0 0 0 0 0 0 0 0 0 0 0 0 0 0 0 0 0 0 0 0 0 0 86 0 91 0 0 0 85 0 93 88 0 0 65 0 0 0 0 0 26
0 0 0 0 0 0 0 0 0 0 0 34 0 0 0 0 0 0 0 0 0 0 0 99 0 0 0 79 38 16 0 0 0 0 0 0 0 0 0 0 0 0 98 12 31 0 24 0 0 92 0 0 0 0 0 0 0 0 13 0 15 90 0 0 0 0 0 18 0 0 0 0 42 0 0 89 0 49 0 0 0 0 0 0 69 0 83 0 81 10 99 0 0 5 0 9 0 0 33 48 0 0 51 0 23 0 0 0 99 0 0 0 0 0 0 0 0 0 30 85 0 0 40 20 0 0 0 0 52 93 0 0 0 0 0 0 0 0 0 0 0 0 0 50 0 0 0 100 95 0 0 0 0 0 0 0 0 0 0 0 0 0 0 0 0 4 0 0 0 0 0 0 0 17 70 0 0 0 0 0 0 36 97 0 0 74 46 0 24 0 0 36 0 0 94 0 80 7 0 0 0 0 77 0 0 0 0 0 73 0 0 0 14 43 0 0 0 0 0 0 31 0 0 0 0 0 0 0 0 0 0 0 0 0 60 0 2 95 0 93 0 0 39 0 0 0 0 27 0 0 0 6 0 0 87 0 0 99 0 0 0 0 0 34 0 78 0 0 0 80 0 0 0 0 0 0 0 0 0 32 0 44 0 0 16 0 0 0 0 0 0 92 0 0 0 0 0 77 0 27 67 97 18 0 0 0 0 3 17 0 0 0 0 63 0 0 0 67 0 0 0 0 0 0 0 0 16 0 0 0 0 0 0 32 0 0 7 0 0 0 0 0 0 54 0 0 0 80 0 0 0 0 0 2 0 0 0 0 0 64 0 0 0 0 62 0 0 0 0 39 0 0 0 0 0 0 0 0 0 0 0 0 17 4 45 0 0 0 0 0 0 51 0 0 43 0 0 0 0 11
49 0 0 0 0 92 0 68 0 0 0 0 0 0 0 0 0 0 0 0 0 0 0 0 0 0 0 13 0 40 0 87 10 81 0 0 0 12 65 0 42 0 0 0 0 52 0 77 22 0 0 0 0 0 0 0 0 87 92 0 96 18 66 0 0 94 0 0 0 23 25 0 0 0 0 88 0 46 0 0 0 0 0 0 0 100 0 0 0 0 80 79 0 0 0 77 43 0 0 0 0 1 71 0 0 23 3 19 52 0 0 0 0 0 81 0 0 0 45 0 0 0 0 0 0 0 0 75 0 0 24 0 0 7 0 29 0 0 0 0 0 0 0 56 0 15 87 0 57 0 0 0 0 23 0 0 0 0 0 0 0 0 0 0 87 0 0 0 0 0 0 29 0 0 0 0 0 65 0 0 0 0 0 0 31 0 0 0 0 0 0 0 64 62 0 0 37 0 0 72 0 0 0 0 0 0 0 19 0 0 39 0 95 0 0 0 0 0 68 17 0 0 0 0 0 0 18 0 0 0 0 0 0 0 0 0 0 0 0 37 0 0 0 0 0 0 87 0 72 0 0 89 0 6 0 0 0 0 0 0 83 0 0 0 0 1 0 0 0 0 65 0 0 0 66 64 59 0 0 0 0 0 0 0 0 0 53 0 0 81 8 0 0 0 0 0 0 0 0 0 0 0 84 0 0 0 0 0 37 18 0 27 35 0 0 0 0 45 0 26 0 0 0 0 0 0 0 0 0 0 0 4 0 64 74 0 0 0 11 0 0 90 27 0 0 0 0 30 0 79 0 38 0 0 0 0 0 0 0 64 0 0 0 0 53 0 0 0 29 5 0 0 0 85 0 0 0 85 0 0 0 0 0 99 0 42 0 0 0 0 0 91 0 0 0 88 43 0 0 86
0 0 0 0 19 0 0 0 0 0 0 39 20 0 25 0 0 0 0 0 0 0 0 62 0 0 0 8 23 0 0 64 0 0 0 0 0 0 0 0 0 0 0 18 87 0 0 0 0 0 0 53 0 8 76 0 0 0 30 0 15 0 0 0 0 0 0 41 0 63 0 0 0 95 0 5 0 42 86 0 0 3 0 0 0 0 54 97 97 0 41 0 34 0 0 0 0 0 0 0 28 0 55 0 0 0 0 0 0 0 0 0 9 0 0 0 20 0 0 66 0 0 0 0 0 13 5 55 0 0 35 0 0 0 0 0 0 0 0 0 0 0 5 0 0 0 13 0 59 15 6 0 0 0 19 58 0 0 0 11 0 0 0 57 0 54 0 0 0 0 0 0 0 68 48 62 0 0 0 0 0 0 0 0 0 0 0 0 0 0 30 0 0 0 22 0 0 0 0 0 0 0 0 0 0 0 0 0 0 0 0 0 0 0 0 0 0 0 0 0 0 0 0 60 79 0 0 0 0 0 0 0 0 0 65 90 0 0 27 0 3 25 0 0 0 33 0 0 0 67 0 0 30 82 0 0 0 0 0 0 0 0 0 0 0 0 0 0 28 0 0 6 0 0 0 82 0 0 14 0 0 0 0 0 0 0 0 0 0 92 88 0 0 0 0 0 0 0 69 0 0 53 69 0 0 92 0 6 0 0 0 0 74 0 0 0 0 0 0 6 42 0 0 0 0 0 28 63 0 0 0 0 0 0 37 0 0 0 82 0 0 0 5 99 94 0 0 0 0 0 0 0 75 0 0 0 0 0 0 0 0 0 0 0 0 57 0 0 0 82 0 0 0 0 0 2 0 0 0 0 0 0 51 0 0 0 0 0 0 4 0 0 0 0 0 0 0 0 0 44
0 0 0 0 0 0 93 30 57 0 0 0 0 0 0 0 0 66 0 0 26 0 9 0 0 0 79 0 0 0 49 0 0 0 0 0 0 0 0 29 89 0 0 0 87 0 0 58 0 75 79 0 0 53 38 0 0 0 0 0 0 0 0 0 0 0 31 0 0 0 97 0 0 0 9 0 0 0 0 0 0 0 22 22 0 0 0 62 0 0 0 26 0 0 0 0 0 94 74 72 0 0 52 66 84 70 42 0 0 0 0 0 0 60 55 0 0 0 0 0 0 0 44 26 0 0 0 71 0 82 0 0 0 97 0 4 0 0 34 0 0 0 0 45 55 0 0 0 55 0 0 0 0 0 0 0 0 0 0 79 0 0 0 0 0 0 62 0 84 13 97 0 0 19 34 0 0 0 0 0 74 0 32 0 0 80 0 61 0 73 26 0 0 1 0 26 0 0 7 85 0 0 0 0 0 0 0 79 0 0 0 0 29 0 0 0 84 0 0 15 0 0 0 0 87 0 56 0 91 0 0 31 0 0 0 0 40 0 0 59 17 12 0 0 0 0 0 98 0 0 0 67 99 0 0 12 64 0 0 0 0 0 0 0 0 8 0 0 0 0 0 0 0 0 0 0 0 0 0 0 0 44 44 0 0 0 0 13 24 90 0 0 0 0 0 0 0 0 0 0 0 0 0 0 0 0 0 81 15 23 0 0 84 34 0 41 0 0 0 0 0 0 0 53 0 0 0 0 0 63 0 0 74 97 51 0 80 0 0 0 0 0 0 0 0 0 0 93 0 0 80 0 0 35 0 0 0 0 38 0 0 0 0 77 0 0 0 0 0 0 0 0 0 0 0 87 78 0 0 0 0 0 0 0 99 0 44 0 32 18 0 0 0 71 27 83 0 94 0 0
0 0 0 0 28 0 91 0 0 41 39 17 0 78 79 0 69 0 0 87 0 0 0 44 0 0 0 0 88 0 92 43 97 0 0 0 0 32 70 88 45 0 0 0 0 0 49 0 37 68 0 18 0 0 0 49 96 0 65 5 0 0 0 0 77 5 0 0 0 0 0 0 0 0 0 0 0 0 26 0 0 0 0 0 66 0 76 0 0 0 0 0 0 0 0 0 0 0 0 0 0 81 67 0 46 0 0 0 43 0 0 0 0 0 21 0 0 0 4 0 0 0 52 0 0 33 0 0 0 16 0 69 0 0 0 0 0 0 0 0 0 0 3 0 0 0 82 0 0 0 56 47 0 0 82 0 0 96 46 0 0 0 0 0 0 0 0 0 0 0 0 0 48 81 0 14 0 43 48 0 73 0 0 0 0 0 0 0 0 0 12 0 0 0 0 0 0 0 74 33 0 0 0 0 0 0 0 33 0 0 0 0 0 0 32 65 9 0 20 0 0 0 0 23 0 0 0 27 37 0 0 0 0 0 58 0 0 17 61 0 0 0 0 0 35 0 0 34 0 0 0 0 0 0 0 0 0 17 0 0 0 79 60 72 0 0 0 0 0 28 90 0 0 0 0 0 0 0 7 0 0 0 0 0 0 0 0 0 38 0 0 0 0 0 0 0 0 10 0 0 0 0 0 0 42 0 0 0 26 0 0 0 0 0 0 26 0 0 0 72 0 0 63 0 82 0 0 0 37 0 0 0 0 0 65 9 0 0 0 0 0 0 39 0 0 0 11 0 0 0 0 0 14 0 0 0 0 0 0 0 0 0 36 50 51 0 0 10 0 0 0 0 0 0 0 0 0 76 0 0 0 28 82 0 82 0 71 0 25 88 0 0 11 26 0 0 0 0 0 0
0 0 53 0 0 0 0 0 0 0 0 0 0 0 5 0 0 0 0 0 0 0 0 0 41 0 0 45 55 0 0 0 0 11 0 0 0 88 0 0 0 18 0 24 0 0 0 0 0 0 0 0 0 0 0 79 7 0 0 0 0 0 0 0 14 0 0 0 95 70 0 42 0 24 0 0 0 46 0 0 0 0 50 0 0 42 0 0 46 0 0 32 1 0 0 0 78 20 0 0 0 0 0 0 0 0 0 0 0 0 40 0 0 0 0 0 0 52 80 30 0 0 0 79 0 0 0 0 0 0 0 25 0 97 25 0 0 77 58 55 0 0 0 33 0 0 36 0 58 0 0 55 40 18 0 0 0 0 0 25 54 0 0 0 0 0 0 0 0 67 71 0 68 91 0 0 0 0 0 96 31 0 0 74 0 0 0 0 37 40 25 0 0 0 0 0 86 0 98 0 0 0 0 0 0 0 0 0 0 0 0 88 0 0 0 0 0 0 0 0 0 0 0 25 0 0 0 0 0 0 0 0 0 0 0 0 0 0 76 0 0 0 97 90 0 51 26 85 0 0 0 0 60 0 0 0 0 0 0 0 0 6 0 0 0 0 84 0 39 0 0 0 0 27 0 0 0 0 0 0 0 0 0 100 0 85 0 56 0 0 0 0 0 0 0 0 0 35 0 0 0 0 99 0 0 0 0 0 0 0 0 0 0 0 68 0 0 0 0 96 0 0 0 0 0 0 0 0 0 3 0 0 71 0 0 0 0 0 0 0 0 0 0 0 0 0 0 0 18 71 0 78 0 0 0 0 0 0 0 41 0 0 0 0 0 0 0 0 0 0 88 0 0 0 0 0 0 0 0 45 0 0 0 0 0 0 0 0 0 0 0 0 0 79 0 0 0 35 0 0
0 0 0 28 0 0 99 0 5 57 0 0 24 45 21 46 21 0 48 0 0 31 0 0 0 72 0 0 0 0 0 0 0 0 0 51 0 0 0 0 0 0 0 0 91 0 0 97 24 0 0 0 0 0 74 52 0 86 0 0 52 0 0 0 0 0 89 69 0 0 75 0 0 81 0 0 0 0 0 0 0 0 0 0 0 0 57 0 0 13 0 0 0 28 94 0 0 6 0 0 0 0 0 0 0 77 0 28 0 0 81 46 37 0 0 0 83 86 0 97 0 0 0 0 0 0 0 0 5 0 0 0 66 0 0 0 0 0 0 0 0 0 15 0 74 43 0 10 0 0 45 93 0 0 12 0 0 0 0 73 0 0 0 0 88 0 61 0 0 0 55 18 0 0 0 34 0 0 0 0 0 0 0 0 0 0 0 0 0 0 9 0 0 0 94 0 0 0 0 0 72 0 0 0 0 0 0 0 0 4 34 0 0 0 0 0 0 4 0 0 0 47 0 0 95 0 0 0 0 0 0 0 0 0 0 0 0 0 5 79 0 0 86 0 0 71 0 0 0 0 0 0 0 0 66 0 0 0 0 53 19 0 0 0 0 0 89 0 39 0 0 0 0 0 0 0 60 65 0 0 0 0 0 48 0 0 0 26 41 0 0 0 38 46 42 0 63 0 0 0 0 0 0 26 0 0 0 0 0 64 58 29 85 0 0 0 53 0 0 0 52 0 0 0 22 0 0 0 0 0 0 0 0 0 0 0 0 62 53 0 0 0 0 0 74 0 0 50 23 0 0 0 0 0 0 81 42 0 0 0 0 0 0 0 0 7 44 18 0 66 0 0 0 0 0 0 0 0 0 0 0 61 0 0 0 0 0 0 0 74 66 0 0 0 0 0 0 94 0 12
11 0 56 0 0 0 52 0 0 16 0 0 0 0 100 0 33 0 0 0 8 53 0 0 0 20 0 0 6 0 0 0 47 0 0 9 0 1 0 0 0 0 75 68 0 0 75 0 48 0 0 0 0 0 0 0 18 0 0 89 0 0 0 0 94 0 0 79 0 36 0 0 0 32 0 0 0 0 0 0 0 12 0 0 91 0 0 0 73 0 75 0 0 0 0 0 0 0 0 0 0 0 44 0 0 81 0 43 0 0 81 55 0 0 0 0 0 79 0 0 0 0 3 0 0 0 75 0 65 0 0 0 0 70 0 0 0 80 0 0 11 92 0 0 0 22 0 0 0 58 0 0 0 0 24 54 0 32 0 0 0 0 0 0 0 0 0 0 27 33 0 0 0 0 76 61 0 0 0 41 0 0 0 0 90 0 0 0 0 0 0 0 0 72 69 0 0 0 0 0 0 0 21 0 23 0 0 0 39 0 0 0 0 0 0 0 79 0 0 0 6 0 0 25 0 0 0 0 0 0 0 0 0 0 8 63 0 0 46 0 0 0 0 0 0 0 0 0 0 0 0 0 0 0 0 0 0 0 79 2 0 0 0 64 0 50 0 0 0 0 0 0 10 0 0 0 51 0 0 0 59 0 0 10 0 0 0 0 0 30 93 0 0 0 22 0 0 0 0 10 0 62 0 0 0 0 0 0 32 0 0 0 29 0 0 0 0 59 58 0 16 0 0 0 0 0 0 0 48 34 68 24 0 0 88 10 0 0 76 0 0 61 0 0 0 43 0 0 0 0 0 0 0 0 0 0 0 90 0 0 0 0 0 0 0 99 0 0 0 0 0 0 0 0 0 0 0 32 0 0 89 11 8 0 0 0 0 47 0 0 0 18 0 0 85 0 0 99 0 42
24 73 0 0 0 0 18 1 0 0 0 2 0 0 0 23 47 13 84 70 0 0 78 90 0 0 0 0 0 0 0 0 0 47 0 0 0 0 0 37 0 36 0 0 0 8 19 0 0 0 0 37 0 18 18 0 0 3 0 0 54 0 0 0 64 0 0 0 36 0 4 0 0 0 83 0 0 0 8 43 0 0 63 0 54 0 0 0 0 100 0 0 0 0 83 0 0 0 0 0 0 0 0 0 0 0 18 0 0 0 26 0 0 0 0 0 0 0 0 0 0 0 91 0 0 86 41 0 0 0 0 0 0 46 0 0 47 0 0 0 20 0 0 0 76 86 0 0 71 0 0 0 0 0 0 0 0 0 0 82 0 0 0 37 0 0 0 0 39 74 20 0 0 0 0 0 0 0 0 0 0 8 0 0 79 0 0 0 0 100 0 0 0 42 0 48 82 93 9 0 0 0 0 0 0 0 13 0 43 94 0 0 0 4 0 41 0 0 0 0 0 0 41 6 0 0 0 0 0 0 0 26 0 0 53 93 0 0 0 30 0 0 100 0 0 0 0 0 0 28 0 0 0 0 0 0 0 0 43 0 0 0 0 0 0 68 59 0 12 77 58 0 0 0 0 0 0 52 0 94 0 0 81 0 0 49 0 0 0 87 0 0 0 0 0 0 0 0 0 0 0 0 0 93 0 95 82 8 0 0 0 0 0 0 0 0 0 0 0 0 0 0 0 0 0 0 0 0 29 96 0 0 0 0 0 0 0 88 0 10 0 59 0 0 0 27 0 71 0 0 0 0 0 0 0 0 0 27 15 0 37 15 81 87 0 0 0 0 87 0 0 0 0 0 0 0 0 0 0 0 0 0 0 0 74 0 0 0 83 44 0 0 0 0 15 81 0 0 0 0
24 0 0 0 0 0 0 0 0 89 0 0 0 77 0 0 0 19 0 0 93 0 0 0 0 0 49 0 0 0 0 0 0 0 47 73 68 0 0 0 0 0 9 0 0 0 0 0 0 0 0 0 0 86 0 81 0 19 0 0 0 0 0 66 0 0 0 0 0 0 0 0 0 0 42 0 41 0 0 0 0 0 48 95 0 50 0 0 0 0 0 3 0 0 0 0 4 13 97 0 1 0 0 0 0 0 0 93 99 85 0 0 0 42 49 0 0 0 0 0 0 0 0 0 0 0 0 0 0 50 0 0 85 60 0 0 0 0 0 100 51 0 0 0 0 53 0 59 0 85 0 35 0 0 81 56 0 0 0 0 0 0 0 0 0 0 0 0 47 0 0 93 0 0 0 0 0 0 0 0 0 0 0 0 98 9 83 0 0 0 0 0 8 0 0 0 15 66 0 0 0 0 0 71 0 0 0 0 0 0 0 0 0 0 0 0 0 80 0 0 40 40 15 0 0 85 0 0 0 0 0 98 8 45 0 80 43 0 54 0 0 45 0 0 18 97 32 0 0 61 0 0 0 9 83 0 91 0 0 0 7 0 92 54 0 46 0 0 0 0 0 0 0 0 0 26 0 0 0 0 0 90 0 0 0 0 100 0 0 83 0 80 0 0 0 69 0 6 55 0 52 31 0 0 0 0 0 0 0 0 0 0 0 0 0 0 0 19 0 0 5 0 69 11 0 0 0 0 57 0 0 0 41 0 0 0 0 73 0 89 38 0 39 0 0 0 0 0 0 0 0 0 0 81 0 0 0 0 0 97 0 76 38 61 0 0 50 0 0 0 0 7 23 0 0 0 0 0 0 0 0 0 0 0 0 0 0 0 0 0 0 0 0 0 0 0 63 53 0 0
0 0 0 94 0 0 0 0 76 0 0 0 0 0 0 0 81 0 0 48 0 19 89 0 0 21 0 0 0 0 0 0 0 0 0 0 0 80 0 0 100 0 0 0 0 0 0 0 83 0 0 37 0 59 0 90 0 0 66 0 0 0 34 0 0 0 0 0 0 0 47 0 0 0 99 0 53 15 0 67 0 78 0 0 0 0 0 0 0 0 0 0 0 0 0 0 0 0 0 0 85 0 0 0 0 0 0 44 33 10 0 0 0 0 0 0 16 0 0 2 0 0 0 0 89 0 0 0 71 0 0 0 0 61 0 53 0 0 0 20 0 0 0 0 0 15 0 34 0 0 0 0 0 68 0 0 0 0 0 0 3 0 0 0 0 0 74 57 17 42 0 0 0 0 0 0 0 70 0 0 13 0 0 0 0 0 92 0 0 0 0 0 0 0 0 0 56 0 0 94 0 0 0 73 0 0 0 0 0 0 0 0 0 0 0 0 0 0 0 0 0 0 0 25 0 0 0 17 0 79 0 70 0 0 96 72 0 0 81 0 0 0 0 0 88 27 0 35 0 0 0 0 0 40 0 0 0 1 0 0 0 0 1 16 0 0 0 0 0 0 0 0 0 0 34 0 28 94 0 0 0 0 0 0 0 0 0 18 0 0 0 100 0 0 0 0 0 53 97 50 5 19 0 0 0 8 0 0 0 0 75 51 91 41 94 0 0 0 100 0 0 0 0 0 0 0 0 0 0 70 0 0 33 32 0 0 0 0 30 0 35 0 0 6 100 67 0 0 0 0 43 0 57 87 91 31 24 0 0 0 17 0 47 0 0 0 0 62 0 0 0 1 0 0 0 0 0 0 0 0 0 1 0 0 0 0 96 0 0 0 0 0 0 0 0 0 0 34 0 0
0 0 0 0 21 0 51 6 0 0 0 0 100 0 0 0 0 0 0 78 0 0 72 0 0 65 0 0 0 0 0 93 0 0 0 0 0 0 0 0 0 0 0 0 0 92 0 0 59 21 74 0 25 0 66 0 34 0 96 97 0 0 0 0 0 0 0 86 0 0 94 0 0 0 0 0 0 0 0 0 0 0 16 0 0 0 44 0 0 0 0 0 0 0 0 0 63 0 69 0 0 0 0 0 0 0 0 0 0 0 0 0 0 16 0 65 0 0 84 45 0 88 0 0 0 0 0 0 28 0 0 0 0 0 9 0 52 0 0 0 0 0 0 0 0 0 26 26 40 0 0 0 65 84 0 0 0 0 45 0 0 0 0 0 0 40 0 0 0 0 0 91 0 29 0 0 0 75 0 55 0 0 0 83 0 0 92 0 88 0 0 0 50 29 25 0 0 40 0 0 0 0 80 0 0 0 0 0 36 0 0 0 11 0 0 0 0 22 0 0 21 0 0 0 5 48 99 22 0 0 0 0 89 10 0 0 70 0 0 0 0 49 96 0 0 20 0 95 65 0 0 0 0 0 0 0 0 0 0 0 0 0 0 0 0 0 0 7 0 31 54 50 15 25 0 10 0 0 0 0 0 58 6 35 0 0 0 0 0 0 0 0 11 0 0 0 0 0 44 0 51 42 0 0 53 33 12 0 0 89 22 0 29 0 0 0 7 0 0 51 0 37 0 0 18 3 0 0 0 0 0 73 69 0 24 0 0 0 60 0 0 0 47 0 0 0 0 0 0 0 0 0 0 0 0 0 92 0 0 50 0 0 69 63 0 0 0 0 0 16 0 0 95 0 11 0 35 40 0 0 60 0 0 0 0 0 0 0 21 0 21 0 0 0 0 0 0 0 21 0
0 61 0 0 0 0 80 0 0 89 0 25 0 20 70 0 0 90 0 0 0 0 0 0 0 0 0 0 72 4 0 0 0 0 0 0 0 0 91 0 0 0 80 2 0 0 0 0 0 0 0 0 28 0 0 0 0 0 0 9 0 0 0 0 0 0 89 4 0 65 0 82 0 16 0 0 0 0 7 0 0 70 0 0 2 0 0 0 0 0 0 0 0 0 0 24 0 0 0 0 8 0 0 0 0 0 0 55 0 82 0 0 0 0 0 0 0 80 0 0 0 0 0 0 0 0 0 0 0 0 0 0 2 0 75 0 0 0 81 0 0 0 0 0 90 97 0 0 0 0 54 0 29 72 0 0 0 72 0 0 0 79 0 71 0 86 49 0 0 26 0 0 0 0 27 41 0 30 0 0 63 0 0 51 0 0 52 0 98 0 0 28 0 75 32 0 0 17 0 0 34 0 0 0 0 5 0 0 0 0 56 0 58 0 0 0 12 0 37 0 50 79 1 0 0 0 0 0 0 4 0 67 90 95 47 0 0 0 0 42 0 0 0 11 21 64 0 0 58 0 0 0 28 0 0 66 0 90 0 0 70 0 0 65 1 0 15 44 0 78 0 98 0 0 0 0 0 0 0 0 0 0 0 0 0 29 0 54 0 0 0 0 12 56 86 0 0 0 0 0 0 0 0 33 0 0 0 13 0 78 0 0 89 0 0 52 0 96 9 0 96 0 0 17 0 0 62 0 0 67 0 90 0 0 0 0 0 0 0 37 33 0 0 0 42 0 0 0 0 0 0 63 0 0 0 0 78 90 0 0 0 0 0 82 76 0 0 0 0 0 0 35 63 0 0 0 0 93 55 0 75 39 0 0 0 0 0 98 0 49 29 100 0 0 75 0 0 0 0 40
0 100 0 0 0 0 0 0 22 69 0 0 0 0 76 0 0 0 0 0 0 0 0 0 37 0 66 0 0 0 0 0 81 0 0 0 0 0 0 0 0 0 0 0 0 6 0 0 0 0 0 65 0 71 0 27 0 0 0 0 72 0 0 0 0 79 0 0 0 37 0 41 0 0 45 20 26 0 13 0 0 0 0 0 0 60 0 0 30 0 0 0 0 0 38 0 72 0 0 0 0 76 0 0 0 89 0 64 0 39 0 0 2 0 99 0 0 0 0 0 0 0 31 0 42 0 0 0 73 0 0 0 0 0 0 0 0 0 0 0 0 84 0 0 0 0 0 68 0 4 0 99 0 0 0 0 43 0 0 0 0 44 94 87 0 0 0 0 0 0 68 0 0 0 37 0 0 0 37 30 0 98 0 0 59 0 0 0 0 11 0 0 30 0 0 0 0 0 63 0 0 0 0 0 0 0 0 0 0 0 0 97 0 0 0 0 0 0 0 0 0 0 0 0 0 0 0 0 0 0 0 41 0 1 0 0 0 0 0 0 0 0 0 0 0 0 0 0 0 0 75 0 0 0 0 0 0 0 0 0 0 0 89 0 0 0 0 0 0 0 0 0 0 0 0 0 0 0 0 6 0 0 0 0 22 1 0 0 0 0 0 0 0 0 0 0 0 0 0 59 0 0 44 0 0 0 0 0 0 75 59 0 0 0 0 0 0 0 81 0 0 0 0 0 0 0 0 81 0 0 0 19 84 0 0 22 89 79 0 0 0 0 0 0 0 0 0 65 0 0 0 0 0 0 86 77 0 0 0 29 85 0 0 73 0 0 0 0 20 0 0 0 0 0 0 100 0 71 0 0 38 0 0 64 0 0 0 0 0 0 0 0 0 0 0 0 11 0 0 0
66 0 0 0 0 0 0 88 0 0 0 0 74 0 0 0 0 0 0 0 0 55 0 0 0 0 5 80 0 0 33 0 0 0 0 15 0 12 0 0 0 76 0 0 0 0 0 0 0 0 0 49 0 0 26 0 0 0 0 0 0 0 85 0 0 0 0 10 0 0 18 81 0 0 3 0 0 0 95 0 0 0 0 88 0 58 0 0 0 0 32 0 0 0 0 0 0 0 0 58 0 0 0 96 0 68 0 0 0 78 0 0 0 0 45 0 0 0 0 0 0 0 15 0 0 0 0 0 0 0 0 0 1 0 0 0 28 0 0 0 0 0 51 0 0 34 91 0 11 0 0 0 13 72 8 0 0 0 0 0 0 83 0 0 97 0 0 0 0 0 0 0 96 0 0 0 0 0 0 0 0 0 0 0 0 0 0 0 0 0 6 0 0 0 0 0 0 3 0 0 0 0 0 0 71 0 89 0 0 0 0 0 0 0 0 0 0 0 0 0 16 65 0 0 0 0 0 0 98 0 22 0 0 0 70 0 0 0 0 0 39 0 0 100 0 82 0 0 1 0 93 0 0 0 0 0 0 0 0 0 0 0 0 0 52 0 34 0 82 0 0 0 93 0 0 0 0 0 0 0 0 58 0 0 82 0 0 0 0 0 0 0 70 0 0 0 0 0 0 0 29 5 0 5 12 43 92 0 61 0 0 0 0 5 55 0 0 25 0 0 0 0 0 0 0 0 0 0 0 0 0 0 0 5 0 0 0 33 0 0 0 0 0 98 50 0 96 0 21 86 0 0 35 0 0 0 27 0 0 0 0 0 0 0 0 0 0 0 0 0 0 0 0 0 0 0 0 0 0 0 0 13 0 0 0 0 0 0 0 0 91 60 0 98 0 0 62 43 0 0
0 0 88 0 48 45 0 0 40 0 0 0 0 0 0 0 84 0 0 71 0 0 0 0 0 0 0 0 0 72 0 0 0 47 17 0 88 70 0 0 0 0 13 0 88 0 31 0 0 31 0 0 0 0 0 0 0 17 0 0 96 0 46 0 0 0 0 0 0 0 8 41 0 0 0 0 69 0 0 39 0 0 40 0 0 0 83 0 0 40 91 0 0 0 89 0 0 47 5 0 0 0 0 0 0 36 16 0 0 0 0 0 0 66 0 55 0 0 0 0 0 96 0 0 0 0 0 0 0 0 34 0 94 0 0 6 0 0 0 0 0 0 78 0 20 0 0 0 71 0 0 81 75 0 0 50 0 0 0 89 2 17 0 1 0 0 0 0 0 0 0 0 0 0 0 15 0 0 0 95 0 0 0 67 0 0 0 0 0 0 0 0 0 100 0 0 0 0 0 0 0 60 0 0 51 0 0 91 0 0 0 0 0 0 0 0 0 0 0 0 2 0 0 0 0 82 0 0 0 52 35 0 0 9 73 44 29 0 0 0 0 0 0 0 0 0 82 24 0 0 0 7 0 0 0 0 0 0 0 0 0 99 0 0 34 48 0 0 0 26 0 0 0 0 44 0 0 0 0 0 23 0 67 63 0 28 0 61 0 0 0 0 0 0 0 0 6 0 0 0 0 0 24 0 0 5 0 0 0 0 0 0 0 72 0 0 58 0 59 83 0 0 94 0 0 0 0 0 0 0 0 0 0 0 0 0 57 77 0 0 0 0 0 34 0 0 0 72 83 0 0 0 0 38 0 67 0 0 0 0 0 0 0 0 0 0 0 0 0 23 0 0 0 0 95 60 0 0 0 0 0 0 0 0 0 0 0 0 4 0 0 0 66 0 0 50 0 0 0 0
0 0 0 0 0 25 13 66 0 30 58 0 0 0 0 0 0 0 0 0 71 0 0 0 0 0 0 0 0 0 0 0 0 83 97 0 0 0 22 0 62 0 0 64 0 0 0 0 99 0 0 0 0 0 0 0 0 0 40 0 0 0 0 0 0 0 0 75 31 0 0 4 92 0 0 28 0 0 0 0 0 53 0 0 0 36 34 0 0 90 42 0 0 34 0 0 0 0 42 30 27 0 0 32 0 0 0 41 0 0 0 38 0 0 0 0 0 0 0 0 0 92 0 0 0 0 6 0 0 66 85 0 0 0 85 0 71 18 0 0 0 0 0 0 0 3 0 0 0 0 0 68 0 0 0 26 0 0 34 0 0 0 0 0 0 0 0 16 0 0 0 10 0 81 0 0 52 41 0 0 0 0 35 0 0 0 0 46 0 0 58 38 0 0 28 0 0 0 0 36 0 64 0 0 99 0 0 0 0 0 68 0 0 0 87 56 0 0 0 0 0 0 44 28 0 82 0 64 0 68 1 0 0 0 69 0 0 7 0 0 52 0 0 0 0 0 93 0 0 0 62 0 0 0 0 56 0 35 0 0 0 9 0 0 0 0 0 16 0 0 51 65 0 65 0 5 0 0 0 0 0 43 0 0 43 0 79 0 67 0 0 0 0 0 85 0 0 48 0 0 0 0 0 0 0 0 0 0 0 45 0 0 0 0 0 87 0 0 0 66 0 0 35 81 0 91 0 0 25 0 61 13 0 0 0 0 0 0 84 0 13 14 0 51 0 10 77 0 0 0 0 0 0 0 31 0 93 0 0 96 0 0 99 0 55 0 89 0 0 0 0 0 0 0 0 24 72 0 0 0 0 0 93 0 15 0 0 96 98 0 0 0 96 0 63 0 24 0 0 28
0 0 0 0 0 10 0 0 76 0 85 0 0 65 0 0 2 0 0 20 0 88 33 0 33 0 17 0 74 0 0 0 0 6 0 0 0 97 3 17 0 0 60 0 0 0 0 0 0 0 0 28 0 78 0 42 68 0 30 0 0 0 0 0 0 0 0 0 0 0 0 0 0 0 0 0 0 0 0 0 0 0 0 0 0 0 0 0 41 0 0 0 73 0 0 0 0 0 0 0 0 0 0 0 0 60 0 0 62 0 86 63 0 0 0 0 65 16 27 0 0 0 0 0 0 0 0 0 68 0 0 0 0 0 91 65 27 0 42 0 0 0 0 35 0 0 16 0 0 0 0 92 0 0 63 0 11 57 0 0 0 0 4 56 0 0 0 0 0 0 0 0 9 0 0 0 0 0 75 27 0 0 74 0 0 84 0 0 0 0 0 0 0 0 17 0 0 0 0 0 59 0 64 40 0 0 0 0 0 0 0 48 59 36 0 0 0 8 0 0 0 0 0 0 0 0 0 0 0 0 0 0 0 31 0 82 0 0 77 0 0 0 54 0 79 36 0 32 0 0 0 0 0 0 30 0 0 0 0 0 0 57 0 0 100 0 0 85 0 0 0 0 52 0 0 0 0 0 0 78 27 0 93 30 0 0 0 0 0 0 0 0 17 0 94 0 0 73 48 0 0 0 0 0 0 0 0 87 0 84 0 0 0 53 0 0 0 0 0 0 31 0 0 82 0 0 75 57 0 0 0 53 24 0 36 86 0 0 0 0 97 51 0 46 23 0 0 0 99 0 0 0 0 0 0 66 37 42 0 0 0 0 0 0 0 0 0 94 0 63 0 48 0 0 0 0 61 0 0 12 0 83 0 0 0 0 85 0 93 0 0 0 0 0 0 74 0 0 0 0
0 0 0 0 0 0 0 90 45 0 0 0 0 63 74 0 0 76 0 22 0 0 0 63 0 0 7 7 0 1 81 0 0 91 0 0 0 0 0 0 70 7 0 0 76 0 47 0 91 0 0 0 39 0 0 0 0 0 0 0 0 20 0 0 0 0 0 48 0 0 75 0 0 0 33 0 0 0 69 0 0 67 0 20 0 0 0 0 0 0 0 0 0 0 0 0 0 0 0 82 0 58 69 29 0 0 0 94 0 0 1 0 0 63 0 0 0 0 0 46 0 0 0 0 0 0 34 23 33 0 0 0 0 0 0 0 0 0 0 0 66 0 0 70 19 0 0 0 0 27 27 0 0 0 65 0 48 0 54 23 0 0 0 0 0 0 0 0 25 0 0 8 0 84 94 0 92 0 79 0 0 0 0 0 0 0 88 0 100 0 0 0 0 0 0 0 72 0 0 0 0 0 0 44 0 0 0 59 0 0 0 34 0 0 0 0 17 77 0 6 0 79 0 47 0 0 49 0 0 0 0 0 0 0 30 0 0 0 0 0 0 0 0 45 0 0 0 44 0 93 0 0 0 23 0 0 63 0 49 0 0 0 0 32 0 0 0 0 0 0 53 0 0 0 40 0 0 0 0 12 0 0 0 0 0 90 0 0 0 0 35 0 0 0 55 81 0 0 0 98 0 96 0 0 0 0 13 0 0 0 33 0 0 0 67 10 0 0 84 0 0 0 0 0 0 0 0 21 88 27 0 0 0 69 0 0 32 0 0 0 0 12 0 0 0 0 0 0 0 0 0 0 0 14 0 0 0 38 0 0 0 15 0 28 14 0 0 0 54 0 0 64 0 0 0 0 0 0 44 97 0 0 31 0 0 0 0 0 0 0 7 0 0 51 0 0 18 37 23 36
52 0 0 16 0 39 15 0 0 0 82 0 0 0 0 0 0 0 88 0 0 0 0 75 93 0 0 0 0 0 41 0 0 0 0 0 10 0 0 0 0 0 0 45 0 56 0 0 0 0 12 53 1 0 0 0 0 11 18 0 0 0 0 0 88 0 0 0 0 0 0 1 18 61 0 0 95 0 0 78 88 0 31 96 0 68 0 0 0 0 0 0 0 0 38 35 84 0 76 0 0 0 0 66 15 40 12 0 0 0 0 0 0 0 30 13 0 0 85 0 0 100 0 0 0 67 0 100 0 0 0 0 0 0 12 0 11 0 97 69 50 0 23 0 0 0 0 0 0 35 0 0 0 0 0 63 0 0 0 0 57 0 0 0 11 0 0 0 34 0 0 28 97 0 82 0 0 0 0 5 0 90 0 0 41 42 0 0 0 0 0 0 0 0 0 0 0 0 0 0 46 45 0 0 0 0 0 0 0 31 0 0 0 0 100 0 0 0 0 0 0 78 0 8 8 0 0 0 89 0 0 99 0 0 0 21 0 21 0 0 59 0 0 0 0 0 0 0 0 57 0 0 0 0 0 0 13 10 0 0 57 0 0 0 0 0 62 0 0 0 0 33 0 0 0 0 0 3 0 0 0 0 0 0 0 0 0 0 0 30 0 0 0 0 0 16 60 0 0 29 0 0 0 6 91 43 0 0 53 43 0 0 0 0 25 85 0 0 0 0 0 11 37 0 0 0 96 0 55 0 0 0 0 0 0 0 90 0 0 0 0 0 0 0 0 0 0 69 0 0 2 0 0 0 57 0 0 0 86 0 0 0 70 0 0 55 0 0 0 0 0 98 97 16 0 0 0 0 0 0 0 14 38 31 13 0 0 15 94 0 0 0 0 0 0 99 0 42 22 12
0 0 0 0 8 0 0 26 0 0 63 0 0 0 97 0 0 0 86 0 0 0 0 0 0 0 84 43 0 0 0 0 0 0 86 0 0 0 0 0 0 2 0 73 25 0 0 0 0 0 0 0 0 0 0 0 0 0 0 0 0 0 0 0 0 0 0 0 0 0 66 0 0 0 0 0 45 25 0 0 0 0 18 9 0 0 0 0 33 0 0 7 0 0 73 0 0 0 0 0 0 0 0 82 63 0 8 0 0 0 0 0 0 0 0 0 0 0 0 0 0 97 0 0 0 73 0 83 0 96 74 96 0 34 0 0 0 0 0 0 0 0 12 0 11 0 0 2 0 0 0 0 82 96 0 0 60 0 0 70 0 0 0 0 0 0 0 31 0 54 0 0 0 0 0 0 0 0 0 0 0 0 0 0 0 0 0 69 0 0 0 0 0 0 0 66 0 86 0 0 0 4 0 80 0 0 0 0 0 3 9 57 0 91 36 0 0 0 0 0 0 0 56 0 0 0 0 0 93 0 88 0 0 0 0 0 0 0 0 0 0 89 0 0 81 0 0 85 88 82 0 0 99 20 0 0 0 0 0 0 0 0 0 51 0 0 0 0 0 0 0 0 0 0 0 0 0 0 28 42 35 0 0 0 0 0 24 0 66 0 0 0 0 0 79 0 0 0 67 0 0 0 0 0 34 0 0 0 0 0 0 0 26 0 88 0 0 2 0 0 0 0 0 41 0 65 0 28 25 0 0 48 0 0 0 85 0 81 0 0 28 48 49 0 83 61 0 0 0 0 21 48 0 0 0 19 0 0 0 0 94 0 97 0 0 0 0 0 0 0 0 0 0 0 0 24 0 0 0 0 0 61 31 0 0 0 0 0 99 0 57 0 73 0 0 0 0 86 0 0
0 0 0 0 0 0 0 0 0 0 5 0 0 0 0 0 0 0 0 0 95 0 0 5 0 0 0 0 0 0 55 0 0 0 0 0 0 0 0 0 0 0 33 0 0 0 0 0 0 0 0 0 0 0 0 0 2 0 0 0 0 0 0 0 0 41 0 4 0 0 0 0 0 61 0 12 0 0 0 0 0 17 0 0 0 0 0 52 60 44 0 0 0 0 0 51 0 0 0 0 0 0 95 0 0 54 29 0 0 95 0 0 0 0 63 0 0 0 55 0 0 39 0 68 0 0 59 61 0 0 0 0 0 0 0 0 82 0 0 0 8 0 0 0 0 33 0 0 0 0 0 0 0 0 7 41 31 0 60 66 0 58 0 0 0 0 8 0 76 0 0 22 47 0 0 0 0 81 0 0 0 0 39 0 0 0 0 0 0 97 0 44 0 0 0 0 0 28 0 0 88 35 0 0 52 0 0 48 0 0 18 0 0 0 84 67 0 0 56 0 0 0 0 17 0 0 45 0 0 0 0 14 0 0 0 38 0 0 0 0 0 0 0 0 0 0 0 0 0 86 16 52 0 0 0 0 0 77 0 0 0 0 29 0 0 0 0 0 0 58 0 12 0 0 0 0 39 0 90 0 0 0 0 0 0 0 0 96 0 0 0 0 0 0 73 0 74 0 0 0 0 0 0 63 0 79 0 0 14 0 0 0 0 0 0 40 0 0 0 0 56 0 0 92 0 0 86 96 0 0 0 56 0 89 0 70 71 0 54 10 0 0 0 0 0 0 0 5 34 0 0 0 0 93 0 0 0 0 4 0 0 0 0 91 28 0 0 0 0 58 0 0 0 0 0 0 0 0 0 45 0 25 0 54 19 0 86 7 33 0 0 87 58 0 0 27 58 21 0 0
0 72 0 0 0 0 0 4 0 0 0 0 0 66 0 0 0 0 0 22 32 18 0 0 0 71 75 24 0 0 13 43 0 0 17 0 29 0 0 69 0 0 0 0 0 0 0 0 0 0 84 0 0 0 0 0 0 0 69 58 34 0 0 83 10 0 0 11 0 11 14 14 0 0 0 92 0 0 0 0 0 0 64 0 8 51 0 0 0 0 86 14 0 45 0 0 0 0 76 0 95 0 0 57 73 0 66 0 0 0 92 0 0 0 0 0 0 0 0 0 0 0 0 0 78 0 0 43 0 0 0 0 39 0 97 0 31 0 0 87 0 0 0 0 0 41 0 0 0 0 0 6 0 0 0 0 0 0 0 93 0 0 0 0 0 0 74 0 0 91 0 0 0 0 91 13 9 0 0 0 0 0 0 0 0 0 90 43 0 0 0 0 0 0 0 0 0 0 61 0 0 0 0 0 70 0 0 0 0 0 0 0 78 0 0 0 84 58 75 0 0 0 75 0 73 0 0 0 78 0 0 0 28 0 7 0 91 0 18 0 0 0 0 0 0 0 0 60 73 30 46 0 66 0 0 0 0 11 0 0 0 0 98 0 0 0 0 0 0 0 60 0 0 0 0 0 0 14 0 0 0 34 0 0 0 85 0 0 21 32 0 3 75 0 30 0 0 0 0 0 0 26 0 0 0 95 0 0 1 0 0 0 67 1 0 77 0 0 0 0 0 58 0 0 2 53 0 0 0 0 0 46 0 0 0 0 0 33 54 25 0 0 68 0 64 0 0 0 78 0 0 0 0 0 0 0 0 0 0 0 40 16 0 67 0 0 0 0 0 0 62 0 0 0 0 0 0 0 0 0 62 0 0 9 0 66 0 0 0 0 95 37 0 0 0 37 0 0 10 62
0 0 99 18 0 0 0 0 0 93 0 17 0 0 0 0 0 0 0 0 40 0 76 0 0 0 0 0 0 0 0 0 0 0 0 0 98 0 0 0 91 0 0 0 0 0 0 51 0 0 0 0 0 0 0 0 0 39 0 0 0 73 0 0 0 0 0 0 6 0 0 0 0 0 0 0 0 71 77 0 0 0 0 40 0 50 0 25 0 72 12 0 0 52 0 0 0 0 34 0 0 0 0 0 0 0 35 0 0 0 0 95 0 57 0 0 0 85 0 0 54 0 0 0 0 61 0 0 0 74 0 0 0 66 0 0 9 0 0 0 26 0 0 0 27 0 22 0 0 0 68 57 22 0 0 62 0 0 0 0 45 0 74 0 0 0 0 84 58 0 0 0 0 27 71 89 0 0 0 0 0 0 0 0 0 65 0 0 0 0 0 5 0 0 0 0 13 0 93 0 0 0 0 0 0 0 95 59 0 80 0 0 0 0 0 0 0 0 0 0 0 0 0 13 0 0 87 0 0 0 0 15 92 36 0 0 93 0 0 83 0 0 0 74 0 100 51 13 85 35 0 0 0 10 0 52 6 0 0 0 0 43 0 0 0 0 0 8 0 0 0 0 0 0 0 0 0 0 0 0 0 0 0 0 0 56 87 25 0 63 0 0 0 0 0 0 0 0 0 88 47 17 66 0 0 100 0 0 0 0 50 66 0 0 0 0 0 0 57 0 74 1 0 0 30 0 0 0 0 0 0 0 34 92 0 0 0 0 40 0 0 0 0 62 0 0 0 0 26 88 92 0 0 0 51 0 99 61 0 0 0 0 0 0 0 0 0 0 0 0 0 0 0 99 0 0 0 0 94 0 64 0 84 0 0 0 0 78 0 0 0 0 91 0 31 34 0 60 0 62
13 0 0 0 0 0 0 0 0 0 58 0 74 0 0 0 0 0 0 0 0 0 0 0 6 0 41 35 0 0 0 0 0 82 0 0 30 73 0 99 68 0 0 62 0 0 0 0 0 88 0 17 0 0 0 0 68 0 0 0 0 67 0 0 15 0 12 0 0 0 0 75 0 0 18 0 0 0 0 0 0 0 0 0 0 0 0 0 0 0 0 0 0 78 0 49 0 6 0 0 0 0 0 0 94 0 0 97 0 0 0 27 29 0 34 0 0 49 0 0 99 0 0 87 0 0 0 74 0 0 69 0 95 0 25 0 72 85 0 0 0 0 0 0 0 0 0 0 0 0 0 0 0 0 32 95 0 0 0 85 0 0 19 79 0 0 0 0 0 0 0 0 94 0 0 0 0 0 95 0 0 0 0 0 0 0 100 0 0 57 0 0 0 49 0 0 8 64 0 95 62 0 0 0 0 0 0 0 0 0 0 0 86 0 0 0 57 0 0 0 0 0 0 0 41 0 73 0 0 0 97 0 0 29 41 0 0 0 0 0 0 0 0 0 0 3 0 0 0 79 0 0 0 0 92 0 0 0 0 0 0 0 0 0 0 0 0 0 9 0 0 0 0 0 5 0 0 0 0 0 0 0 0 0 26 0 0 0 0 0 47 0 34 0 86 0 0 89 0 0 30 76 0 0 89 0 0 0 0 0 0 0 0 93 0 0 0 0 0 14 0 46 0 0 0 0 10 0 0 0 41 0 0 0 0 3 0 0 51 0 0 0 0 0 0 60 85 89 0 0 0 0 0 0 0 0 0 86 0 0 0 0 32 0 0 0 0 0 48 0 0 0 0 0 0 0 25 0 0 73 0 0 30 46 0 0 0 0 0 0 17 0 0 0 30 0 91 34 0 0
0 0 0 0 0 0 38 4 0 0 0 0 0 29 0 56 57 0 48 0 0 55 0 0 54 85 39 0 0 62 8 58 0 0 0 0 26 0 53 97 0 0 0 0 0 0 0 0 0 0 0 0 49 0 19 0 0 0 17 0 0 0 0 0 0 0 39 0 0 0 0 60 0 0 0 0 0 0 0 0 60 0 0 0 0 0 0 0 0 49 0 0 0 0 18 0 0 29 0 94 0 1 84 19 96 0 0 0 0 0 23 32 0 0 0 0 0 54 0 0 0 0 0 0 0 0 0 0 0 0 0 0 0 51 0 0 18 0 0 0 0 0 0 29 0 0 0 0 0 0 0 0 0 61 0 0 0 0 0 0 0 6 0 0 9 0 0 0 50 0 0 0 0 0 0 0 0 99 0 0 21 0 0 0 43 0 0 0 68 0 0 0 13 1 0 0 0 22 78 0 72 0 0 55 0 0 0 0 0 0 5 0 0 0 0 0 0 0 0 95 0 0 0 0 56 57 0 0 2 47 6 0 49 0 0 0 0 33 0 0 0 0 0 0 0 0 0 0 0 0 16 1 0 52 39 37 0 0 0 0 46 76 5 0 58 0 0 37 7 0 0 0 0 0 0 0 0 0 0 0 0 0 0 0 0 0 0 0 0 0 0 0 0 24 0 53 0 0 0 0 0 0 0 0 0 0 0 0 0 0 0 0 0 44 0 0 66 0 0 0 0 0 0 76 0 0 0 0 0 0 0 0 0 0 85 0 0 0 0 0 0 0 0 0 0 0 0 97 85 0 70 0 5 0 0 0 51 0 0 29 0 0 0 0 0 0 96 0 0 0 0 0 2 0 0 0 0 86 8 68 0 0 0 0 0 31 40 81 0 0 97 0 0 0 68 45 0 0 35 0
0 0 14 0 0 0 0 85 39 59 0 0 0 0 0 0 10 0 0 94 0 0 0 0 0 0 0 99 0 0 0 94 0 0 77 0 0 36 64 0 0 0 0 0 0 0 27 0 0 0 5 0 0 0 50 59 0 10 0 0 0 0 0 0 31 0 0 0 0 0 0 0 69 0 0 46 0 93 97 26 0 0 0 46 0 1 0 88 94 11 0 0 0 0 3 0 0 0 7 0 13 0 0 67 48 90 0 0 0 0 0 0 0 77 86 19 0 0 0 0 37 0 0 59 0 0 0 0 0 0 51 0 0 0 0 0 0 0 0 0 0 0 0 0 0 0 0 0 0 0 95 0 62 96 0 0 0 0 0 94 99 89 0 52 0 71 0 0 0 0 39 65 61 0 0 11 94 0 0 0 0 0 0 19 0 0 0 0 0 0 0 88 36 0 0 73 0 0 0 59 43 0 64 0 0 0 0 0 90 0 0 59 0 0 32 0 0 0 0 0 74 0 0 0 0 22 0 0 0 0 2 0 0 0 0 94 45 0 61 0 0 0 0 0 0 0 0 0 0 0 0 0 0 0 26 100 0 0 0 99 0 0 0 0 0 73 0 0 22 0 44 61 94 56 0 0 66 0 0 0 95 0 0 91 0 68 0 0 0 37 0 0 0 91 0 0 0 0 0 87 0 94 0 0 0 0 0 0 82 0 0 93 0 87 0 0 0 7 2 0 0 0 91 0 8 0 0 0 0 0 0 0 0 0 0 0 95 0 19 0 0 21 17 0 0 0 0 0 70 0 0 75 0 0 44 0 0 0 0 6 0 0 0 7 78 0 0 0 0 16 43 0 0 0 0 0 96 0 0 100 0 0 0 0 0 0 0 0 0 12 0 0 0 9 0 79 84 0 0 0
0 0 0 0 0 0 0 0 0 0 0 0 0 0 0 0 0 0 0 0 0 0 56 75 7 11 0 0 0 52 79 0 28 99 63 0 2 0 65 68 0 98 0 30 0 0 78 0 0 0 85 0 100 0 0 0 0 0 0 0 87 0 0 0 0 14 0 58 0 0 84 0 0 0 0 0 0 0 47 68 0 17 0 0 72 0 0 0 21 0 0 0 0 20 74 0 0 19 91 0 0 48 0 0 0 20 0 0 0 71 0 0 58 0 0 0 0 0 70 40 0 17 55 0 0 0 0 0 0 0 0 0 0 15 82 0 0 0 0 0 0 0 0 0 44 0 0 3 0 10 0 10 0 0 0 0 0 0 28 0 0 0 20 0 0 0 0 46 0 0 24 0 0 73 0 0 0 0 0 0 0 88 0 0 22 0 74 0 0 0 0 0 0 0 0 0 0 0 0 0 0 0 0 0 0 0 0 0 0 89 0 0 0 97 0 0 0 0 0 95 0 0 0 0 0 0 98 0 0 0 0 0 0 0 0 6 0 0 0 0 0 0 46 0 0 0 0 0 82 0 0 0 37 56 0 59 0 0 0 0 82 60 35 0 3 0 0 0 0 0 80 93 0 0 0 74 0 95 0 0 0 45 39 0 0 0 0 61 0 0 0 0 0 0 0 0 0 0 6 14 51 30 84 0 0 0 0 0 0 0 0 0 0 0 0 0 0 0 0 0 0 0 0 0 17 0 24 0 70 4 0 0 0 0 0 0 57 0 0 0 65 0 24 0 0 15 61 0 0 0 69 0 0 0 0 0 0 0 0 26 0 0 5 0 0 0 73 2 49 0 0 0 0 58 0 64 0 0 0 15 0 0 0 0 0 0 48 0 0 0 0 87 1 0 0 0 0 0 0 0
0 0 0 22 0 0 0 0 76 0 0 0 0 18 0 0 0 0 22 0 0 0 0 0 80 0 39 0 0 61 0 0 0 51 0 0 26 0 74 0 0 0 0 0 0 0 0 49 67 0 0 0 0 0 0 0 0 36 0 0 0 0 0 0 0 84 0 0 0 0 0 13 0 0 0 0 0 70 30 0 12 88 0 0 0 0 0 52 0 53 100 0 0 28 0 0 0 92 0 0 0 0 0 0 0 50 0 60 0 0 83 0 72 0 92 0 0 0 0 0 0 0 0 0 6 0 0 0 0 92 0 0 0 0 0 0 0 0 0 0 100 0 0 0 0 39 0 35 0 0 0 0 0 0 5 0 0 73 0 0 91 0 0 0 0 29 0 0 65 0 15 42 11 0 0 0 0 0 0 51 0 0 8 0 0 0 34 0 0 0 32 84 0 0 0 50 0 0 0 0 0 0 0 51 0 0 0 0 78 91 0 0 0 0 0 0 0 0 0 0 0 0 0 0 0 0 0 83 0 0 0 0 0 0 0 0 0 0 30 0 0 91 62 0 4 0 71 79 0 0 0 0 37 77 0 0 0 0 0 0 22 96 0 0 0 0 0 44 94 0 0 0 0 0 60 0 0 0 0 0 0 0 0 0 0 0 0 0 0 0 0 0 0 90 39 22 0 0 0 22 70 62 0 28 15 0 82 0 86 0 0 0 0 35 0 0 0 5 0 18 88 0 77 0 0 0 0 0 0 0 0 0 0 89 0 0 0 0 0 0 97 0 0 0 0 0 0 0 0 0 0 0 0 51 69 0 0 0 13 0 0 0 0 0 35 0 0 0 44 0 0 0 0 0 90 0 0 0 0 88 0 0 0 0 0 0 0 0 0 0 0 0 0 0 72 0 14 0 0 60
18 63 0 0 0 0 0 27 0 0 0 0 0 61 0 0 0 0 0 0 49 0 0 0 0 0 0 0 0 61 36 0 0 0 0 50 63 0 0 58 0 0 27 0 0 0 94 66 20 2 0 0 0 0 0 0 0 0 0 0 0 0 45 0 0 94 98 0 0 0 0 0 0 0 0 17 0 0 0 26 0 0 0 0 93 59 0 0 0 0 0 43 0 0 0 0 0 23 0 3 0 0 0 0 0 0 0 0 0 0 68 83 0 26 0 0 27 0 0 0 0 0 35 39 83 0 37 77 0 77 0 0 0 0 0 0 0 0 0 0 53 0 60 0 18 0 0 0 98 0 74 0 0 0 0 0 98 0 0 0 96 0 0 47 0 0 0 72 37 80 0 0 0 0 0 77 0 0 0 0 0 0 0 0 98 0 0 19 0 0 27 0 44 0 0 0 0 0 0 0 73 0 0 0 0 0 0 0 0 0 43 0 0 0 0 0 0 0 26 60 34 0 0 0 91 56 34 0 0 81 0 0 20 0 0 12 0 0 0 42 95 17 0 0 51 20 0 94 0 0 0 0 0 0 0 0 11 30 0 97 0 0 76 0 0 0 0 0 0 0 0 94 0 0 0 0 0 0 0 0 0 31 38 89 65 0 49 0 29 0 0 0 0 0 58 0 0 0 54 0 0 27 0 0 0 0 0 80 25 75 1 0 38 0 11 0 39 34 0 92 65 0 0 0 0 0 0 0 0 0 0 0 0 0 0 0 78 0 0 0 0 0 66 5 0 0 0 39 0 63 0 0 0 0 58 7 0 0 0 0 0 0 0 0 0 0 0 0 0 0 0 0 0 0 36 0 0 0 0 83 36 0 0 0 42 82 0 0 0 21 0 0 0 26 0 0 0 0 0 66
0 0 85 64 0 0 78 0 73 0 0 0 0 0 0 0 0 0 0 0 3 0 0 0 96 0 95 0 51 17 87 0 0 62 0 64 0 0 0 0 0 0 0 0 0 0 0 0 0 84 0 0 51 0 0 0 0 26 0 53 0 41 27 0 0 74 0 87 0 0 0 0 20 0 0 95 0 0 58 0 0 0 0 0 66 0 61 51 0 0 0 18 0 0 0 0 34 0 100 0 0 41 88 0 69 0 2 68 65 41 0 0 0 0 0 13 0 0 0 0 0 22 0 0 0 51 0 0 0 0 0 0 0 0 80 0 0 0 62 0 0 0 0 23 0 0 0 0 0 0 0 0 91 0 0 3 24 0 0 0 0 0 0 0 0 58 0 0 0 0 0 0 0 0 0 0 0 0 0 0 0 23 56 0 96 0 68 0 0 42 0 0 0 0 0 0 0 0 0 0 100 0 60 0 0 0 59 0 51 0 0 0 0 0 0 0 0 0 0 42 49 47 0 34 0 0 0 64 0 0 55 0 0 0 0 48 0 0 0 0 0 11 0 0 50 0 0 75 49 0 71 0 0 0 98 0 0 0 97 0 0 0 0 100 0 0 0 0 22 91 76 0 0 0 0 0 10 0 0 0 0 0 19 93 0 0 0 0 0 0 0 0 0 79 0 0 0 0 0 35 0 0 73 0 83 32 0 0 0 35 0 0 0 0 0 34 0 18 0 0 70 0 0 0 0 0 0 0 64 0 0 0 0 0 0 38 0 0 0 0 90 0 0 0 0 0 0 0 33 0 0 0 0 0 0 0 0 0 0 0 0 0 39 0 10 0 0 0 45 45 98 0 0 43 0 0 0 60 98 0 0 0 0 0 79 20 0 0 0 0 30 0 0 0 0 0 0 7 0 91
0 0 0 78 0 0 0 0 0 71 0 92 0 0 0 0 49 88 0 0 0 0 0 3 8 0 0 0 0 0 0 0 0 0 0 100 0 13 0 0 21 0 46 0 35 0 53 0 0 0 0 0 0 29 0 0 0 0 12 0 0 8 0 13 23 0 0 0 0 0 0 77 0 0 0 0 0 0 29 0 27 0 0 0 0 21 0 0 0 0 0 0 0 0 66 0 0 0 0 0 0 0 39 81 0 0 0 0 0 0 0 0 0 0 25 90 65 0 0 10 0 0 0 53 0 0 0 99 0 0 0 0 0 90 85 0 0 0 0 0 37 0 0 35 0 0 0 0 18 0 0 0 0 0 0 0 0 97 0 0 0 0 0 20 55 0 0 0 0 0 0 0 0 0 13 76 0 0 0 14 0 0 1 0 6 0 0 0 0 0 49 0 0 66 0 0 51 82 64 59 0 0 0 0 0 0 0 0 81 0 11 0 0 0 0 0 0 0 0 0 0 0 0 0 0 89 0 0 0 26 0 84 0 0 0 0 0 97 0 0 0 0 0 0 0 0 0 0 100 46 0 0 71 0 0 0 0 0 0 0 0 49 0 72 55 0 0 0 0 0 7 18 32 74 0 78 12 25 0 0 53 0 0 92 0 0 0 21 39 47 0 0 3 0 0 94 0 48 0 0 0 0 0 0 0 0 0 0 0 0 0 0 0 76 91 0 0 0 0 0 0 0 0 0 0 0 0 0 0 0 0 0 0 0 82 76 0 0 0 0 0 0 0 0 0 0 47 0 0 0 74 71 100 0 0 0 6 0 0 0 31 51 0 0 0 0 0 0 0 0 0 0 0 0 0 0 70 0 0 0 0 0 0 0 60 0 0 40 0 0 69 0 0 0 0 0 0 0 0 0
0 0 0 0 0 0 0 0 0 0 0 7 0 0 0 0 0 19 0 0 0 11 16 0 0 0 0 0 67 0 0 56 16 0 26 0 0 0 0 0 0 0 8 0 0 0 0 12 85 0 0 0 0 86 0 9 0 0 71 0 80 48 70 0 0 0 0 78 0 0 0 0 81 0 0 0 84 0 0 92 80 63 0 0 52 87 0 18 0 53 0 26 37 0 0 0 0 0 0 0 52 42 0 0 36 0 70 14 0 0 20 0 0 34 0 0 0 75 53 0 92 0 0 0 0 0 75 0 41 0 0 0 0 85 0 0 8 0 28 63 0 0 0 0 74 0 0 2 0 0 0 20 0 0 0 70 0 37 0 0 0 0 0 0 0 0 82 0 0 0 70 18 62 0 0 0 57 0 59 66 0 0 39 0 0 0 87 0 0 0 0 0 14 0 0 73 0 0 18 0 0 15 0 0 0 81 0 0 0 0 70 35 0 45 0 0 52 0 99 0 0 91 0 71 79 0 0 0 31 27 0 0 0 50 0 0 0 0 68 0 0 0 0 0 0 0 25 96 0 0 0 35 0 0 0 0 0 0 1 61 0 0 0 0 0 0 0 0 0 0 0 0 0 23 0 0 0 0 77 0 0 0 4 0 0 0 22 0 0 0 0 0 0 0 0 0 0 0 0 0 78 0 32 0 77 0 0 0 0 61 0 92 0 0 0 0 0 0 0 0 0 0 0 0 0 0 0 0 0 0 0 0 0 0 0 0 0 0 10 0 0 0 0 0 84 0 1 0 0 0 0 0 0 0 0 0 0 0 0 16 0 0 0 0 0 92 0 0 0 0 0 0 0 0 0 0 0 0 94 0 0 0 0 0 91 0 61 0 0 0 89 0 59 0 0 0 0 67 0 26
66 25 0 0 51 0 0 0 0 47 0 0 0 0 0 0 0 0 0 0 0 0 10 0 0 0 0 0 0 0 67 0 51 34 67 50 0 0 0 0 0 0 0 0 0 9 0 0 0 0 0 95 0 44 0 0 0 0 80 0 72 0 0 0 0 0 0 0 0 0 0 41 0 0 0 7 0 0 0 0 0 0 0 0 0 0 0 0 0 0 0 0 0 0 0 0 0 0 53 0 54 0 0 0 0 58 0 0 60 0 0 7 0 0 23 0 0 9 75 23 35 0 75 0 0 0 0 27 0 0 58 66 0 0 0 0 0 75 28 0 0 87 0 0 0 0 0 0 89 0 0 0 0 0 0 0 0 0 0 84 0 53 0 78 0 0 83 0 0 27 0 83 10 75 0 0 0 46 0 0 0 0 0 64 0 0 0 0 0 0 0 0 56 35 0 0 0 63 0 94 0 91 14 0 0 12 0 100 0 0 76 0 0 0 0 18 0 0 0 0 0 3 0 39 0 45 67 0 95 0 0 31 0 0 0 17 0 0 99 7 0 0 0 0 0 0 0 0 0 19 0 45 0 0 0 0 0 0 0 0 0 0 0 0 0 0 63 0 0 0 0 0 0 0 0 54 0 18 0 0 61 0 0 0 0 0 0 0 84 60 0 0 41 28 75 0 0 0 11 39 0 0 11 19 0 31 0 0 0 0 0 58 12 65 0 0 0 91 73 0 97 0 88 0 0 0 0 46 0 0 0 0 0 0 0 0 0 0 0 93 0 0 0 0 0 36 64 0 0 0 17 0 90 0 0 0 0 0 51 0 0 56 99 0 0 13 96 0 0 36 0 0 0 0 0 0 0 16 0 0 0 27 0 0 48 0 0 0 0 0 55 0 41 0 0 0 0 0 75 0
83 0 75 12 0 96 31 46 0 71 0 0 0 0 61 0 0 0 0 0 0 0 67 0 0 36 0 0 55 0 0 75 0 19 0 0 0 0 0 34 24 0 0 23 0 0 0 0 88 0 0 0 0 0 0 0 72 0 0 100 0 0 0 0 0 0 0 0 0 0 0 55 0 0 10 29 0 0 0 0 0 0 0 0 90 0 0 67 0 0 0 0 34 0 15 0 13 22 0 0 0 0 0 0 0 0 0 0 0 0 98 0 96 49 0 0 0 0 53 0 0 19 0 0 0 0 0 94 0 34 26 0 0 0 18 70 0 0 0 0 0 0 0 14 75 0 0 0 0 0 0 0 0 0 0 0 0 0 2 84 0 0 2 94 0 0 0 0 66 0 0 0 0 0 0 83 0 0 0 0 0 0 0 0 18 0 0 56 0 0 0 2 0 0 0 0 0 0 0 0 0 32 0 0 0 0 0 0 0 0 70 0 0 0 0 0 0 0 0 57 0 30 0 26 66 0 39 0 0 0 0 0 0 0 0 0 0 23 28 0 0 0 0 0 0 0 0 0 0 0 0 0 0 0 36 0 0 0 6 0 0 12 0 0 0 0 0 0 0 0 18 0 0 0 96 0 0 0 49 0 0 0 0 76 0 45 0 0 0 0 0 0 0 0 0 0 0 0 39 0 0 0 0 3 0 0 0 31 0 20 0 0 78 67 4 53 0 0 0 0 0 100 0 0 0 0 0 0 94 34 0 4 0 0 0 51 0 0 0 21 0 0 0 0 0 83 0 0 0 81 39 0 0 0 0 0 0 19 10 0 64 31 28 0 39 100 62 0 18 0 0 0 0 0 0 0 0 0 0 0 0 0 0 0 34 0 51 0 0 0 0 77 0 0 0 0 76 5 0 0
0 0 0 96 0 67 0 0 0 0 0 0 62 0 92 0 0 0 0 0 0 0 0 0 0 7 0 77 0 0 0 63 0 0 0 0 47 0 29 66 0 58 0 0 0 0 0 81 9 0 0 0 0 0 0 58 0 47 0 35 0 0 88 0 18 0 0 0 0 0 0 0 66 0 0 0 0 0 0 0 0 0 0 0 43 0 0 0 0 9 86 90 0 0 0 0 11 0 30 0 2 0 0 76 0 0 0 0 70 88 34 35 88 0 97 0 0 0 0 37 25 77 0 0 0 0 0 0 0 0 0 0 0 0 0 28 0 0 62 0 49 0 0 100 0 0 0 0 86 0 0 0 0 93 0 0 0 0 0 0 18 0 12 0 0 0 55 0 0 0 45 0 0 43 99 0 0 0 86 0 81 0 87 0 19 0 0 0 8 0 0 0 0 0 0 0 0 4 57 0 0 0 41 0 97 0 0 0 0 0 0 0 0 0 0 0 0 12 0 76 0 0 0 0 0 0 0 0 0 73 0 0 0 0 0 0 88 0 72 94 60 0 0 0 0 0 0 0 0 0 46 25 0 0 0 0 26 0 76 0 0 0 0 0 29 0 0 7 0 0 0 58 0 0 0 0 0 0 0 0 0 0 0 0 71 65 0 0 0 0 0 0 0 0 11 0 36 0 0 0 62 0 0 75 0 99 23 0 0 0 7 0 0 0 0 0 0 58 0 25 0 0 0 56 0 0 0 0 0 0 0 0 0 42 0 0 0 0 0 0 0 20 0 0 60 0 0 50 0 0 55 0 14 60 79 0 0 15 38 0 0 0 0 0 0 0 0 0 0 0 0 0 0 23 0 4 0 0 0 0 0 0 0 61 41 0 63 0 0 84 0 86 0 0 0 3 68 27 0 0
0 0 0 17 0 0 59 0 0 0 0 0 0 0 0 0 0 0 0 0 66 0 0 0 0 35 0 57 0 0 0 0 0 0 0 0 42 0 0 0 28 0 64 0 0 0 0 0 39 0 0 0 0 0 29 56 0 0 28 0 61 0 0 0 0 0 44 0 0 0 0 0 0 0 0 0 0 34 81 0 0 0 36 0 98 0 0 60 0 78 0 0 0 100 0 0 0 0 62 0 0 0 0 61 24 63 0 28 0 0 0 0 0 0 0 0 0 0 0 0 0 0 0 0 0 0 0 0 0 0 0 0 0 0 33 91 0 0 0 86 0 0 0 0 0 0 0 100 0 0 0 30 0 0 0 0 15 0 0 0 0 0 0 0 0 0 0 56 0 0 0 0 0 63 0 0 0 86 0 0 84 0 0 57 0 0 79 0 0 0 0 0 0 0 0 0 0 0 0 0 0 47 0 0 0 72 0 0 0 0 30 0 0 0 0 0 78 0 0 0 0 0 0 0 0 0 0 11 38 0 0 9 0 0 12 0 0 0 0 0 0 0 0 0 0 14 0 23 0 0 0 0 0 68 0 0 0 0 0 18 0 0 54 0 0 21 0 0 56 0 0 37 0 0 18 0 59 37 0 48 55 49 0 0 0 87 83 0 0 0 0 0 0 0 94 11 0 0 0 0 56 0 69 0 0 0 0 0 9 0 86 0 92 0 0 0 0 42 96 0 0 0 0 0 0 0 0 0 0 43 0 0 70 0 1 0 0 0 0 0 12 81 0 0 0 0 0 0 0 0 0 0 0 0 0 91 0 0 0 0 0 0 40 57 0 0 0 8 62 0 0 91 0 2 0 5 0 0 0 0 98 0 21 0 0 49 0 48 0 0 0 39 0 0 0 80 0 22 0 0
32 0 39 0 0 22 0 0 0 0 0 0 0 46 0 96 44 0 0 0 0 0 0 0 66 31 0 0 41 0 16 0 0 0 0 0 0 0 0 0 0 0 0 0 89 0 49 0 0 0 23 0 25 67 92 0 0 0 0 0 0 0 65 74 9 0 0 0 58 49 0 0 80 0 0 0 0 63 0 0 0 0 0 0 0 0 0 0 0 0 0 0 80 9 0 0 0 49 64 10 64 0 0 0 0 0 0 66 0 65 60 0 0 20 0 0 0 0 0 0 0 0 0 0 0 0 0 0 0 0 0 0 0 22 0 0 0 63 56 56 99 0 0 10 0 0 0 0 12 0 0 88 0 0 96 0 0 0 0 0 99 0 84 0 38 51 0 0 21 0 0 0 0 0 0 0 0 0 0 0 0 0 0 80 0 0 0 0 65 17 38 0 72 0 0 0 0 0 0 0 0 0 69 0 0 0 0 0 48 0 4 0 0 0 0 0 0 0 0 70 0 0 0 0 0 0 0 0 0 66 0 0 45 0 0 0 71 76 0 0 0 0 0 0 0 0 0 97 20 0 0 0 0 0 0 78 0 0 1 0 0 0 0 0 0 0 0 0 0 0 0 40 46 0 0 0 0 0 46 0 0 0 0 0 0 0 0 0 0 0 3 12 0 0 0 0 0 74 0 0 55 0 0 0 0 0 0 0 80 86 71 0 0 0 0 0 0 0 0 35 0 0 0 0 0 29 0 0 0 0 67 40 0 0 0 100 47 0 0 0 0 0 0 0 0 53 0 67 0 63 0 0 0 83 0 13 0 0 0 0 0 0 61 0 0 97 0 0 0 0 41 0 87 0 78 48 84 0 0 0 0 88 41 62 0 0 0 0 0 0 70 0 0 0 0 28 32 89 49 0
0 0 0 0 0 0 0 0 0 32 0 0 9 0 9 0 39 0 68 0 0 43 0 0 0 0 0 47 0 0 0 0 0 0 0 0 0 98 52 93 0 0 0 0 0 95 71 88 46 0 0 0 0 0 70 0 0 89 0 21 0 0 0 0 0 0 1 0 0 0 85 0 0 0 0 0 72 0 0 0 0 0 26 0 0 0 60 92 2 3 30 94 0 79 0 0 0 0 0 0 41 65 68 0 0 0 44 7 0 0 76 8 0 0 0 0 0 0 0 0 0 0 0 0 0 0 0 0 0 0 0 60 14 0 0 0 0 51 0 0 0 0 74 0 0 0 0 32 0 0 56 0 0 18 0 10 0 0 0 91 0 78 0 0 62 60 78 20 0 0 0 0 0 0 0 0 0 0 0 21 0 0 77 77 0 0 95 0 0 0 0 0 6 0 0 0 0 53 0 0 55 0 0 98 0 0 0 0 80 44 0 0 0 76 0 0 0 0 0 0 0 12 0 0 0 0 0 6 0 0 0 0 11 0 0 83 0 0 0 0 0 0 0 0 0 0 0 100 0 0 0 0 0 0 0 0 0 0 0 0 0 0 19 0 0 0 24 88 0 0 0 0 0 0 0 0 0 0 0 100 45 0 0 0 69 0 0 0 26 0 0 0 0 46 0 44 0 0 0 0 0 75 62 0 0 0 56 0 0 0 75 0 94 0 0 0 0 0 0 0 0 0 0 0 0 0 75 0 71 0 0 0 0 0 0 0 0 26 0 43 7 0 0 0 0 0 0 4 0 0 0 0 0 0 34 43 0 0 0 34 0 0 0 0 0 74 0 0 17 28 0 0 0 73 0 0 0 0 0 0 0 0 0 0 79 0 0 0 0 0 0 13 0 0 0 0 87 0 0 15
0 0 0 0 0 0 0 0 0 0 0 0 0 0 0 0 0 23 29 0 0 0 51 0 0 26 0 0 59 0 0 0 0 0 0 0 0 0 0 0 0 0 0 0 0 0 0 0 0 0 0 0 0 0 0 0 0 0 0 0 0 0 1 0 100 84 0 0 0 0 81 0 5 0 0 0 0 0 16 0 0 32 24 0 3 0 0 0 0 0 0 28 0 0 0 0 0 0 0 0 0 0 18 0 0 0 0 0 0 0 95 0 13 0 0 0 0 97 0 0 0 57 31 11 0 0 91 0 69 0 0 0 0 63 0 0 0 0 0 0 24 52 0 18 0 0 0 32 14 0 0 21 51 0 69 0 0 0 0 0 0 35 0 0 0 0 0 0 0 0 19 0 0 0 0 0 0 48 83 0 55 0 0 0 13 0 0 0 0 0 0 0 92 0 0 0 0 0 0 0 14 0 0 0 0 0 0 0 0 0 0 87 0 0 0 0 75 0 0 0 33 0 0 0 73 13 19 0 0 0 15 0 0 83 0 0 0 0 0 77 0 0 0 86 43 0 15 0 36 59 0 0 24 65 0 0 0 0 7 91 0 88 0 68 39 0 0 0 0 0 60 0 0 80 0 0 46 76 0 0 94 0 0 28 0 0 0 0 52 0 0 0 0 61 0 0 9 0 88 0 0 19 0 0 72 66 0 0 74 0 0 0 92 0 0 0 0 0 0 0 0 0 0 0 0 53 0 0 0 0 0 58 0 0 0 0 100 0 0 0 0 0 0 80 0 0 42 0 0 0 0 0 0 5 0 25 0 25 0 93 0 0 0 7 19 0 100 0 0 0 65 0 60 0 0 0 0 0 0 0 42 0 41 0 0 0 0 0 0 0 0 0 0 0 33 13 0 0 0 0
0 0 0 0 0 50 0 0 0 0 0 0 0 0 75 0 0 0 0 0 62 0 0 0 0 0 0 0 0 0 0 77 93 97 92 0 0 43 0 19 0 0 0 0 0 0 0 0 0 62 0 95 5 0 0 40 0 55 0 0 0 79 80 0 85 10 54 0 0 18 0 0 13 0 0 0 0 0 0 0 0 0 0 0 0 0 0 9 31 0 0 0 0 0 0 0 27 0 0 0 2 0 0 0 0 0 0 0 39 0 0 0 0 0 0 0 0 0 0 0 0 0 66 0 0 30 0 58 0 0 0 0 0 0 5 39 76 17 0 0 85 0 0 39 100 0 85 45 0 0 0 0 0 1 66 0 0 71 28 0 0 0 0 0 0 0 0 0 0 0 0 0 68 0 0 91 31 0 66 44 0 0 0 0 0 13 0 0 0 0 0 0 0 0 0 0 0 0 0 0 94 0 0 53 0 0 0 0 100 0 34 0 6 0 0 0 0 1 0 44 0 0 0 92 0 0 0 0 0 0 67 0 99 18 0 0 0 0 45 0 0 34 93 49 0 0 0 0 0 66 37 63 11 0 0 0 0 0 0 0 0 87 0 0 0 0 0 0 42 81 0 55 81 0 72 0 0 0 0 0 85 0 100 0 56 0 0 0 0 0 52 15 0 0 0 0 0 0 6 0 0 99 0 61 36 0 0 0 8 0 0 0 28 0 28 0 62 0 0 0 15 100 0 0 0 0 0 78 0 3 49 0 0 0 0 0 0 0 35 0 0 0 60 0 0 0 32 0 97 0 54 0 0 1 49 0 5 0 0 0 0 0 0 0 0 0 31 0 0 0 0 28 0 5 35 0 0 2 0 0 0 0 0 55 0 0 0 0 0 0 0 0 0 0 29 2 50 0 22 0
92 0 0 0 0 0 29 97 0 0 0 70 0 0 0 0 57 21 0 0 0 11 0 99 35 0 0 0 0 0 0 0 0 0 0 0 0 7 0 0 0 0 24 0 12 61 0 0 23 0 0 0 0 0 0 0 0 69 0 0 0 0 50 3 0 0 0 0 0 0 0 20 0 0 0 0 0 0 0 91 0 0 39 0 0 0 0 37 0 76 81 22 41 92 0 68 0 0 0 0 0 95 0 0 0 0 0 51 0 0 0 0 0 95 0 0 0 0 73 0 42 0 0 89 0 0 0 0 0 0 0 0 0 0 0 0 0 0 0 0 0 0 0 79 0 0 0 0 0 0 0 81 0 0 0 0 99 0 83 0 0 0 0 91 44 0 40 0 0 0 0 0 23 100 38 35 22 0 0 0 0 0 0 42 0 0 43 0 0 0 0 0 0 0 0 91 0 0 0 0 0 0 62 0 0 0 0 0 26 0 0 14 0 0 0 0 0 26 0 0 0 0 0 0 0 85 0 0 0 0 6 0 52 0 0 0 0 0 0 0 91 0 0 0 55 74 0 0 0 0 0 0 0 0 85 0 0 0 0 0 86 0 0 0 0 58 15 0 0 0 0 0 49 0 0 0 27 0 0 0 0 0 15 0 0 57 0 0 0 0 0 0 74 0 0 0 45 0 0 0 0 87 0 0 0 0 0 0 49 0 0 0 0 0 0 0 0 0 0 84 0 0 0 0 0 0 0 0 96 0 50 0 0 0 0 99 0 0 0 11 27 0 40 4 0 48 6 0 0 94 0 0 30 0 0 0 0 0 17 55 0 0 0 8 0 0 0 84 0 0 0 54 8 0 0 65 53 0 23 0 0 0 2 0 0 0 30 6 75 99 0 0 0 0 0 87 54 0 0 59
15 0 0 0 76 15 0 0 0 0 22 0 47 57 0 0 0 0 67 0 51 0 26 0 0 0 0 57 76 0 0 0 0 94 0 29 98 23 98 0 0 19 0 0 0 0 0 5 0 0 0 0 0 0 0 0 41 0 0 0 0 0 0 0 0 0 0 36 0 0 0 0 35 57 0 0 0 73 0 0 0 0 0 43 54 0 0 0 0 0 8 32 0 0 0 89 0 50 0 0 60 0 0 84 0 0 64 0 91 0 0 0 5 0 0 0 0 60 0 0 0 0 56 0 0 0 73 25 75 61 0 23 0 0 90 0 0 87 0 0 2 0 0 37 0 93 0 0 0 0 0 34 0 28 0 0 52 0 0 0 85 0 0 87 0 0 0 0 0 0 0 0 0 0 0 0 0 0 23 0 0 0 0 0 0 0 0 23 0 0 59 0 0 31 32 0 0 0 0 0 1 0 0 0 97 0 65 0 0 0 0 0 78 0 0 0 0 55 27 0 0 100 0 0 87 0 0 0 0 0 0 0 32 58 0 0 0 94 0 0 0 0 0 0 0 0 23 0 0 0 0 81 0 0 0 0 0 24 0 0 27 0 0 0 75 0 0 0 28 0 55 74 0 0 0 39 0 0 0 0 64 32 0 32 44 96 0 0 0 51 80 0 0 59 0 0 23 0 0 0 0 0 0 0 54 37 0 0 0 0 0 0 0 0 63 0 0 0 17 0 0 0 0 0 0 62 0 38 0 0 0 0 99 0 0 0 0 0 0 0 52 0 0 0 51 0 0 0 39 0 29 0 0 0 0 0 0 82 0 24 0 0 0 0 0 0 22 0 0 0 0 0 0 0 0 0 84 0 0 0 0 0 0 0 0 0 0 30 0 0 0 88 0 0 7 0 0 0 0 0
0 0 97 35 0 40 0 0 65 12 55 0 0 0 41 0 0 0 0 0 0 0 0 0 0 0 0 0 37 0 0 0 0 83 0 47 0 0 0 0 91 0 71 0 91 0 0 0 0 0 74 0 0 0 0 0 0 0 0 87 0 0 56 0 0 0 0 88 0 0 0 0 0 0 0 0 0 0 0 0 0 0 3 0 41 0 84 0 7 0 0 0 0 0 0 0 0 0 0 0 48 0 0 0 93 0 0 0 0 0 0 0 0 0 0 55 0 0 73 0 0 37 25 0 7 0 1 0 0 0 93 81 67 0 0 0 0 0 0 61 0 0 0 19 31 0 78 68 0 26 0 42 0 0 3 0 0 0 59 0 67 54 49 45 0 0 0 0 0 0 0 0 0 0 0 0 60 0 45 0 0 0 39 0 0 93 0 51 0 0 0 90 0 0 0 0 15 0 0 0 0 0 0 0 42 0 33 0 0 0 0 0 0 0 0 0 0 92 0 49 0 0 0 0 0 0 0 0 100 0 0 0 7 79 0 0 0 29 0 0 0 0 27 0 0 13 63 0 0 81 0 0 0 0 0 0 0 69 0 95 0 0 0 0 0 0 81 0 0 0 58 0 98 95 0 0 0 0 0 98 0 0 65 0 0 0 0 0 0 0 87 0 0 0 0 55 0 0 7 72 0 1 0 0 0 21 0 0 0 90 0 0 0 38 0 0 58 0 0 95 28 0 21 13 0 0 0 0 0 0 0 0 0 0 0 0 0 0 98 0 47 0 0 0 0 0 0 0 0 0 93 0 0 0 0 5 0 0 0 0 0 0 0 0 0 81 16 0 0 0 0 73 0 0 0 0 0 0 17 9 0 0 0 0 0 0 0 11 0 24 80 0 58 73 0 91 67 0 0 30
56 54 0 0 0 0 0 0 20 0 2 33 0 0 0 0 9 0 0 0 74 0 0 0 0 0 0 0 28 0 0 0 0 0 0 0 0 2 0 0 94 0 0 0 0 0 0 0 0 34 14 0 2 86 0 0 0 0 0 0 0 0 28 0 0 0 52 59 0 0 0 0 0 3 0 0 0 0 0 0 0 11 0 0 0 0 0 7 0 0 0 0 0 0 0 0 0 40 60 0 0 0 0 0 97 0 0 0 4 0 0 0 0 0 0 96 100 38 51 0 0 0 0 0 0 0 18 60 0 0 0 0 0 0 0 0 78 0 85 0 0 0 0 0 0 0 0 0 58 0 95 0 67 88 0 0 0 0 0 0 0 0 41 91 56 0 0 0 0 35 100 0 0 94 0 0 0 0 44 22 0 10 0 0 0 90 0 98 68 0 0 80 0 0 93 0 0 82 0 0 0 0 65 52 0 0 0 0 0 0 0 0 0 70 82 0 0 0 26 0 0 0 0 51 0 0 0 0 0 25 23 0 0 0 57 13 0 0 49 95 0 0 0 43 0 0 0 0 0 0 40 0 0 0 0 0 0 0 0 0 0 46 0 3 86 0 0 39 0 13 0 0 76 66 0 0 0 0 0 0 71 0 27 0 0 0 0 0 0 0 0 0 0 0 95 53 39 0 0 43 0 0 38 22 10 0 0 0 0 0 0 0 0 0 0 0 0 0 0 40 0 42 0 0 0 0 63 0 4 0 0 0 37 0 0 0 0 0 0 69 0 0 0 0 0 0 0 0 0 72 45 0 0 0 0 0 0 0 0 0 45 0 0 0 0 0 0 0 0 0 0 0 0 58 34 0 0 0 0 0 0 0 84 0 27 0 0 0 0 0 0 0 0 0 0 0 0 0 0 0
0 0 0 11 0 6 0 0 0 0 0 0 0 0 0 76 0 0 0 0 0 43 52 28 15 0 0 0 54 46 96 0 0 0 0 0 0 0 0 0 0 78 0 37 64 0 0 0 0 0 0 0 0 95 0 0 0 0 85 12 0 0 0 0 24 0 0 92 73 0 0 71 0 0 0 0 0 1 0 0 0 0 75 0 0 39 0 0 9 0 0 0 0 0 0 69 47 0 8 0 0 0 0 65 0 0 27 0 0 0 0 42 56 0 0 0 0 0 0 0 0 0 0 26 0 11 0 0 0 76 0 55 0 0 0 0 60 54 0 0 0 0 0 0 0 0 0 0 0 0 71 0 0 0 46 0 0 0 57 0 0 0 0 0 0 0 0 87 0 0 11 39 87 0 0 0 0 0 0 0 0 0 62 0 0 0 36 89 35 0 30 91 0 31 0 0 0 53 0 0 85 0 0 0 0 13 0 0 0 0 11 0 0 83 70 0 0 0 0 0 9 0 58 80 0 47 71 0 66 25 0 0 0 0 16 38 0 0 60 0 33 98 0 0 50 98 11 0 79 0 0 99 0 96 29 0 0 0 0 0 0 75 0 79 0 0 0 0 0 0 0 0 0 0 0 0 0 0 0 0 0 73 0 0 0 0 35 0 43 0 0 34 0 0 0 0 0 0 0 0 0 62 0 0 89 0 98 0 0 0 0 85 0 0 0 0 0 0 0 0 83 72 0 0 0 0 0 0 0 0 77 71 0 67 25 0 0 0 57 0 0 0 0 36 15 0 0 0 19 6 0 67 0 21 0 0 0 0 0 0 0 0 58 0 0 4 0 0 10 0 0 0 0 0 0 0 0 0 88 60 0 0 0 0 0 0 0 0 0 0 61 62 51 0 0 0 0 0 0 0
0 61 79 0 0 0 0 0 0 0 0 94 0 0 0 0 4 0 37 20 60 0 0 41 0 0 0 0 0 77 0 61 0 0 0 0 32 100 0 32 0 45 0 0 0 0 56 0 14 0 0 0 0 0 0 25 45 53 0 24 77 0 0 99 0 0 49 0 0 0 0 0 0 0 2 0 18 0 0 0 0 66 0 0 0 0 43 30 0 0 51 0 28 82 0 46 17 0 0 0 11 0 0 0 0 0 0 0 0 0 68 0 0 0 0 72 0 0 0 0 0 79 16 0 0 0 0 0 0 0 43 0 0 0 0 0 0 0 0 0 0 0 94 64 0 0 0 49 0 0 0 0 0 0 0 0 0 0 0 0 0 0 0 82 6 0 0 0 14 0 0 79 81 0 0 16 0 30 0 0 0 0 0 0 0 0 0 0 0 0 0 13 0 96 0 55 0 0 0 48 0 55 0 0 2 0 14 0 0 0 0 0 0 0 0 42 0 0 3 0 0 0 3 29 0 0 0 0 0 17 0 97 0 0 0 0 0 0 0 0 0 0 0 64 33 0 99 64 63 0 77 0 10 0 0 96 0 0 0 55 0 0 60 0 0 0 0 0 0 0 0 0 2 99 0 0 0 0 0 0 0 0 0 81 0 0 0 0 68 0 0 0 0 0 23 0 88 4 0 0 0 0 0 0 0 0 0 0 0 0 0 0 0 0 6 0 0 60 80 0 0 0 0 0 0 0 76 0 0 0 0 0 5 0 0 0 0 0 43 0 69 100 0 0 7 0 0 0 0 0 0 43 0 0 0 0 0 51 38 73 0 38 13 0 0 0 0 0 0 0 0 0 0 0 0 0 0 0 0 13 54 0 0 0 33 0 0 95 0 0 0 0 0 0 0 0 0 0 0 0
0 0 39 0 0 51 0 0 60 0 0 0 59 0 84 0 81 0 0 0 0 0 0 0 2 0 0 70 0 0 0 28 87 0 0 0 0 76 0 0 72 0 0 0 83 0 0 0 0 41 76 75 0 0 0 0 26 0 0 0 0 52 0 59 39 0 0 0 93 0 0 0 0 0 56 83 0 0 0 32 86 0 0 3 1 0 0 0 0 0 0 46 0 83 0 0 0 0 0 44 0 0 0 0 0 11 0 98 59 59 0 0 49 0 100 0 31 0 0 62 0 0 72 0 37 0 0 0 0 0 0 0 85 24 0 0 0 0 0 0 0 86 67 0 0 0 0 0 53 0 34 0 0 0 0 60 0 98 0 97 0 0 0 0 2 56 0 0 0 0 0 0 0 0 86 36 77 0 0 91 82 0 0 0 0 0 0 0 0 0 0 39 0 0 0 0 0 0 0 0 0 0 0 0 0 0 35 0 0 95 0 78 0 0 0 0 0 0 0 0 62 25 86 0 0 0 0 0 61 0 64 10 30 5 0 7 0 0 58 0 30 0 0 0 0 0 0 0 0 0 0 0 0 0 0 62 0 9 0 0 0 0 82 0 34 71 29 80 0 81 0 92 0 0 64 0 0 82 0 6 66 0 0 0 0 0 0 0 0 0 0 0 0 0 0 21 0 15 0 0 13 0 0 0 0 0 0 0 0 0 0 0 0 85 0 89 0 19 0 0 0 0 0 13 0 0 0 0 0 3 0 0 5 7 0 0 11 0 0 0 0 0 0 0 0 0 0 0 0 0 0 0 0 57 0 0 88 0 0 0 48 0 0 0 0 0 0 0 0 0 0 0 0 0 4 0 0 77 54 0 0 0 70 0 0 0 0 0 0 0 0 0 0 0 36 0 0 0 0 0
71 0 0 52 0 73 0 0 0 0 29 0 20 0 0 22 0 0 0 0 0 0 0 0 0 0 4 69 0 0 0 0 0 0 0 0 0 0 0 0 0 0 0 0 81 0 0 0 8 0 0 0 0 27 93 97 0 0 0 0 0 0 0 0 0 0 0 0 0 0 0 70 53 0 0 0 0 0 0 0 0 0 0 0 0 27 0 0 59 0 0 62 0 92 0 0 0 0 0 0 0 0 0 0 40 0 0 0 31 0 0 0 0 0 0 0 0 0 0 0 0 0 0 85 70 0 0 0 0 0 0 55 0 42 0 0 0 0 0 77 84 85 0 0 42 0 0 33 0 0 0 0 55 80 0 78 0 0 0 0 75 78 0 0 0 12 0 27 90 59 0 0 0 0 0 0 99 85 0 53 0 15 0 0 28 0 62 24 0 48 0 0 18 0 0 5 35 0 91 0 45 22 0 0 79 60 0 0 0 0 0 0 0 11 0 87 0 0 63 0 89 0 0 0 89 0 0 0 0 0 0 98 55 0 0 0 0 0 0 0 0 76 92 38 2 0 0 99 0 1 0 0 0 0 44 0 0 0 0 0 0 0 51 0 61 23 63 0 0 0 99 0 0 32 0 0 15 0 0 0 54 0 0 0 57 0 0 85 0 0 0 0 68 0 0 0 0 0 98 82 61 13 0 85 43 0 0 0 0 0 47 0 0 0 27 0 64 0 32 0 0 0 0 0 0 0 49 0 0 0 0 0 17 0 54 0 0 0 63 16 22 0 0 0 69 0 42 0 20 0 55 0 0 0 0 0 0 0 0 0 31 0 0 0 0 0 98 0 0 0 63 0 0 83 0 0 0 52 0 0 16 0 0 0 40 0 43 6 0 0 0 86 0 0 82 52 0 0 17 0
0 0 0 0 9 0 0 0 91 0 11 0 45 0 5 1 21 0 0 0 0 0 35 32 0 0 9 0 0 0 0 0 0 0 90 0 0 0 0 0 0 0 46 0 0 0 0 0 0 0 0 42 0 75 0 55 0 0 0 76 0 0 1 0 10 0 0 65 0 0 0 0 0 0 0 0 0 0 0 0 0 0 0 0 0 0 0 3 0 0 51 47 0 40 0 0 0 0 3 0 0 0 0 0 0 74 85 0 0 0 0 0 0 0 0 0 0 0 0 0 0 1 0 0 0 0 0 0 0 0 0 0 0 0 0 26 0 0 69 0 87 0 0 0 36 0 0 0 0 0 98 0 0 0 53 0 0 0 0 0 2 33 0 0 0 0 0 0 0 0 0 0 0 0 0 68 0 0 9 36 0 0 0 8 28 0 68 0 0 86 49 0 0 73 0 0 52 0 0 0 0 0 44 0 26 0 84 0 0 0 0 0 84 0 0 0 0 48 33 0 0 0 0 0 45 0 76 0 0 46 0 0 0 14 73 0 67 0 0 81 70 29 0 0 0 0 97 0 0 54 26 98 0 0 0 14 85 74 0 87 0 0 0 14 0 0 72 0 14 0 0 0 0 0 0 0 0 0 0 0 0 0 0 19 0 0 0 0 0 0 0 0 0 0 0 0 0 46 0 40 0 0 0 52 27 0 0 0 0 0 0 45 19 0 0 30 0 0 0 0 0 0 0 0 0 0 0 23 76 0 14 0 98 0 0 0 0 1 0 0 0 0 0 22 0 0 0 0 0 0 3 0 0 0 0 0 89 51 0 0 0 43 0 0 10 0 2 0 39 0 0 0 0 0 0 86 0 0 0 0 93 0 85 0 0 32 0 0 0 19 0 0 0 0 0 0 0 0 0 0
0 91 0 0 0 0 0 0 29 0 0 0 0 69 0 0 0 0 0 0 14 0 0 85 0 0 0 17 51 68 0 0 0 0 0 0 78 0 22 0 0 63 0 0 43 0 0 61 19 0 70 0 0 0 0 0 0 0 0 0 51 0 0 0 0 33 43 0 43 29 0 0 0 0 0 0 8 13 0 0 89 30 0 0 28 0 0 0 29 0 0 0 0 59 0 0 0 62 0 0 0 0 0 0 0 0 0 80 0 0 0 0 50 55 0 29 0 0 41 0 0 0 0 0 81 0 0 0 0 0 0 80 25 0 0 0 90 0 0 3 68 2 0 0 63 0 0 99 95 0 49 0 91 0 0 0 0 0 73 0 0 0 0 0 0 0 0 0 0 0 66 0 0 0 0 0 0 0 84 0 0 0 0 0 35 0 0 0 0 0 0 0 14 24 0 0 0 0 61 0 88 0 69 0 0 54 0 0 0 95 0 0 0 79 0 0 0 0 0 62 0 0 46 22 32 0 0 0 0 81 0 0 0 0 0 0 24 31 0 17 0 0 0 0 1 0 29 0 0 0 0 47 0 0 0 0 0 0 0 0 0 0 0 0 0 0 0 0 0 0 0 9 0 83 0 0 0 84 0 0 0 0 0 0 76 0 0 35 0 0 0 0 0 0 0 0 0 0 25 0 30 0 0 0 0 0 0 1 0 0 0 0 0 0 39 0 0 0 0 0 0 0 0 0 0 0 0 0 0 0 78 78 0 0 0 42 78 59 0 88 47 0 0 0 43 72 0 68 0 0 31 0 10 0 0 0 29 10 8 0 0 0 0 0 0 0 0 0 0 0 0 0 5 77 0 0 0 0 0 0 22 0 0 0 0 0 0 0 0 0 0 0 0 33 0 0 30 0 0 0
75 0 0 99 69 0 0 0 0 0 0 0 79 0 0 0 0 0 79 0 72 0 10 0 42 14 0 82 0 0 0 0 0 0 0 0 27 0 79 0 0 0 0 0 0 0 0 12 82 0 0 86 0 86 29 18 0 0 0 86 0 0 70 0 0 0 0 0 0 0 0 0 55 0 19 0 0 0 1 0 0 45 0 0 57 86 0 0 0 21 0 76 0 0 0 0 0 0 0 78 0 0 0 0 0 0 0 0 0 0 84 0 0 0 0 0 0 0 0 0 0 0 0 0 13 0 0 0 0 27 0 0 0 0 0 0 98 0 0 0 0 0 0 0 0 0 0 0 89 0 0 12 29 0 0 29 0 0 0 0 29 68 21 0 0 27 0 0 4 0 0 0 77 0 0 0 0 0 0 0 0 0 0 0 65 0 0 0 0 60 24 62 0 0 0 46 0 90 0 0 59 0 0 0 0 0 39 0 0 0 0 0 22 0 0 79 0 0 0 99 0 0 0 0 0 0 0 0 0 0 0 0 0 0 0 0 0 19 14 0 0 0 0 0 0 37 0 73 0 49 62 0 0 0 0 0 64 0 97 0 0 0 47 51 4 0 0 0 0 0 30 43 0 0 0 0 56 74 0 0 0 0 0 0 0 0 0 0 0 0 0 36 0 0 0 48 0 87 0 0 0 0 100 0 0 27 0 12 0 0 0 61 64 0 0 0 0 0 88 99 40 58 0 0 0 0 14 0 0 0 0 0 0 0 0 48 0 0 0 0 87 0 0 0 87 0 82 0 74 0 0 0 0 0 0 0 0 0 62 0 0 0 0 0 0 73 0 40 0 40 0 0 0 0 0 65 0 0 70 0 0 0 39 0 0 0 0 0 0 63 16 0 0 0 0 28 20 0 0 60
74 0 79 0 0 0 0 77 0 0 0 75 0 0 0 0 0 0 58 0 0 0 0 32 0 31 0 9 0 0 0 0 0 0 92 0 18 0 73 0 0 0 0 41 0 0 0 0 0 0 38 0 0 0 0 0 0 0 0 0 0 0 35 86 0 0 13 72 0 0 35 0 0 0 0 30 0 0 0 9 0 0 0 0 61 26 0 0 0 67 0 0 0 67 0 0 6 0 0 0 0 0 0 0 0 0 0 0 0 0 32 0 0 11 0 0 0 0 0 0 0 0 0 0 0 7 7 0 0 0 0 0 0 0 0 51 69 0 82 54 66 83 84 17 0 0 8 0 0 0 6 0 0 0 0 0 0 0 0 0 0 56 0 0 45 0 0 78 0 0 0 0 0 0 10 0 0 30 0 0 0 0 0 0 0 44 0 0 0 0 0 84 79 0 0 0 0 4 0 0 0 15 43 0 0 0 47 33 0 0 0 40 0 0 0 0 0 0 0 0 0 0 0 49 5 60 0 0 44 0 0 0 0 0 0 0 0 26 0 0 94 0 0 0 11 0 0 0 0 0 0 0 0 0 0 0 88 0 0 0 0 0 57 85 98 76 0 0 23 0 0 0 79 0 0 0 0 0 0 0 0 0 68 67 0 98 0 0 41 0 0 6 28 0 0 69 0 0 0 0 82 0 0 0 0 59 29 0 0 0 0 0 0 0 82 0 0 0 0 0 0 0 0 0 93 0 0 0 0 67 0 23 0 0 0 0 0 0 0 0 67 72 44 72 0 0 0 0 0 0 0 0 0 0 19 0 0 97 39 0 0 0 0 0 0 0 0 0 0 36 0 0 0 0 7 35 53 0 34 0 57 35 0 9 0 0 0 0 0 39 0 0 0 0 0 13 47 78 44 75
0 0 0 0 0 0 0 1 0 0 0 0 0 0 0 0 68 0 0 0 0 0 0 43 0 0 0 0 12 0 0 84 0 0 0 78 0 0 57 0 89 0 0 0 0 0 51 33 44 0 0 0 0 0 0 0 0 0 0 41 0 0 51 84 58 43 36 0 0 0 0 0 34 0 90 0 0 0 0 0 0 82 0 0 0 0 38 0 0 0 0 0 0 0 0 0 0 20 0 12 0 0 88 0 0 0 0 72 0 0 13 0 0 0 0 44 0 0 58 36 34 30 0 0 0 0 0 0 0 0 0 0 37 0 0 0 0 0 0 16 0 3 0 0 0 0 54 99 0 0 23 0 0 0 0 5 47 0 88 0 0 0 0 0 0 0 62 0 0 0 0 0 14 0 0 0 0 0 0 75 0 0 0 65 0 0 0 0 0 53 0 0 0 0 51 0 0 0 0 99 11 0 73 46 0 12 41 79 1 0 0 0 15 0 0 0 0 0 0 0 0 0 0 0 0 0 0 0 82 0 0 0 0 0 0 69 0 0 0 0 0 0 0 0 0 0 95 73 39 0 0 0 0 0 100 0 0 0 0 33 0 0 0 0 0 70 39 0 0 0 0 51 0 0 13 0 0 0 0 67 90 0 29 0 0 3 0 0 56 0 0 0 0 0 0 0 30 80 0 12 91 0 0 0 33 0 75 7 0 45 66 0 0 93 0 89 0 0 0 76 58 55 0 0 0 0 0 0 0 32 0 0 0 0 0 0 0 61 0 0 0 0 0 22 0 0 0 0 71 0 0 0 65 0 0 0 0 0 0 63 0 31 78 0 0 84 0 24 0 0 0 0 0 0 15 29 96 0 0 0 0 0 0 0 70 0 45 0 0 0 47 0 0 0 0 0 41 0 11 0
0 0 0 92 0 0 0 0 0 0 6 0 0 0 0 0 76 0 0 0 0 0 5 0 0 0 0 0 0 13 0 0 0 0 0 0 0 0 0 0 100 0 0 0 0 0 0 0 8 73 0 0 0 0 0 0 0 2 0 0 0 0 0 0 0 0 68 48 0 0 0 0 0 0 0 24 0 0 0 0 0 0 0 0 0 37 0 0 0 0 0 0 0 0 24 0 0 0 0 0 21 0 57 0 0 0 31 0 0 54 0 0 45 0 0 0 0 73 0 10 0 0 0 0 0 83 0 0 61 0 61 0 0 0 0 0 46 0 0 0 0 0 25 0 0 0 0 0 0 0 97 0 0 0 0 0 0 0 16 0 0 0 0 0 35 0 0 87 0 0 0 38 0 0 33 37 0 0 0 0 0 0 0 0 0 0 0 0 0 0 0 0 0 0 27 0 0 32 0 45 0 0 0 0 0 0 20 0 0 0 8 16 53 0 0 0 38 0 38 0 0 0 0 0 0 0 23 0 0 55 0 0 0 0 41 0 12 0 0 0 0 98 34 89 0 0 5 0 0 0 0 0 0 47 0 0 0 85 45 0 0 69 0 0 0 0 0 0 0 0 0 81 0 29 22 0 23 0 0 17 0 33 0 41 0 0 0 0 0 0 17 0 0 0 0 0 0 0 0 0 0 0 0 12 0 0 0 0 0 0 0 0 49 0 0 0 62 0 0 40 0 0 0 0 0 0 0 0 54 0 0 0 0 35 8 0 0 73 19 0 83 0 0 0 0 92 0 64 0 0 0 0 36 0 0 22 0 88 29 43 0 0 0 0 0 0 0 43 0 48 0 0 0 34 0 23 0 0 0 0 0 0 0 0 0 0 34 19 0 0 0 64 46 0 73 0 0 0 0 0
76 0 0 0 0 0 9 0 0 0 0 0 0 0 0 0 76 0 0 0 0 0 91 82 28 0 0 0 0 77 0 64 0 23 64 0 0 0 0 0 0 0 0 0 91 0 0 0 0 7 0 0 0 0 0 0 0 0 0 0 0 0 0 36 8 0 0 0 0 1 0 37 0 0 0 0 33 0 0 0 0 93 99 27 0 0 0 0 16 0 87 0 8 94 88 0 36 83 0 0 0 0 0 0 4 0 0 0 0 0 0 32 15 0 0 0 0 32 0 53 60 0 72 0 0 0 0 0 0 70 0 0 50 0 0 0 0 0 0 0 0 48 0 0 0 0 0 0 0 73 0 11 0 0 0 0 14 98 17 0 0 0 0 0 0 0 37 17 0 27 9 0 0 0 49 0 0 0 0 0 81 0 0 0 61 0 0 0 0 96 95 0 0 0 0 0 0 0 0 0 0 46 0 0 0 18 20 38 0 84 0 0 20 0 0 66 0 21 63 28 0 0 0 0 41 0 0 0 0 86 0 0 36 0 21 0 0 0 0 0 0 0 5 0 0 0 0 0 0 0 0 0 0 0 0 0 0 0 64 0 0 0 0 0 75 0 0 0 0 0 0 0 0 0 93 24 0 0 0 82 0 0 0 0 0 64 0 18 0 0 43 0 0 0 0 81 0 0 23 0 0 0 0 0 24 0 0 0 0 0 0 0 0 18 0 0 0 32 0 37 25 32 0 67 0 0 12 59 70 0 0 0 0 0 84 0 0 0 0 99 46 0 0 0 0 0 65 27 73 9 56 56 0 9 0 9 0 0 0 0 0 61 0 0 0 12 91 0 84 14 60 85 10 0 0 18 0 0 0 0 0 0 15 32 0 0 0 0 0 0 0 0 0 0 85 0 0 80 0 0
0 96 0 0 0 0 0 0 0 0 0 0 0 0 0 93 0 29 77 9 24 0 0 0 58 0 0 0 0 0 0 0 0 0 0 0 0 0 0 0 0 0 0 73 0 33 0 0 0 72 0 0 0 0 0 27 0 63 0 0 0 0 74 0 0 0 0 0 0 0 0 0 0 0 0 0 0 43 0 0 0 72 0 0 39 0 0 18 0 0 0 25 65 45 0 0 0 11 0 0 52 0 0 0 0 0 0 0 0 23 0 0 0 31 0 0 5 0 85 0 0 0 71 61 0 36 0 0 0 0 57 0 0 0 0 0 19 37 0 0 0 0 0 0 0 73 81 0 0 68 18 0 0 0 0 0 0 0 0 0 25 10 72 100 0 1 0 0 37 0 12 0 0 0 0 0 0 0 0 96 0 0 0 0 45 72 0 0 100 0 0 0 0 0 0 27 0 0 0 0 0 0 0 73 0 59 0 0 0 0 0 0 18 0 90 4 0 0 82 0 0 0 0 0 0 0 0 0 0 0 0 0 0 69 0 0 0 0 0 0 0 25 0 0 0 0 0 0 0 0 0 0 67 0 0 0 0 0 0 0 0 0 0 100 0 0 0 0 0 24 36 0 0 43 11 0 94 52 0 0 0 76 0 0 0 0 0 0 0 0 0 0 0 0 0 1 0 0 49 0 0 0 0 0 0 0 0 0 0 77 0 0 9 62 0 0 0 0 0 0 88 0 57 0 97 51 54 0 0 56 37 0 0 0 71 0 0 0 0 0 0 0 0 0 0 0 0 0 0 0 0 0 0 0 50 40 0 8 0 0 0 0 0 0 0 0 7 0 0 0 0 0 73 0 75 0 0 0 0 0 0 0 0 0 0 0 49 0 0 0 0 0 49 0 0 89 0 0 0 0
0 0 0 15 0 0 0 6 81 34 0 0 0 0 0 96 46 0 80 0 51 22 86 0 32 0 0 0 0 0 2 0 8 0 0 89 0 0 0 0 22 77 0 84 0 0 0 0 0 75 0 0 0 0 0 0 36 0 94 0 0 0 0 0 0 0 0 0 0 0 0 27 0 0 0 0 0 11 39 0 0 0 33 0 0 0 0 0 0 0 69 18 0 0 26 0 0 81 0 0 0 0 89 59 0 15 100 0 0 0 0 0 0 49 59 74 0 0 0 0 0 0 0 0 0 0 0 5 0 50 0 0 0 0 0 0 66 0 13 0 0 0 0 26 0 0 64 0 29 0 0 0 0 17 0 0 92 0 0 39 0 91 0 0 0 0 0 0 0 0 0 0 0 0 0 12 87 0 0 0 72 0 0 0 0 0 0 0 0 0 0 0 35 0 25 0 0 0 0 19 0 0 0 0 0 0 0 85 0 0 0 74 0 34 0 0 0 0 0 0 0 79 0 0 0 0 0 0 0 0 0 78 0 35 0 0 0 0 57 0 0 0 16 83 0 0 0 0 0 0 0 3 46 0 0 0 99 0 0 0 0 0 0 0 0 78 94 0 0 0 0 0 0 0 0 0 0 54 0 0 0 35 0 0 0 72 0 0 0 0 0 36 0 0 76 0 0 87 0 0 0 0 0 4 0 0 0 0 5 19 0 0 0 0 24 0 0 0 0 0 6 0 0 61 69 66 0 0 0 0 0 0 0 0 0 48 57 0 0 0 0 0 38 0 0 13 47 0 0 0 30 0 0 0 0 0 0 0 73 0 48 0 0 86 0 0 7 0 95 0 0 0 0 92 0 25 0 0 96 0 0 0 0 0 0 0 0 0 0 0 0 2 0 53 0 0 0 0 14 0
0 0 0 0 0 22 0 0 0 97 0 0 0 0 0 0 0 0 0 0 0 64 0 96 0 0 0 58 51 0 0 0 0 0 0 0 0 0 0 0 0 0 0 0 44 0 0 93 44 0 0 0 0 0 0 0 0 0 0 0 0 6 0 9 0 0 0 0 0 0 0 0 0 49 0 0 0 71 32 0 0 0 0 84 25 98 0 0 0 11 0 0 65 0 78 0 0 93 0 0 0 0 0 0 38 0 0 0 0 63 0 0 71 0 0 0 0 85 0 0 0 0 89 0 0 0 77 0 0 0 0 0 37 80 0 31 82 0 0 0 0 49 0 27 0 0 0 0 0 0 0 0 0 30 0 0 0 0 0 0 20 0 0 0 0 0 0 0 0 0 95 58 43 0 0 0 0 68 0 0 0 0 67 6 0 0 57 0 0 0 48 0 99 0 0 0 0 0 0 0 0 0 0 0 0 0 0 0 0 0 0 0 59 0 0 0 0 0 0 61 0 0 0 40 0 0 0 0 0 0 0 0 14 0 0 0 58 0 0 0 0 0 0 0 0 55 0 0 0 0 0 0 0 0 0 0 0 0 0 0 0 0 0 0 0 94 0 0 0 7 60 0 99 0 0 21 0 62 78 0 0 0 0 0 0 75 0 0 0 0 0 0 0 67 18 28 0 0 0 42 100 9 0 0 15 52 37 0 0 8 0 0 0 0 0 51 30 0 0 0 39 0 0 0 0 0 0 0 0 80 0 76 0 0 0 13 0 0 0 0 0 41 0 0 0 12 0 0 0 0 0 0 0 0 86 0 0 95 0 0 0 68 0 0 52 0 0 91 31 0 0 0 0 12 0 4 29 0 12 97 0 97 0 0 0 0 0 0 0 55 0 13 0 0 37 0 0 0 0 0
0 0 0 0 0 0 0 0 0 0 0 0 0 0 0 50 8 0 0 0 0 61 0 0 0 0 47 0 6 0 0 0 0 0 0 0 99 8 0 0 0 1 0 0 0 0 0 67 0 0 0 0 0 0 0 0 0 0 0 0 0 0 0 0 0 0 14 0 0 0 49 0 8 0 0 0 77 0 0 0 56 0 0 0 0 0 0 0 0 0 34 0 0 0 0 29 0 0 0 0 17 0 0 0 80 0 0 7 0 0 0 0 70 0 81 0 0 0 17 0 11 0 0 0 0 0 0 0 0 0 0 60 20 0 0 0 0 0 0 0 0 0 33 0 0 76 0 52 26 0 0 0 0 0 76 0 2 69 0 0 88 0 57 0 0 0 34 0 0 0 0 0 0 0 0 0 76 0 0 0 30 94 0 73 63 0 0 0 0 0 91 0 0 0 0 0 0 0 93 3 0 0 0 53 0 0 0 0 25 93 10 0 0 59 0 91 0 0 0 40 0 0 0 0 0 0 0 0 0 0 77 18 0 0 0 14 0 46 0 33 0 0 0 0 61 0 0 79 0 0 0 0 0 0 0 0 0 0 0 90 0 0 43 0 0 0 35 78 0 0 0 0 88 89 0 0 0 0 0 0 9 0 91 0 0 0 0 0 0 0 0 0 0 0 0 0 7 0 0 0 0 0 83 0 0 0 64 0 0 0 0 0 0 0 0 0 0 41 29 0 78 0 39 57 0 0 0 0 0 0 0 0 0 0 0 0 0 44 0 0 0 60 45 0 84 71 59 0 45 0 0 0 0 35 0 0 0 0 0 23 78 0 37 10 0 75 73 0 0 32 0 0 0 0 0 0 0 36 0 0 0 0 0 18 43 52 0 0 0 89 0 0 0 72 0 0 0 0 0 0
0 0 0 0 0 0 10 0 0 0 0 0 0 38 81 0 21 0 56 0 76 0 0 0 0 0 0 0 66 84 0 68 0 73 0 36 0 87 9 31 0 63 0 0 48 8 0 0 0 3 0 71 53 0 0 100 0 0 0 0 0 40 0 0 0 27 92 0 0 0 0 0 0 0 0 0 0 0 0 0 0 82 0 15 18 94 0 0 0 14 0 0 0 0 0 19 0 0 0 0 66 0 0 0 93 0 0 0 0 30 0 0 0 0 0 0 0 58 0 0 0 0 0 0 86 10 0 3 0 87 39 0 0 0 0 0 0 0 0 0 0 0 0 0 0 0 0 56 78 0 0 0 34 0 29 0 32 0 0 0 80 0 0 0 1 0 0 0 0 28 29 0 0 0 0 0 0 0 0 0 0 0 0 0 0 0 0 0 58 32 0 0 0 5 91 0 0 61 73 0 90 0 0 0 0 0 0 0 0 0 34 30 0 0 0 80 0 0 0 0 0 65 0 0 0 0 0 78 0 0 0 0 0 0 0 0 0 0 0 59 0 0 0 0 88 0 51 0 76 5 37 99 68 0 0 0 0 0 0 0 0 35 0 0 0 0 0 61 0 0 0 7 0 0 0 28 0 0 0 61 0 0 0 0 60 0 0 0 61 0 0 0 0 23 0 55 0 0 0 0 0 0 0 0 1 0 0 0 0 0 0 67 0 0 0 6 51 0 0 0 0 0 24 80 0 0 0 0 0 68 0 0 0 0 0 96 0 0 0 0 0 0 47 0 0 6 0 44 0 1 0 0 0 0 2 0 0 29 0 0 34 0 58 95 0 0 0 0 0 48 0 94 0 0 0 0 0 0 0 0 0 0 0 0 0 0 0 0 0 0 32 0 33 0 0 0 0 0 15 0
0 0 0 0 0 0 0 0 0 0 0 0 0 58 0 0 14 0 36 0 0 0 0 0 0 0 0 0 0 69 59 0 0 0 0 0 0 0 0 0 0 83 90 0 0 42 0 96 0 0 0 0 0 54 0 0 46 0 13 0 0 0 0 0 0 0 0 0 23 0 0 0 0 0 0 58 0 0 7 41 79 79 0 0 0 0 0 0 0 0 0 4 0 0 0 0 0 0 37 8 0 0 0 0 10 0 0 0 0 0 0 95 0 0 0 0 0 0 0 0 72 0 56 0 0 0 0 0 0 71 0 0 0 0 0 0 0 80 0 0 0 0 0 0 77 0 0 0 0 79 31 99 0 0 0 0 0 48 0 0 0 0 0 0 0 0 0 0 0 0 0 0 0 60 0 76 0 0 0 0 0 37 22 0 1 0 92 0 8 79 0 0 0 64 25 0 38 28 0 0 0 0 0 0 0 0 0 75 0 0 0 68 0 0 0 0 0 0 0 0 0 0 44 0 0 67 0 0 0 0 0 0 15 0 0 0 55 0 0 0 22 0 0 31 54 0 0 0 4 0 95 0 0 0 0 62 0 0 94 0 0 76 0 0 0 0 68 0 0 8 0 0 0 0 40 8 0 0 0 64 0 0 0 0 59 22 33 0 0 0 83 0 0 0 0 0 0 0 0 0 31 0 20 0 0 0 0 0 0 0 0 0 0 14 0 0 0 0 0 0 73 0 0 64 59 0 24 0 0 0 30 40 0 0 0 0 0 0 0 47 0 10 0 17 0 0 0 87 0 0 0 0 54 0 0 0 0 0 0 0 0 0 0 18 0 0 0 0 0 0 0 0 93 0 0 0 0 87 42 0 0 42 0 0 0 0 0 7 0 0 0 0 0 0 0 0 0 0 7 70
36 0 0 0 56 0 84 0 0 0 0 0 10 81 0 0 0 56 96 0 54 0 14 54 0 0 0 0 0 0 0 96 0 0 0 0 0 0 0 0 87 0 66 0 0 0 0 0 89 0 23 0 0 0 0 0 43 0 0 0 97 0 29 91 0 0 0 0 52 0 6 0 0 0 0 0 0 0 0 0 27 4 0 0 0 0 0 65 0 0 0 67 0 37 0 0 0 0 0 0 0 0 0 0 0 0 0 46 0 0 60 0 0 54 0 0 0 0 63 0 39 0 0 0 0 0 0 0 32 0 0 0 0 63 0 0 0 0 14 0 0 0 0 0 0 6 0 0 0 0 0 0 0 0 0 62 0 0 0 0 0 0 0 0 0 0 0 70 0 0 0 55 0 0 85 0 0 0 0 0 78 0 0 59 0 0 0 0 0 51 0 12 0 0 52 0 0 0 68 0 0 53 0 0 16 0 0 0 98 25 0 14 18 0 44 0 23 0 95 0 0 0 73 0 11 100 0 74 0 0 100 0 0 38 75 11 0 34 50 59 35 0 59 0 0 4 0 62 47 0 0 0 0 0 0 0 0 5 0 0 0 0 0 0 0 17 0 84 0 0 0 0 0 0 0 0 0 0 25 0 0 0 0 0 0 0 0 0 2 0 0 0 32 0 0 0 87 0 0 22 0 0 0 0 0 0 0 0 0 18 0 49 0 0 0 0 0 0 0 31 0 0 0 0 0 0 0 0 0 0 32 0 0 0 0 0 0 73 0 0 0 92 60 0 97 0 0 0 0 0 0 58 0 98 0 0 10 0 0 4 67 0 0 30 0 0 0 0 54 12 73 0 0 64 35 97 0 0 0 0 0 0 0 0 68 0 43 0 0 0 0 0 0 0 0 0 0 0 0 1
0 59 0 48 0 0 0 0 71 0 38 0 0 19 0 0 8 0 0 19 0 0 88 0 0 92 0 49 0 0 45 0 0 0 90 92 0 0 0 0 0 97 0 0 0 0 0 0 0 46 0 0 7 0 0 82 0 0 0 0 0 0 78 0 0 0 0 69 0 0 0 0 0 0 0 0 0 0 100 43 0 0 37 0 0 0 0 38 0 0 0 0 0 0 0 0 0 0 0 95 0 0 0 0 2 0 35 74 0 0 0 0 0 28 0 0 0 0 1 66 99 0 0 41 0 0 0 0 60 0 0 0 0 0 0 3 70 0 0 35 88 0 0 0 0 0 0 0 0 0 85 15 0 0 0 0 0 0 58 20 0 0 0 0 0 1 0 0 83 0 0 0 0 0 0 0 0 63 50 0 0 0 0 0 0 0 0 0 0 0 0 0 0 0 36 0 0 0 0 37 0 0 0 51 0 0 24 59 0 69 0 36 0 20 0 0 0 0 0 0 0 0 0 0 16 46 57 0 0 0 32 72 86 38 0 0 0 0 0 0 0 0 0 0 81 0 0 0 0 0 0 0 0 28 0 31 8 0 0 0 0 55 14 0 0 0 0 0 0 64 0 0 0 0 90 0 0 0 0 0 0 0 0 34 0 0 58 0 0 0 0 0 0 0 0 27 0 0 0 0 0 0 11 0 0 43 0 69 94 0 0 6 16 0 0 66 5 0 0 0 0 0 0 0 0 6 0 0 0 13 0 0 0 0 0 0 0 0 0 56 82 0 0 0 0 0 0 0 87 26 0 0 64 50 0 0 43 0 0 3 80 0 0 0 0 0 3 0 0 0 0 0 0 0 0 0 0 0 58 0 33 0 0 0 0 0 0 0 0 0 0 0 89 0 0 0 0 74 0 0
0 0 0 0 0 0 0 0 0 0 0 0 95 0 0 0 0 0 84 32 0 0 37 0 87 0 0 0 0 0 0 0 0 2 0 0 0 0 0 0 15 0 0 0 0 79 0 0 0 0 81 0 0 0 0 0 0 0 0 66 0 0 0 0 0 0 0 86 89 33 27 0 0 0 0 0 0 41 0 0 0 0 0 0 38 31 0 45 96 0 0 0 0 0 64 0 0 0 3 39 97 0 0 64 88 0 30 15 0 0 28 0 0 0 0 0 0 16 0 0 0 17 41 0 0 98 0 0 0 0 0 94 0 84 0 0 0 0 0 0 0 0 0 0 0 0 0 19 0 0 8 0 37 0 84 0 0 0 0 0 0 0 0 0 0 0 0 56 0 0 0 0 0 13 0 0 0 0 0 0 0 0 0 34 0 0 0 0 45 0 27 0 0 77 0 0 0 74 57 88 0 0 39 0 0 0 0 11 65 34 17 0 99 0 0 0 40 0 0 0 0 0 42 0 6 0 0 0 42 0 0 0 0 0 0 86 0 0 86 0 37 0 0 0 0 0 0 0 0 0 59 70 0 0 0 0 0 0 0 0 0 0 0 0 0 86 0 0 58 90 0 0 29 0 0 85 0 0 9 51 0 63 0 0 0 0 0 0 0 0 46 24 0 52 0 0 0 0 0 0 0 0 60 0 0 0 0 0 47 61 0 22 54 0 62 95 0 0 0 0 0 0 0 0 0 71 0 0 0 0 0 0 0 0 0 0 0 0 0 0 0 37 28 6 0 0 0 0 0 0 0 0 0 0 99 0 0 0 17 0 71 7 0 0 0 0 0 0 0 0 0 0 32 42 15 16 9 52 58 0 0 0 69 2 0 2 67 0 0 0 0 0 0 0 20 0 0 0 0 0
0 0 0 0 0 0 0 0 0 17 49 0 73 1 0 83 0 0 0 0 0 0 0 0 54 0 40 0 0 0 0 0 0 0 46 0 0 0 0 0 0 0 0 0 0 0 19 0 0 5 0 0 0 49 82 100 0 0 79 94 95 0 0 0 0 0 4 0 0 0 26 0 0 0 0 0 39 0 0 0 0 0 91 47 30 0 57 5 0 0 0 0 4 0 68 0 0 0 0 0 0 0 90 0 0 56 7 0 0 0 0 0 6 0 0 57 0 0 0 0 0 7 84 0 0 0 0 0 68 0 14 0 0 0 0 0 0 8 0 74 0 0 0 0 0 94 0 27 51 0 0 72 0 0 0 0 0 11 0 39 0 59 0 0 26 7 71 0 0 95 44 0 0 0 0 22 0 0 74 78 1 0 0 0 0 0 0 0 9 0 0 0 0 0 0 83 0 52 0 0 85 0 0 0 80 0 0 0 57 0 0 0 0 64 0 0 0 98 0 90 96 0 0 1 0 0 43 43 0 0 0 15 0 0 0 0 74 2 0 0 0 0 0 0 0 58 50 95 0 0 15 0 0 0 0 0 0 0 0 6 0 0 0 44 0 73 0 76 0 78 0 0 0 3 90 0 0 0 0 0 0 0 0 0 0 0 0 0 0 0 0 0 0 0 14 0 0 0 0 22 0 0 0 0 0 0 0 0 0 92 0 0 84 92 0 82 0 0 0 0 65 0 0 39 0 0 0 0 62 65 0 70 52 98 35 0 0 0 0 74 0 0 65 0 0 0 26 0 43 0 0 85 0 0 0 0 0 0 0 19 0 0 0 55 0 31 0 0 68 0 77 0 0 0 0 0 0 0 0 0 18 0 43 0 0 29 34 20 0 0 0 0 95 0 0 30 0 0 0 0
0 4 0 0 0 0 0 0 0 22 0 0 0 0 27 0 0 0 0 0 69 0 76 0 0 0 0 0 32 0 0 0 0 0 0 0 0 30 0 80 0 0 42 0 7 79 82 0 0 0 0 92 0 0 0 0 0 0 30 40 0 0 0 0 99 0 0 27 0 0 0 0 49 0 0 0 0 0 0 0 0 0 0 0 0 20 53 0 69 0 47 0 0 0 0 0 0 0 0 0 59 0 11 0 0 55 0 0 0 89 0 0 0 31 0 0 0 0 60 0 82 40 49 0 0 0 0 0 0 0 0 0 0 20 0 35 0 0 85 100 0 0 0 0 0 18 26 0 0 0 0 0 0 0 0 27 0 32 0 95 60 28 33 74 0 0 98 0 0 0 0 0 0 0 0 0 48 0 89 0 0 37 0 46 0 0 0 0 72 0 0 0 0 0 0 0 0 78 47 0 0 0 0 0 40 0 10 0 34 24 59 0 0 100 0 0 46 0 0 0 0 5 0 0 86 54 100 0 0 0 0 0 0 5 0 44 0 63 0 11 0 0 0 0 0 53 32 1 14 11 0 0 76 0 0 0 83 0 0 88 82 32 0 0 20 0 0 86 0 0 0 0 0 0 0 0 0 0 0 0 0 0 0 17 0 0 0 34 0 61 0 24 22 0 97 0 19 0 0 0 0 0 0 0 0 53 0 0 0 0 0 59 0 54 0 0 51 0 10 0 83 0 0 0 0 0 0 0 0 0 0 0 91 0 0 0 0 0 0 0 0 0 0 0 0 0 0 0 0 0 0 0 0 0 53 37 80 0 0 84 0 44 56 0 0 0 0 0 63 0 0 25 0 0 0 0 0 0 77 0 100 0 0 0 17 0 0 0 2 0 0 38 0 0 0 0 0 0 91 0
0 0 54 9 0 0 0 45 0 0 0 0 32 0 0 78 0 0 0 87 0 72 0 0 0 0 0 92 0 0 0 0 67 71 0 0 0 36 0 0 0 0 0 0 48 0 99 0 0 0 98 0 0 0 0 0 0 0 0 0 0 0 0 0 28 0 0 0 0 0 0 0 0 63 0 86 0 0 0 0 43 0 0 0 0 72 0 0 0 0 0 96 0 82 0 0 85 0 0 66 0 0 0 0 0 0 0 0 0 60 0 0 0 52 0 0 0 0 87 9 0 0 0 30 0 0 0 92 49 0 0 0 0 0 55 87 0 0 86 0 0 0 71 72 79 51 0 0 0 0 47 0 0 0 0 0 32 61 0 0 0 0 0 0 0 0 0 76 46 45 65 0 0 0 0 0 0 0 0 0 0 11 0 0 0 0 0 0 0 0 85 0 0 0 0 0 28 0 0 0 98 0 0 0 0 0 0 0 98 0 9 0 0 86 0 0 0 0 99 50 0 0 0 75 0 62 70 0 0 0 0 0 0 0 0 0 0 45 0 0 0 0 0 0 0 0 0 0 0 80 0 0 0 0 0 0 0 0 0 83 0 0 0 0 0 0 54 0 0 0 0 3 0 0 0 0 0 74 0 76 0 0 0 96 0 0 8 0 0 0 34 0 0 9 0 0 0 0 0 0 0 0 0 0 0 0 0 0 0 0 0 0 0 0 0 0 0 28 0 17 20 0 0 0 0 0 0 0 0 0 0 0 0 45 0 0 0 0 0 0 0 0 65 0 0 0 2 0 0 0 0 0 0 0 0 67 0 12 0 0 0 0 9 14 0 0 0 0 0 0 0 0 51 0 0 0 0 0 0 6 0 73 0 0 0 0 21 0 0 0 0 0 0 0 0 0 0 0 0 0
0 0 0 88 48 91 24 77 0 0 0 49 0 74 0 0 0 59 58 44 0 0 95 0 44 0 0 0 0 0 0 0 68 0 0 0 0 0 0 0 0 0 0 0 0 0 0 53 0 0 59 16 38 0 29 30 0 0 0 33 0 0 0 0 0 0 0 0 0 0 0 0 0 26 0 0 0 0 0 0 65 0 0 0 0 0 0 0 79 0 92 0 5 0 0 99 0 85 0 0 54 0 0 33 0 54 0 0 0 0 0 29 0 0 0 0 0 81 0 0 92 65 0 13 0 0 0 0 0 0 0 0 0 0 0 71 0 0 0 0 0 0 0 55 0 0 0 0 0 33 0 0 0 0 0 0 0 90 46 0 0 0 86 0 0 59 0 0 27 0 0 0 63 0 0 0 0 0 0 0 91 0 0 0 0 0 0 32 0 0 0 0 0 0 0 0 0 35 25 0 0 0 51 63 0 0 0 0 0 0 25 0 49 35 5 0 0 97 30 45 0 68 0 0 0 62 0 0 0 0 0 0 93 0 66 0 38 0 0 0 0 0 0 0 83 0 0 0 0 46 16 0 30 0 0 0 0 46 0 0 94 0 0 0 74 81 32 82 0 72 0 0 0 77 74 24 0 0 0 0 0 0 79 97 0 0 0 0 0 0 0 0 0 0 0 0 0 85 0 78 0 0 0 0 0 0 50 0 0 0 0 0 0 0 0 0 0 96 30 50 0 0 0 82 0 32 0 0 0 0 0 0 0 0 17 58 0 0 0 0 0 91 99 0 68 63 0 5 20 0 0 0 0 0 7 35 0 88 0 0 71 24 0 0 0 0 0 0 0 44 83 26 60 0 0 0 0 0 0 0 0 0 21 0 0 0 0 0 0 0 0 0 0 0 0 0 0 0 0 5
57 0 21 50 0 0 0 0 0 0 0 47 70 78 99 98 0 0 62 0 0 2 16 0 10 0 0 0 0 91 0 0 9 63 0 0 0 31 0 0 47 0 0 21 0 0 0 0 0 0 0 32 59 0 0 0 0 57 0 0 0 3 0 0 0 0 0 67 0 0 0 0 0 0 0 0 0 62 35 53 0 0 0 0 0 61 0 0 0 0 54 32 29 2 10 0 0 72 0 0 0 0 0 89 21 100 0 0 0 0 0 0 90 0 0 0 0 53 0 0 0 0 0 50 0 0 0 0 0 0 0 90 0 0 0 0 0 2 0 0 0 0 0 10 0 0 0 0 40 0 0 0 0 89 0 0 0 28 0 57 86 0 0 0 0 0 0 17 0 0 93 0 0 0 0 62 57 0 25 0 0 0 0 0 21 0 0 0 0 0 0 0 0 16 0 78 0 0 79 0 0 69 0 0 0 0 0 0 0 0 0 0 0 77 24 0 0 0 3 0 0 100 0 0 0 0 24 94 0 0 0 0 70 0 0 0 0 0 0 85 0 0 0 69 0 84 0 0 0 0 82 0 0 0 0 0 0 0 49 0 0 0 0 10 0 0 26 0 0 0 23 0 90 0 0 0 30 28 0 42 62 53 36 0 72 0 16 0 0 0 0 0 0 0 14 0 0 0 0 0 0 100 0 38 0 0 0 0 0 0 0 68 74 0 0 86 0 0 0 0 0 25 0 0 0 0 69 0 0 0 23 0 0 86 0 0 0 0 21 49 73 0 0 2 0 0 0 0 80 0 0 76 0 19 0 0 0 0 0 9 0 0 0 0 0 65 0 0 44 0 0 42 68 0 0 0 43 71 74 29 0 0 29 0 44 0 0 78 0 0 0 0 0 0 0 47 13 0 0 0
0 20 0 0 100 0 27 0 0 0 0 86 0 0 35 0 0 0 0 88 0 0 0 0 0 0 0 66 0 0 0 0 0 4 0 0 0 0 0 0 0 71 33 0 0 0 0 0 0 0 2 30 0 0 0 0 0 0 0 11 0 0 0 0 53 0 0 0 15 0 0 0 43 0 0 0 34 0 0 0 0 0 0 0 0 0 0 0 0 51 36 0 0 63 0 0 82 0 44 0 0 0 44 90 0 0 24 0 100 59 0 0 0 19 0 0 0 0 0 0 0 0 0 0 0 0 69 0 0 0 0 14 0 0 0 10 0 73 0 0 58 0 7 0 0 74 0 0 99 0 0 0 0 57 0 5 0 0 66 0 0 90 0 0 0 0 0 0 11 0 0 0 0 0 0 0 0 0 0 0 0 0 66 0 0 91 0 1 32 65 0 27 43 0 0 42 59 0 0 38 28 0 0 0 46 0 0 21 0 0 0 0 0 0 80 38 49 29 0 0 0 0 0 0 0 0 25 64 0 0 0 0 48 78 0 0 3 0 0 87 54 0 33 0 0 60 22 0 0 100 0 0 51 0 52 0 0 0 0 0 0 0 0 52 17 77 0 0 0 0 0 0 0 0 38 0 0 0 0 88 0 0 0 0 0 0 0 0 0 0 28 0 0 0 0 49 0 0 0 0 0 0 0 0 0 89 0 0 64 0 67 63 0 0 0 0 0 0 0 0 0 0 0 51 0 0 24 50 0 46 0 0 0 0 0 9 0 0 0 0 0 0 0 14 0 0 0 2 30 68 89 0 0 0 0 0 0 69 0 0 20 0 39 0 71 0 0 0 0 65 0 0 40 0 0 0 0 0 0 62 0 0 76 0 0 0 0 0 0 30 0 0 8 0 0 0 0 0 0 0
0 42 0 0 0 0 0 0 0 0 0 0 0 0 0 52 10 66 0 0 0 0 0 0 15 0 0 0 81 0 0 0 0 0 10 37 0 1 0 0 49 87 0 0 0 0 0 32 0 0 0 0 0 0 0 0 0 0 0 0 0 0 0 0 0 0 8 69 9 0 0 0 0 0 0 0 0 0 0 0 97 0 4 0 0 0 22 0 0 0 0 50 35 0 0 0 28 0 0 0 0 0 87 0 0 0 0 0 44 0 0 0 0 0 83 47 0 0 0 0 69 0 0 0 0 0 0 0 31 0 0 0 30 61 70 0 0 3 65 0 0 0 0 0 0 0 99 0 67 0 0 0 0 0 0 0 0 0 0 65 0 0 0 0 59 0 19 0 0 0 67 0 0 0 0 0 0 0 0 0 0 0 0 0 0 0 0 0 0 0 0 0 0 86 0 0 0 60 0 0 0 0 0 0 0 0 0 0 0 0 0 0 0 0 0 0 0 0 0 0 0 0 74 0 0 0 98 0 97 100 0 0 0 0 0 22 0 6 0 0 0 0 0 0 73 0 0 0 0 0 0 0 73 0 91 0 77 59 47 0 0 0 0 0 0 0 0 0 21 0 0 8 0 0 0 0 0 2 85 0 86 0 61 0 0 30 0 11 0 0 0 60 26 0 0 0 0 0 0 0 0 0 0 21 0 0 99 25 0 60 0 0 0 0 0 88 0 0 0 50 0 0 20 0 68 0 0 0 0 0 27 0 51 0 46 0 0 0 0 0 0 0 0 45 0 0 0 37 0 0 0 77 0 78 60 0 76 0 0 9 0 0 25 0 0 28 20 0 0 0 0 0 0 39 0 0 0 0 0 13 89 0 0 0 0 0 0 0 0 19 0 0 0 0 0 0 17 0 0 29
0 0 0 0 0 0 0 0 0 0 0 5 0 0 0 0 0 0 0 0 74 0 0 0 0 13 0 0 0 93 0 0 0 0 0 0 0 0 0 0 0 0 0 0 0 64 0 0 0 66 0 30 0 0 0 0 47 0 0 0 0 0 0 0 0 0 0 0 0 35 0 0 0 0 0 0 0 0 0 0 41 0 0 0 0 0 0 0 0 0 44 0 0 0 43 0 0 15 27 0 0 0 86 0 0 73 27 0 0 0 0 0 0 0 0 0 0 0 39 58 0 0 0 19 68 0 0 0 0 0 0 61 0 0 98 0 0 0 0 0 8 0 0 67 0 0 0 0 30 0 0 0 0 0 0 16 6 0 0 0 0 0 0 0 0 0 0 84 0 67 0 0 6 94 0 0 84 0 0 0 0 0 0 0 70 0 1 0 0 51 0 0 0 0 0 0 0 0 0 0 0 0 22 0 0 0 0 0 0 0 0 0 0 0 0 0 0 80 0 0 0 0 0 0 27 37 34 0 0 0 0 0 0 0 0 0 0 0 0 0 0 0 44 0 0 0 0 0 19 0 0 100 0 77 0 1 0 0 0 51 0 0 0 62 54 0 0 0 42 65 0 1 0 46 0 0 73 44 0 0 0 0 0 83 0 0 0 0 11 0 0 2 0 0 0 0 0 62 0 0 88 0 0 0 65 0 23 0 0 0 0 0 0 0 0 0 0 84 0 38 0 42 0 0 0 35 0 0 30 0 0 0 0 0 79 22 49 14 0 0 0 0 84 0 0 44 15 0 0 29 0 0 0 0 0 0 0 89 100 0 0 0 24 0 0 0 89 0 0 0 0 0 69 0 81 18 0 0 0 0 0 5 0 0 0 72 0 0 0 0 0 0 0 68 0 0 0 0 72 0
3 0 0 0 0 0 0 0 0 0 0 98 0 0 0 0 0 0 0 14 0 0 0 0 0 0 0 0 0 0 88 64 0 0 0 0 0 0 0 0 0 0 0 28 0 0 0 0 63 51 0 0 0 0 0 29 0 19 0 0 0 0 0 0 91 0 63 0 0 52 0 0 0 0 0 13 4 78 28 0 0 0 29 0 95 0 0 0 0 0 0 0 0 94 0 70 0 0 0 28 29 59 0 0 0 0 55 0 0 44 0 0 0 0 31 0 0 27 0 49 0 0 0 0 0 0 0 0 0 0 0 0 0 0 0 0 0 0 0 0 97 19 0 0 0 0 0 0 0 0 0 0 0 0 0 49 0 0 20 0 0 0 28 0 79 55 74 47 0 0 0 0 0 22 0 0 11 0 13 0 45 10 0 0 0 0 0 18 0 0 79 84 94 0 0 0 65 0 0 0 0 0 36 74 42 0 0 0 0 0 91 85 0 0 0 75 0 0 0 44 0 36 0 51 79 0 39 0 0 0 0 91 0 30 32 0 0 22 0 0 63 0 71 10 73 47 0 0 96 0 0 0 0 0 0 0 0 0 0 43 79 0 0 0 0 0 0 0 0 0 0 14 0 0 0 77 87 0 2 0 0 0 9 0 0 0 34 12 0 0 0 0 0 0 0 55 94 0 0 73 82 0 0 0 57 56 0 0 0 0 42 100 0 91 0 81 80 0 0 0 60 0 48 0 0 0 0 0 0 0 24 0 83 0 0 66 0 0 0 0 99 69 0 0 0 0 0 0 0 0 37 0 0 1 0 0 63 0 0 60 0 0 0 0 62 8 0 0 0 0 0 0 0 0 0 0 0 0 0 0 0 0 0 79 0 0 37 78 0 0 60 0 0 0 0 0 0 70 0 0
0 0 0 6 77 0 0 0 32 0 0 0 0 44 0 0 17 0 0 0 0 0 0 0 0 67 0 80 0 0 0 23 0 0 12 0 0 0 26 0 26 0 0 0 0 0 0 0 0 0 0 0 0 0 0 0 0 0 0 22 0 0 28 0 0 0 0 0 0 0 0 0 100 0 0 36 0 2 52 0 56 0 82 0 22 0 47 0 0 0 0 0 20 0 0 0 0 0 0 0 0 13 0 0 0 0 0 74 0 0 95 0 0 50 0 86 81 0 0 0 0 0 0 0 0 0 0 30 0 0 0 0 0 0 58 0 97 0 0 0 0 56 0 0 0 0 0 0 0 0 58 86 87 0 23 0 0 83 0 0 0 0 69 0 0 0 0 0 0 0 0 0 0 0 0 0 0 0 0 0 0 0 0 75 0 0 18 0 0 0 0 0 38 0 75 0 0 30 0 0 0 0 0 0 4 0 53 0 0 0 0 0 0 0 13 0 88 0 0 0 0 0 0 0 0 14 0 0 0 0 0 0 90 0 0 0 0 0 0 0 0 84 0 0 0 0 0 0 0 79 29 0 0 0 0 0 84 0 0 0 0 52 0 0 16 36 0 62 0 0 0 0 0 0 0 0 0 0 20 21 5 0 0 0 34 0 0 0 0 0 0 73 23 0 0 0 0 26 0 0 0 0 0 91 66 0 0 0 0 0 28 0 74 0 0 0 41 0 0 79 71 7 0 0 0 0 0 0 24 54 0 0 35 0 62 0 0 42 0 76 0 0 37 0 59 0 8 0 0 0 44 0 0 0 0 0 0 0 0 7 74 0 12 0 46 0 0 0 0 0 0 0 0 0 0 9 0 0 0 0 76 13 0 0 0 0 0 31 0 0 8 0 0 0 0 0 91 0 0 0
0 0 66 0 0 0 0 65 0 0 0 0 0 0 0 53 0 0 0 0 0 0 82 0 63 0 0 0 0 0 0 0 0 0 0 0 0 92 0 99 0 0 0 0 16 0 0 0 0 89 0 50 0 58 85 0 0 0 88 0 0 0 79 0 0 0 0 0 0 43 0 0 0 0 0 11 0 0 0 0 0 0 90 0 0 0 0 59 0 0 91 0 0 0 0 0 0 0 0 0 0 0 0 90 0 0 82 0 93 0 0 0 0 0 0 0 0 87 93 0 57 0 23 0 97 0 84 0 77 31 0 0 0 0 32 0 0 0 0 61 0 0 59 0 0 0 23 0 0 0 0 0 0 81 0 0 0 0 0 0 0 0 76 0 0 0 0 0 65 0 0 0 56 0 0 0 0 0 0 0 0 0 0 0 4 56 0 0 0 0 53 0 0 0 0 66 0 0 0 0 78 44 0 0 4 0 0 0 0 0 0 0 0 0 0 0 0 0 0 0 0 51 0 34 0 79 0 0 0 0 0 0 0 0 0 81 19 94 95 68 0 0 0 0 91 0 0 30 87 0 84 0 0 0 0 8 0 0 0 0 0 0 0 0 0 75 0 83 0 0 47 81 0 37 94 0 0 0 0 0 0 0 0 0 0 52 0 0 0 0 0 0 40 21 0 0 2 0 0 0 0 0 33 0 0 0 14 0 71 40 0 0 27 0 0 0 95 0 0 0 0 0 0 38 13 0 0 0 0 0 0 51 20 0 0 0 0 0 0 0 0 0 0 0 0 0 0 0 0 0 0 0 99 0 53 0 59 0 0 0 0 0 0 3 67 0 0 0 59 45 0 0 0 38 0 0 0 68 0 0 0 0 63 0 0 0 0 0 0 0 58 0 0 62 0 0 0 0 5 0
69 0 0 0 43 0 0 0 0 0 94 0 0 18 0 77 0 0 1 0 0 87 0 0 0 0 0 0 25 0 0 0 70 0 0 0 0 0 0 0 0 0 0 0 0 0 23 77 0 0 0 0 0 0 0 0 0 58 0 47 0 3 0 0 0 0 0 0 0 90 0 0 0 0 30 39 0 0 0 49 0 62 0 0 0 31 0 0 3 34 0 0 0 0 0 0 0 0 0 0 0 0 0 17 0 62 0 0 0 0 0 41 0 0 0 50 0 0 0 0 55 0 0 74 0 38 0 0 37 0 0 0 0 0 64 80 0 0 0 0 0 4 100 0 0 0 79 0 0 0 0 6 0 0 0 41 0 66 0 0 0 21 0 0 0 0 0 0 0 25 0 0 13 0 55 0 0 0 4 0 0 71 41 39 0 0 0 0 0 0 63 0 0 0 0 0 11 0 0 0 0 57 0 0 0 82 18 65 0 26 0 0 0 0 0 0 0 0 0 0 0 0 74 0 0 0 0 0 0 0 20 0 27 0 0 0 58 0 0 0 0 0 61 0 0 0 0 0 0 0 0 0 0 0 20 0 53 0 58 0 0 0 0 0 0 0 0 0 0 0 26 0 0 0 45 0 0 0 0 96 42 0 0 0 0 1 0 0 0 0 0 0 0 0 0 0 0 0 0 0 0 0 0 79 0 0 54 0 0 71 0 0 33 0 0 0 0 85 10 0 67 0 0 0 0 0 0 0 0 40 14 0 0 0 76 0 0 0 50 0 0 0 0 0 0 0 0 0 69 0 0 15 0 0 79 0 0 0 75 0 0 0 0 7 0 0 12 0 0 0 0 0 52 27 0 0 0 0 43 81 0 0 0 0 0 82 0 29 0 77 0 52 30 0 84 1 8 0 0 0
31 75 0 0 91 37 0 0 0 0 0 0 0 0 0 0 0 0 0 0 90 55 0 0 0 0 0 0 0 0 0 49 0 0 0 29 5 28 0 0 22 0 0 0 0 0 0 26 0 0 0 38 0 0 0 0 24 0 68 0 0 0 0 80 91 0 0 77 100 0 0 0 0 0 0 80 0 0 0 2 63 0 0 0 0 95 0 91 0 0 0 16 0 0 38 0 0 15 0 0 0 0 0 0 0 0 0 0 33 0 76 33 0 0 0 0 0 29 0 0 0 0 0 0 40 0 0 13 0 0 0 0 0 14 0 3 0 0 0 0 22 0 0 0 0 0 0 59 0 0 50 0 0 0 0 0 0 0 0 5 80 0 0 0 57 0 0 36 0 0 0 0 0 0 0 0 0 0 0 0 51 0 0 0 0 10 2 0 91 46 22 0 0 0 40 0 0 0 54 0 0 0 72 0 0 0 0 0 0 0 0 0 0 0 83 0 53 0 0 0 0 0 63 0 0 0 0 87 88 0 0 0 0 0 0 70 57 58 0 0 0 4 0 0 33 0 0 0 0 0 0 60 0 0 0 0 0 9 84 0 0 0 0 0 0 0 54 49 0 58 52 0 0 55 0 0 0 0 0 9 0 0 0 0 0 0 44 0 0 0 99 0 0 0 31 0 0 91 53 0 0 0 0 0 0 0 0 29 0 0 0 0 0 0 0 0 0 0 0 41 0 0 0 0 0 44 0 58 0 0 0 0 0 0 0 0 0 0 0 26 67 17 0 0 25 0 84 0 0 0 0 0 67 45 0 38 48 0 0 0 51 0 81 0 0 0 5 0 66 0 0 0 49 0 0 0 0 0 0 42 0 63 63 57 0 40 0 38 0 53 0 0 15 0 0 0 3 32 0 0
0 36 24 0 0 0 0 0 0 0 0 40 0 4 0 0 98 0 1 0 0 0 98 0 0 78 0 0 0 0 0 0 0 98 82 0 0 51 53 0 0 0 0 0 0 0 0 0 0 0 0 0 43 0 0 0 71 88 0 0 0 75 0 0 0 16 0 7 0 0 0 0 0 0 30 0 81 0 0 0 0 27 0 38 0 0 0 0 0 62 0 0 0 74 70 0 0 0 49 0 0 0 0 51 0 0 0 0 0 16 0 0 0 0 0 0 43 100 0 0 88 0 0 75 42 0 0 0 0 59 0 0 0 0 0 0 0 0 0 0 0 66 76 0 0 0 0 0 62 11 0 27 50 0 0 0 0 0 0 0 0 0 0 0 0 0 0 0 0 0 0 87 0 0 0 0 0 0 0 0 0 0 0 0 0 0 0 91 74 0 0 0 36 51 0 63 0 0 0 0 0 0 0 96 0 0 0 0 0 0 0 0 0 0 0 0 0 2 46 0 0 0 0 93 78 0 0 0 0 28 17 0 0 71 0 0 77 0 0 38 0 0 0 0 0 0 0 0 0 0 0 19 0 0 0 0 36 0 0 66 0 78 17 0 0 0 0 1 0 0 0 0 0 0 0 0 0 0 0 0 0 0 0 0 0 0 17 0 97 18 0 23 0 97 20 0 0 0 0 24 15 0 0 66 0 58 0 0 0 0 0 0 0 62 23 9 19 0 82 0 0 20 0 0 0 0 0 52 0 0 0 0 0 0 54 0 0 0 0 0 0 0 11 0 0 0 0 24 0 0 0 0 96 0 0 0 0 0 0 48 0 0 0 0 0 0 32 0 0 0 0 0 0 0 86 0 0 76 0 0 0 4 0 0 0 0 4 0 0 0 88 0 50 0 0 0 0 0 0 0
0 0 95 92 6 94 0 0 0 0 66 0 0 0 40 0 0 78 0 0 73 0 0 0 0 99 29 0 0 0 0 0 0 0 0 0 0 71 0 0 0 0 0 0 51 0 0 0 0 0 9 0 10 0 0 0 0 0 0 64 0 0 69 5 0 0 0 33 0 0 0 0 70 0 0 0 0 0 0 0 0 0 0 0 0 0 0 0 14 0 0 0 0 0 0 0 0 0 0 0 0 0 0 0 0 72 0 0 0 68 75 0 0 0 0 0 37 37 0 0 0 0 0 0 0 10 0 0 0 94 0 0 0 0 23 0 0 0 0 6 0 0 38 0 0 0 0 88 0 0 0 0 0 0 0 97 0 0 0 0 0 0 57 0 0 0 0 84 5 0 0 57 0 0 0 0 0 90 65 0 0 0 0 0 0 0 0 15 14 37 31 0 21 0 25 0 12 0 0 0 0 0 26 73 0 16 0 0 0 0 18 21 0 98 0 0 0 0 0 0 0 4 0 0 0 0 0 0 63 0 0 42 0 0 79 0 0 0 0 0 0 0 0 62 51 21 0 0 29 85 0 0 5 0 0 88 0 12 0 0 0 0 0 0 0 0 0 0 0 0 0 20 0 0 0 0 0 53 0 0 0 0 0 0 0 0 0 45 0 0 42 27 0 0 0 0 51 0 57 0 0 0 9 0 0 0 0 33 0 84 0 0 0 0 0 0 0 0 92 0 37 22 62 0 0 0 0 94 0 91 0 0 84 0 0 0 0 0 0 0 0 0 0 49 0 0 71 0 76 9 94 43 0 39 11 0 0 51 0 0 0 0 52 0 0 21 0 0 0 0 0 0 0 0 0 9 0 15 0 0 0 0 21 0 0 17 0 0 0 0 0 0 0 0 0 0 0 0 0 82
0 0 0 0 0 0 0 2 0 0 0 0 0 0 0 87 0 81 0 0 0 57 0 0 0 82 0 0 19 0 80 0 0 12 43 0 0 0 0 22 0 62 42 4 0 0 0 0 0 0 0 0 0 0 51 99 0 0 0 0 15 94 0 0 79 0 0 22 0 0 22 0 0 0 0 80 14 0 0 0 0 71 46 6 0 0 0 9 0 0 66 0 0 0 92 0 0 0 84 0 44 0 0 79 0 0 0 0 61 89 29 0 0 0 0 0 9 0 0 0 0 0 0 0 0 63 0 100 0 0 0 0 0 0 0 0 0 0 92 3 0 0 0 62 0 85 6 0 46 0 0 0 93 3 0 0 52 0 0 0 0 0 36 0 86 0 0 0 0 0 0 0 0 0 0 0 0 92 0 0 0 0 0 0 54 0 0 18 0 40 1 2 0 0 0 0 0 0 14 0 0 89 0 0 0 0 0 98 0 0 31 89 0 0 2 36 98 83 81 0 0 0 0 0 67 91 0 0 0 32 0 0 0 0 0 0 0 0 0 0 0 0 35 0 0 94 0 0 0 0 0 0 4 0 0 0 25 0 39 0 0 0 0 0 0 0 0 0 0 0 0 0 64 0 0 37 0 0 0 0 0 5 0 98 0 68 0 0 0 0 0 0 0 0 0 0 0 92 0 0 0 0 22 0 0 0 49 0 0 0 0 0 0 0 15 0 0 0 90 69 14 0 65 0 0 0 0 0 0 0 0 0 0 0 0 0 0 92 0 24 0 0 0 0 0 0 0 0 0 0 0 0 0 0 6 0 0 0 0 0 0 0 0 0 8 18 0 16 0 0 0 0 14 0 0 0 0 15 14 0 0 0 0 0 27 0 31 30 0 93 56 0 0 46 11 13 0 0 0 0
0 99 54 84 96 0 0 0 0 0 0 0 42 0 0 0 0 0 20 0 0 0 0 0 0 0 0 0 0 4 51 68 0 100 0 66 58 0 0 0 0 33 0 0 0 96 0 0 17 0 0 0 0 0 0 0 0 0 40 0 57 68 31 9 0 0 0 0 0 58 92 0 0 0 0 96 0 0 0 0 54 0 0 0 0 72 0 87 32 0 0 0 0 69 0 70 0 0 0 54 0 91 81 0 100 0 0 0 0 20 0 0 0 62 0 0 0 0 0 0 0 60 0 0 0 0 0 0 0 42 0 30 0 0 0 57 13 0 92 0 0 0 0 0 0 20 0 0 0 0 67 34 6 0 32 0 9 37 0 0 0 0 13 0 71 0 0 0 0 0 0 56 0 0 39 0 0 0 0 0 0 31 28 38 54 0 37 0 0 0 0 0 0 75 0 0 79 0 26 0 0 0 46 0 0 0 0 92 0 0 25 0 74 57 59 0 0 0 0 86 0 0 0 17 0 17 0 0 81 0 0 0 0 0 0 0 60 0 0 0 0 0 0 0 0 2 0 0 56 0 0 0 0 90 0 0 0 0 0 0 44 6 68 0 0 0 0 0 0 0 0 5 28 0 0 78 0 29 0 0 0 0 0 0 0 0 0 0 0 74 0 0 0 0 0 0 0 55 0 0 84 0 0 45 0 0 0 0 0 99 68 0 44 0 0 0 0 84 39 0 0 0 52 0 93 0 53 0 0 4 42 0 55 37 0 0 0 0 0 0 0 79 0 0 9 0 0 0 53 99 99 28 0 0 0 80 0 18 0 0 16 0 0 0 0 0 0 0 85 0 71 0 0 81 54 98 0 0 97 0 61 0 0 0 0 0 0 0 0 0 0 0 24 0 0 0 0 94 93 0
52 64 0 0 53 0 33 0 0 94 0 33 81 0 0 0 0 0 0 0 94 0 59 27 0 26 0 0 39 0 0 0 0 0 0 0 0 0 0 0 0 0 0 0 21 0 54 0 100 70 0 0 0 0 4 0 0 73 0 63 0 0 94 0 0 83 0 0 13 52 0 45 0 0 41 0 0 0 54 0 0 0 0 0 0 0 0 27 0 0 42 29 0 0 0 0 0 0 0 85 0 80 0 0 60 0 0 0 9 0 0 48 26 0 0 0 0 67 0 0 0 0 53 0 0 10 0 0 0 95 0 0 0 0 0 0 0 0 0 51 0 57 0 0 21 0 0 53 93 0 0 0 24 0 0 0 0 0 60 0 0 0 0 0 0 17 79 0 0 0 0 0 0 36 72 74 0 29 0 39 0 4 0 0 0 79 0 0 0 81 26 42 19 0 0 49 0 0 0 27 0 0 0 0 0 0 0 0 0 0 0 0 0 19 50 27 12 0 0 68 0 42 73 0 49 60 2 0 0 13 34 74 0 0 0 0 80 38 0 0 0 57 0 0 0 0 0 0 0 51 0 0 0 0 3 0 0 0 0 0 0 0 37 28 0 0 98 74 0 0 3 0 0 0 83 65 0 0 92 0 0 0 0 0 0 0 0 73 0 0 0 0 16 0 0 32 0 0 0 0 0 0 0 0 0 0 0 0 0 0 0 0 46 0 0 0 0 89 69 0 0 0 24 0 0 0 0 99 69 94 0 46 0 0 75 0 12 5 0 0 72 0 0 0 0 0 0 11 0 0 70 0 0 0 0 72 0 0 0 0 0 14 0 73 0 0 0 86 0 13 54 0 0 80 0 0 0 0 0 0 0 0 0 0 0 0 82 0 0 0 0 0 0 0 0 58 0 10 0 0
0 0 70 1 0 0 0 0 0 79 0 0 0 59 0 0 59 11 0 0 0 0 0 0 0 35 0 84 0 0 38 0 9 1 15 0 0 0 0 0 0 21 0 0 0 0 65 0 0 0 0 0 21 0 4 0 0 0 0 0 0 0 0 0 4 78 46 92 0 0 52 15 0 0 0 0 40 68 79 0 52 0 0 0 76 0 0 0 64 0 0 0 0 0 0 0 0 0 0 46 0 0 0 0 0 69 0 0 0 32 0 0 69 0 0 0 0 83 0 0 0 33 0 0 0 0 0 0 57 0 0 81 0 39 0 0 0 0 0 0 0 0 84 0 93 0 0 0 0 0 0 0 0 0 0 0 14 0 0 0 0 0 0 79 0 89 0 0 0 0 0 60 0 0 45 0 0 0 0 76 0 0 0 0 0 0 48 0 0 0 0 34 0 86 0 0 0 0 0 0 0 0 0 15 97 15 0 91 31 0 0 0 0 85 48 0 0 34 0 44 4 62 0 0 0 0 0 0 0 0 0 0 0 0 73 0 0 0 11 0 0 41 0 0 0 0 50 58 0 0 0 0 87 0 0 0 0 88 42 0 0 0 74 0 0 20 0 82 0 39 0 0 0 0 29 0 76 0 0 0 0 29 0 84 0 0 0 23 0 0 0 0 0 0 0 0 0 0 0 0 0 0 0 0 0 99 0 1 0 84 0 0 0 0 0 0 87 92 24 20 0 86 0 0 0 0 0 0 0 0 0 66 0 0 0 56 0 0 45 95 0 0 0 0 0 0 0 0 0 0 0 0 21 0 60 0 0 0 69 18 0 52 19 0 0 0 0 0 0 0 0 0 72 0 40 0 0 0 0 25 0 98 0 0 0 17 0 0 0 0 0 0 0 42 0 4 0 0 95 0
20 0 0 80 0 93 91 0 0 0 0 0 0 70 0 0 11 0 0 0 0 48 92 0 0 0 0 0 0 95 19 0 1 0 65 0 0 4 0 0 53 0 0 0 0 0 5 14 0 0 0 0 0 24 0 0 0 0 15 55 34 0 58 0 0 0 0 0 0 0 0 0 0 37 0 0 0 0 66 51 0 0 16 0 0 0 0 0 48 0 0 0 0 0 0 0 0 51 0 0 0 0 7 57 0 99 0 0 99 0 96 75 0 0 98 95 0 0 26 72 94 66 0 0 0 0 0 0 0 0 34 0 0 0 0 49 76 78 0 6 0 0 0 0 0 0 0 0 0 0 0 0 0 11 0 0 31 0 0 0 0 6 0 0 0 0 0 0 29 0 0 0 0 50 0 0 0 0 0 0 0 32 0 0 0 0 67 34 0 2 0 0 0 0 0 0 0 0 0 0 0 0 0 0 55 0 0 0 76 0 0 0 0 0 0 0 0 0 29 0 0 0 0 83 68 0 28 0 0 0 0 99 0 0 0 0 0 43 0 24 0 0 0 0 0 22 0 0 91 0 0 0 0 100 0 71 0 0 71 60 0 88 0 0 0 13 0 0 0 0 0 0 0 58 0 0 11 0 0 25 0 0 0 0 0 0 0 0 17 0 71 0 0 0 0 0 83 0 0 0 0 0 0 28 0 0 0 0 0 0 0 0 0 34 0 0 52 23 4 52 0 0 31 0 0 42 0 0 60 0 0 0 0 0 21 0 0 0 0 0 0 0 77 0 0 0 0 0 45 0 0 0 0 0 86 0 30 0 0 0 41 62 0 0 0 41 0 54 0 92 0 76 0 0 47 0 8 0 72 0 0 0 0 53 0 0 0 0 0 0 0 0 0 0 0 0 37 0 0 0
0 9 0 0 0 0 0 0 0 0 0 0 0 71 61 0 0 0 0 0 0 0 0 24 0 50 0 65 99 0 67 0 0 0 0 0 8 0 0 0 0 0 0 0 0 20 0 0 77 0 0 0 40 0 7 72 0 0 0 0 0 0 44 0 0 0 76 0 75 0 0 0 0 0 0 0 0 0 0 0 0 0 0 9 0 0 0 0 0 86 100 0 0 0 0 0 0 0 88 0 51 0 0 0 0 60 43 82 22 46 73 40 0 0 0 0 0 0 12 0 0 23 0 51 0 46 81 0 0 0 93 44 0 0 0 0 0 0 0 0 0 0 0 0 0 0 0 0 35 0 0 0 0 0 0 0 0 2 0 0 0 72 66 0 0 0 0 0 0 34 90 45 0 45 52 0 0 88 0 0 0 0 0 4 86 0 0 0 24 15 0 0 0 0 0 0 51 0 48 76 0 0 0 0 0 0 9 22 0 38 0 0 0 0 49 0 0 0 0 0 0 0 0 53 76 0 0 80 0 0 0 16 0 17 0 0 0 71 0 0 0 23 0 46 0 0 0 57 0 27 0 0 0 19 0 0 0 10 0 0 0 0 0 0 0 56 16 0 40 0 0 0 83 0 0 0 0 0 0 23 72 0 0 34 0 60 0 0 0 0 19 0 0 90 0 0 0 79 0 59 45 0 0 51 0 0 0 0 26 0 0 0 0 29 0 0 0 0 0 35 0 0 0 0 0 0 0 0 0 52 66 97 0 0 0 47 87 0 0 0 0 0 0 86 33 0 0 0 0 0 98 72 0 28 0 0 0 88 0 0 38 0 87 0 0 42 0 55 25 0 53 98 52 0 0 0 5 0 92 30 0 0 20 56 0 0 0 0 0 0 76 73 2 42 0 30 0 0 0 0
0 0 0 0 0 0 27 0 0 35 0 0 0 0 84 0 80 0 0 0 68 0 0 0 0 21 0 0 79 0 7 0 0 57 0 0 0 0 0 0 0 20 0 0 0 0 0 0 0 49 0 0 0 9 0 0 0 53 0 32 91 0 0 98 0 0 0 0 0 0 0 78 0 0 0 0 0 0 0 14 0 0 0 0 99 0 0 0 6 0 0 57 0 0 0 0 0 0 0 0 0 0 0 0 0 0 0 0 99 0 0 0 0 0 0 0 78 0 64 0 0 94 0 0 0 7 0 0 0 0 0 58 0 0 0 0 0 0 0 0 0 0 0 0 44 90 0 0 43 0 0 0 0 94 24 0 0 0 56 0 0 0 0 0 0 0 47 0 65 0 0 0 33 0 0 4 0 0 56 0 0 0 0 73 84 0 0 0 0 0 0 0 0 0 0 0 0 0 98 39 0 0 0 0 35 0 0 0 0 0 0 0 5 12 0 0 14 0 0 81 0 0 0 0 34 0 0 0 75 92 0 0 0 35 49 0 0 56 0 0 87 0 28 0 0 0 0 0 84 0 95 0 5 0 12 0 46 0 0 0 0 0 0 0 0 77 45 0 77 0 0 0 16 0 0 0 0 0 0 0 0 0 0 0 0 0 0 0 50 0 0 0 0 0 0 0 0 0 0 26 0 28 82 0 0 10 0 0 0 25 0 0 0 0 15 25 0 0 15 96 50 0 0 0 61 0 0 0 0 0 36 0 0 12 70 0 0 0 43 0 0 0 0 0 0 0 42 0 0 58 0 0 0 0 51 56 41 0 0 91 0 32 4 25 0 75 30 0 50 0 0 0 0 0 0 0 0 0 69 0 30 21 0 0 41 0 0 0 52 18 46 0 0 0 0 0 0 85 0 85
0 0 0 0 26 0 18 0 0 0 0 0 0 0 0 12 95 0 0 10 0 0 0 0 95 0 0 0 0 13 57 97 0 96 0 0 0 0 2 0 0 0 87 0 0 0 31 96 0 28 0 0 0 0 0 0 0 0 0 0 0 0 0 0 97 0 77 0 0 0 0 0 0 0 3 68 76 0 35 0 0 79 100 0 68 0 0 0 0 0 100 0 0 0 0 0 0 0 98 0 0 87 0 0 0 0 0 0 65 0 1 0 0 0 0 0 31 0 0 0 0 0 0 0 0 0 0 11 0 6 0 0 0 0 0 43 0 0 0 0 65 0 49 0 0 73 0 0 0 0 0 0 0 0 0 0 0 0 35 0 0 0 0 0 0 57 0 0 70 0 0 12 0 0 0 0 11 38 0 0 0 91 95 35 0 0 0 22 0 0 0 0 0 0 0 0 43 0 0 0 0 0 0 0 0 0 0 28 0 0 66 74 0 0 0 96 0 0 0 0 0 0 0 0 0 0 0 0 16 56 0 0 0 61 0 0 77 0 0 0 0 24 20 0 0 93 0 33 0 0 18 0 0 0 76 0 0 40 0 27 0 26 3 0 0 0 0 0 0 0 0 0 0 80 0 0 13 0 100 97 19 85 48 0 0 0 17 0 0 0 0 39 49 0 0 0 0 0 0 0 0 0 0 0 0 0 0 32 0 0 0 0 0 0 0 0 0 0 7 0 0 0 0 0 45 0 0 0 0 0 0 97 0 0 40 0 0 0 0 0 0 0 82 38 83 0 0 0 0 0 0 0 0 0 0 61 0 0 0 94 0 0 0 0 0 0 69 0 40 0 80 0 0 21 81 15 0 0 0 82 0 19 0 77 0 0 0 0 0 66 0 0 0 0 0 77 0 0 0 100
82 0 0 0 55 0 0 29 50 0 0 95 0 0 0 0 0 0 0 0 0 0 0 0 18 0 0 0 0 73 0 0 0 84 0 51 3 0 0 0 0 0 0 58 0 0 0 17 0 0 0 0 70 0 0 0 0 61 0 0 0 0 0 0 0 0 0 89 14 0 81 0 0 0 90 0 20 0 0 0 0 0 0 15 0 78 0 0 0 0 0 82 0 0 0 0 0 0 0 0 0 0 50 0 0 0 85 90 0 0 0 0 2 0 0 0 0 0 0 95 0 0 0 0 0 0 0 24 65 47 0 9 37 0 0 99 0 0 0 50 0 15 0 0 0 0 6 0 22 76 0 42 59 0 0 0 0 0 0 0 0 33 0 0 0 0 0 58 0 95 0 0 0 0 0 37 66 41 98 0 0 0 97 0 0 0 0 11 0 0 67 95 0 36 0 67 69 0 0 0 0 0 0 84 0 32 0 95 30 0 0 0 0 0 68 0 0 26 0 0 92 0 0 0 2 0 0 0 0 0 0 0 0 0 61 0 0 2 0 0 0 0 0 0 0 0 0 0 5 0 0 88 0 99 0 0 81 0 0 0 0 18 52 72 76 0 0 0 0 0 0 8 41 0 95 0 0 43 22 0 88 11 0 0 99 0 0 0 0 0 0 79 0 93 0 0 0 40 0 0 0 0 0 0 0 0 0 0 1 0 0 0 0 0 0 0 0 0 0 0 0 0 95 0 0 0 0 0 0 7 0 0 21 88 0 59 0 0 22 0 0 0 0 6 4 0 0 0 0 0 7 0 0 43 0 0 0 0 5 21 83 0 22 46 85 0 0 0 0 0 0 17 0 0 0 0 0 0 93 0 0 0 31 4 0 86 0 0 0 22 0 0 0 0 51 0 0 0 0 0
35 0 65 0 0 0 0 0 88 0 0 90 0 49 90 0 25 0 0 0 0 0 28 0 0 10 0 0 0 0 28 98 0 0 0 0 0 0 0 2 0 0 0 96 0 18 72 0 0 0 100 0 88 0 76 0 0 9 0 44 0 0 0 0 2 0 0 80 34 0 16 0 0 19 0 0 81 0 65 0 69 0 0 40 0 0 51 90 0 0 0 74 84 0 0 0 0 0 66 0 0 0 0 3 0 15 0 0 0 0 0 0 67 0 0 0 0 0 23 0 0 0 98 0 0 0 31 0 26 0 26 53 0 0 0 0 79 0 0 0 55 0 89 0 27 0 42 0 0 100 4 0 0 0 0 0 0 0 44 0 0 0 0 0 75 0 0 0 0 0 0 0 0 74 0 0 0 53 0 38 40 0 0 6 0 0 0 0 89 0 0 80 0 0 55 0 52 30 0 0 0 0 0 73 0 0 0 0 0 0 0 35 91 0 62 76 0 0 0 0 46 89 33 4 0 0 0 0 0 32 0 58 8 83 0 0 0 0 0 0 0 23 0 0 28 0 0 0 0 0 0 0 6 19 0 0 0 0 0 0 0 0 4 82 0 0 0 19 0 0 0 0 24 0 0 0 0 0 0 7 66 0 0 0 21 0 0 46 56 0 0 0 76 0 0 0 0 0 97 91 0 0 0 8 0 0 0 2 3 0 0 0 30 0 0 0 0 0 13 0 0 0 94 0 16 0 15 0 91 0 42 0 83 0 0 39 0 0 52 0 18 0 0 0 0 0 0 66 0 0 0 0 73 70 0 47 0 21 0 0 0 0 0 1 0 14 21 26 0 0 0 0 0 0 0 0 0 0 0 0 0 0 0 0 0 0 0 0 70 0 0 0 0 14 0 0 0 38 18 83
0 29 0 7 94 0 0 0 0 0 0 0 0 64 0 0 0 0 0 0 0 0 43 0 0 0 0 0 73 0 0 21 44 0 0 0 42 91 0 25 71 92 0 14 0 49 0 82 12 65 0 54 0 4 0 0 0 0 0 0 0 0 0 0 0 0 0 0 0 0 87 0 0 46 0 32 59 0 0 0 0 0 0 56 0 89 0 89 0 0 0 0 69 55 44 91 93 66 0 0 0 0 0 0 0 0 71 0 0 0 0 59 0 0 48 0 0 0 0 0 0 0 66 0 34 0 0 0 0 0 0 36 0 0 0 0 0 0 0 63 24 0 48 28 0 0 0 0 0 77 46 95 0 0 0 0 0 0 0 0 0 61 19 5 0 0 67 0 0 0 0 0 5 0 0 0 0 0 0 0 0 62 0 0 0 0 0 0 0 0 0 58 0 0 0 0 0 25 0 0 0 0 0 38 0 0 0 0 23 0 0 0 0 0 0 58 0 0 0 0 39 0 0 0 0 0 0 0 84 0 0 31 0 0 59 0 0 0 31 0 0 0 0 0 0 80 0 78 0 0 0 64 0 0 0 0 0 88 0 0 0 0 0 0 0 0 30 67 0 0 0 50 0 0 0 0 19 0 0 0 0 0 0 0 0 66 0 0 47 60 0 44 54 0 0 0 0 1 98 0 0 74 0 0 0 0 0 0 0 0 0 0 0 0 0 0 1 0 0 0 45 0 0 27 97 0 0 0 0 0 0 0 0 23 0 0 0 0 0 0 28 0 97 0 0 0 0 0 14 0 27 0 0 14 0 65 0 0 88 8 80 0 0 95 0 0 0 0 0 0 0 30 0 12 0 0 0 15 0 0 8 25 0 30 63 0 0 0 89 0 0 0 0 0 39 0 0 0 0 0
0 0 82 0 0 57 0 0 0 0 0 0 0 0 30 21 0 0 30 0 1 43 0 0 0 69 89 0 69 0 0 0 26 72 44 55 0 0 0 0 61 0 82 0 0 0 2 0 62 0 4 0 72 0 0 0 83 0 37 0 0 0 0 0 0 89 74 0 0 0 0 49 3 0 96 6 0 0 0 0 91 0 0 0 77 0 32 0 0 0 91 0 0 0 22 0 66 0 24 0 1 0 23 70 0 99 0 0 0 13 0 0 0 0 0 0 0 0 72 70 0 0 0 0 64 0 76 0 0 0 0 0 4 68 0 28 0 1 90 0 0 0 0 98 94 11 45 0 0 0 5 3 0 0 0 0 0 25 98 0 59 97 0 0 0 0 0 29 0 0 40 0 0 0 0 0 0 0 0 0 0 0 0 0 0 0 0 8 0 0 0 0 0 0 0 0 18 54 32 0 0 68 68 0 95 0 0 0 0 0 0 0 0 0 0 6 0 24 0 38 0 0 86 100 0 0 79 0 0 12 22 0 0 0 0 0 0 6 53 24 30 0 59 33 100 0 0 0 84 0 0 52 0 0 0 0 0 65 0 0 0 0 0 0 62 0 0 49 0 0 0 31 0 0 37 0 61 0 0 0 0 0 0 0 0 0 0 15 0 65 0 0 0 0 0 0 69 0 13 4 0 0 0 0 0 0 0 0 0 0 0 0 0 0 0 0 29 0 0 0 0 67 0 0 32 0 0 59 0 0 36 60 0 0 0 0 17 61 66 76 0 9 0 79 0 0 54 91 0 0 0 0 0 0 0 51 0 29 0 0 0 0 0 0 0 0 0 0 83 82 100 0 0 42 34 91 0 0 0 0 19 49 0 0 0 0 0 0 0 94 0 36 0 0 0 0 0 41 0 0
0 0 0 82 0 0 0 0 0 0 46 18 0 0 0 0 0 0 0 0 0 0 0 0 0 0 93 56 0 0 17 0 11 29 0 0 57 44 0 0 0 0 0 0 0 0 0 0 0 0 0 78 0 53 0 0 48 0 0 0 0 0 0 46 0 0 0 0 0 0 0 0 0 0 0 91 0 0 55 0 0 0 0 88 15 0 0 0 0 0 31 0 91 62 0 64 0 0 0 89 94 45 0 95 20 0 96 4 0 0 0 0 45 0 1 0 0 85 0 0 0 0 0 0 0 0 0 0 0 77 0 0 0 0 0 0 0 0 0 0 0 0 0 0 50 0 0 0 0 0 0 0 0 41 0 94 0 0 0 0 3 0 0 0 0 31 39 0 0 0 38 53 0 0 0 0 74 0 0 0 79 36 0 88 0 0 0 0 0 33 0 0 0 0 0 0 0 18 0 0 0 72 0 0 64 0 0 0 0 0 0 0 0 0 0 100 0 0 0 50 73 0 0 27 0 0 0 0 0 0 0 0 0 0 95 0 71 46 0 0 0 0 0 71 55 0 0 0 0 0 73 0 0 0 4 13 0 0 0 17 0 0 0 0 97 0 0 0 36 98 0 0 34 0 0 0 44 0 0 0 0 0 0 0 0 66 0 0 31 0 51 0 0 18 35 0 0 0 0 0 0 0 57 0 0 0 0 0 0 78 0 0 0 0 0 0 76 0 0 0 0 0 0 55 0 0 0 0 0 0 0 0 0 0 49 0 0 0 0 0 0 0 0 0 89 0 0 0 0 0 0 0 0 0 0 54 0 51 0 0 0 0 0 0 0 0 48 0 0 0 0 0 61 88 0 0 0 0 0 0 0 0 0 0 0 0 0 0 0 81 0 0 0 0 0 0 49 0 0 0
0 100 0 0 62 56 0 0 87 0 25 0 0 75 0 72 0 0 0 0 100 0 0 0 0 0 0 0 0 0 0 0 0 92 0 0 0 0 0 0 0 0 0 0 0 44 0 0 0 56 0 0 0 5 0 0 0 0 0 17 59 14 0 15 0 0 0 0 0 0 0 0 0 0 0 6 72 0 0 0 0 0 0 0 75 0 0 85 0 0 0 0 0 98 0 0 0 0 0 0 0 0 0 0 0 0 0 0 0 0 70 97 0 0 0 0 0 0 0 0 0 0 0 87 73 12 97 0 0 23 20 13 0 0 0 0 0 0 0 0 0 0 0 0 0 0 0 0 0 0 94 0 0 0 60 0 0 0 0 83 0 0 0 0 0 0 50 0 0 0 0 0 19 0 0 0 0 0 77 51 0 0 0 49 0 0 0 0 0 0 0 0 0 0 0 0 0 78 0 0 0 0 80 0 0 0 0 0 21 0 0 0 0 0 85 0 0 26 0 0 0 0 0 24 0 0 0 20 0 0 0 0 50 0 0 0 0 0 32 0 2 0 0 0 0 0 0 7 0 0 0 18 53 0 16 0 0 89 0 0 0 0 0 0 0 82 0 0 0 0 0 40 25 0 24 0 0 97 52 80 0 0 0 42 0 83 0 0 0 0 0 0 0 0 0 0 0 0 8 0 26 0 81 0 0 0 0 0 0 0 0 0 0 42 0 0 0 17 0 0 0 27 0 0 0 0 0 0 0 53 0 81 0 93 94 0 0 0 0 0 0 0 0 0 0 0 0 0 0 0 0 0 0 0 0 0 47 5 0 0 0 37 0 0 0 0 67 79 0 0 0 0 0 0 0 0 0 56 30 0 47 6 0 0 94 0 41 0 0 15 0 79 0 0 0 0 0 0 0 0
0 0 29 0 67 0 0 56 0 0 23 0 0 0 0 0 0 0 0 0 0 0 0 0 0 69 0 2 16 67 0 0 0 0 0 0 0 0 0 79 0 0 0 61 0 0 83 0 0 81 0 42 0 39 0 0 0 75 0 0 0 0 0 0 0 0 0 15 0 0 0 0 0 9 0 77 66 49 4 28 0 0 0 0 31 0 0 0 11 49 96 0 62 0 56 0 0 0 0 0 0 0 17 0 0 46 0 49 0 0 0 22 0 0 0 0 0 0 11 0 0 0 0 65 0 89 0 0 17 79 0 0 0 0 0 0 0 0 0 0 0 0 58 0 0 0 0 0 31 56 1 0 0 0 0 0 0 58 0 0 0 0 0 0 0 0 0 96 0 97 20 60 0 0 71 0 0 0 0 17 0 0 50 0 0 0 0 0 0 0 40 0 0 0 0 0 0 0 0 0 0 0 0 0 0 58 43 0 0 0 0 21 0 0 0 0 0 0 0 69 36 0 0 0 0 0 0 0 0 73 0 0 0 0 0 0 0 0 0 0 0 13 0 0 0 0 0 0 0 0 28 22 0 1 0 0 0 0 0 0 30 0 0 0 0 0 0 0 39 0 0 0 0 0 0 0 52 0 0 77 0 0 0 0 0 0 0 75 13 0 0 0 0 0 0 0 38 68 0 0 0 0 0 0 11 0 0 91 0 0 0 0 0 0 0 0 0 0 0 0 0 11 0 0 63 41 18 0 0 0 0 0 0 98 68 0 0 0 0 0 0 0 0 0 21 0 0 72 8 0 0 0 0 18 0 25 0 36 0 10 0 0 0 0 31 22 0 0 0 0 64 70 0 39 0 34 0 0 0 0 27 0 52 92 0 0 16 0 0 1 0 0 0 0 0 0 0 72 0 0
38 0 38 0 0 16 0 0 0 0 0 90 0 90 0 9 13 0 25 84 0 0 0 0 0 0 0 0 67 0 100 83 0 0 0 0 0 94 0 0 0 92 0 0 0 83 68 0 0 72 95 0 49 0 0 0 0 0 0 0 0 0 0 0 0 0 0 0 0 0 0 23 96 0 0 0 0 0 56 6 5 0 0 0 0 0 0 83 0 0 0 0 0 0 0 79 0 0 0 32 70 0 0 0 0 0 0 0 0 0 0 0 0 0 71 0 0 3 0 0 0 0 70 0 0 70 14 0 0 0 0 0 0 0 0 0 0 64 0 22 0 0 31 0 52 17 0 0 0 57 99 0 0 15 18 0 54 0 0 0 0 61 0 48 0 0 0 0 0 0 0 0 0 0 0 51 0 0 51 42 0 0 0 0 0 52 0 0 0 0 0 0 32 78 0 0 0 0 8 44 0 0 0 0 0 0 42 0 0 82 0 0 0 0 0 0 0 63 0 0 22 0 0 16 74 73 0 5 0 49 0 17 31 0 14 0 54 59 0 0 0 0 0 40 0 86 80 0 0 0 0 0 0 0 29 28 0 0 0 0 78 0 96 10 0 0 0 0 0 0 0 0 0 0 0 94 16 0 0 0 0 0 0 0 0 0 0 0 34 0 55 0 0 0 0 0 0 21 0 0 55 91 50 54 0 0 0 0 17 0 0 53 0 0 86 0 31 0 89 0 0 0 0 0 0 0 46 0 0 0 0 0 0 0 0 0 66 70 0 0 4 0 0 0 0 0 0 46 0 0 0 28 0 0 0 43 13 0 0 0 0 0 0 0 0 0 0 36 96 0 0 0 0 0 0 0 0 3 90 0 0 0 58 0 66 0 0 0 0 0 0 0 0 0 0 0 34 0 89 0
0 58 0 0 0 0 51 57 0 0 0 0 0 0 0 41 0 0 0 0 0 0 0 0 0 0 57 0 81 0 0 0 78 0 0 0 0 0 0 0 0 68 0 95 0 0 0 0 0 0 0 0 0 0 0 0 0 0 0 0 0 0 46 0 0 17 0 0 0 0 62 0 0 0 0 0 0 0 0 33 0 0 50 0 27 0 7 28 32 0 0 0 0 0 0 83 0 88 0 0 0 0 0 0 0 0 0 100 0 0 0 0 0 0 55 0 0 6 6 0 0 0 82 57 0 0 0 0 0 99 0 45 0 89 0 0 46 0 0 0 69 77 0 0 0 0 0 0 0 0 0 61 0 0 0 0 0 0 0 15 0 33 0 0 74 0 0 0 0 0 27 4 0 0 49 13 0 64 20 0 0 89 83 0 0 0 0 80 0 48 0 0 92 0 0 0 0 0 0 0 0 0 0 0 0 0 0 0 0 16 21 0 0 0 87 0 5 0 0 0 0 0 0 18 82 0 0 0 0 0 0 0 0 33 0 0 0 62 0 0 0 0 0 0 0 21 7 0 44 0 0 0 0 0 0 0 0 0 37 77 0 0 0 0 0 0 0 0 45 0 9 0 0 0 0 63 0 0 0 0 0 97 0 0 0 0 77 0 0 0 57 13 0 0 0 0 0 0 0 0 0 71 4 32 0 0 0 0 0 0 0 0 65 31 0 43 0 0 0 0 0 0 0 65 0 0 0 0 0 0 0 0 0 0 0 0 31 0 0 0 0 49 6 0 0 0 0 34 0 0 0 0 0 0 5 0 0 0 0 0 0 0 0 0 0 0 0 95 0 51 0 0 0 0 0 0 0 0 34 0 0 0 27 0 0 0 0 0 0 0 0 0 0 0 0 0 0 0 0 0
0 0 0 46 13 0 0 0 0 0 0 0 0 64 74 0 0 0 85 0 0 0 0 0 10 0 16 0 0 0 18 28 79 56 13 0 0 0 0 0 0 0 0 0 79 0 0 43 0 0 0 0 0 0 0 0 0 45 91 27 3 0 0 74 0 0 0 0 0 0 61 0 47 0 0 92 0 0 4 0 59 0 0 0 0 0 0 0 28 0 0 23 1 0 0 0 38 0 0 0 15 7 0 0 0 0 0 35 0 0 0 0 0 20 0 0 0 80 0 0 50 0 0 0 91 0 13 13 0 0 0 0 0 0 0 87 0 0 0 0 0 0 0 83 0 0 0 0 21 10 0 0 89 0 0 9 60 0 0 0 0 0 62 0 0 0 0 0 0 0 0 28 0 0 0 0 0 0 100 1 61 0 24 70 0 0 0 0 0 90 5 35 0 0 20 35 0 0 0 13 0 37 0 0 0 0 0 0 94 0 0 0 63 0 0 0 0 0 0 0 0 14 0 0 0 0 85 88 0 0 38 0 0 0 0 62 0 0 0 0 31 0 0 6 0 0 86 0 0 0 0 0 0 0 58 32 66 22 89 0 0 0 0 0 0 0 80 0 0 0 97 0 0 99 0 0 0 93 0 0 0 0 0 0 0 0 79 0 92 0 0 0 0 0 87 0 37 45 43 0 0 0 0 76 0 22 30 0 0 0 0 0 0 0 0 9 0 0 0 0 0 0 0 0 0 0 0 0 0 0 41 0 0 0 0 0 0 95 0 0 48 0 20 0 0 0 50 2 0 0 0 55 0 0 0 0 0 0 0 0 0 0 0 0 0 27 0 0 0 0 0 0 0 0 0 0 0 0 0 0 0 0 0 0 0 71 37 63 0 0 0 0 52 32 29 0 0 0 0 0
0 0 0 0 0 0 0 0 0 0 0 21 73 0 0 0 0 0 42 79 0 0 0 0 0 4 0 0 25 0 62 0 0 0 3 0 0 78 38 100 0 0 0 0 0 0 0 0 60 0 0 0 0 0 0 0 0 0 0 0 0 0 0 0 0 0 0 0 0 0 8 0 30 0 0 0 0 0 0 46 0 0 0 7 0 0 0 0 0 0 0 0 0 0 0 0 58 0 0 0 16 0 0 15 12 0 0 0 0 0 0 0 0 0 0 0 0 0 100 0 0 0 0 0 0 0 0 0 50 0 72 92 32 0 29 0 0 0 0 80 0 0 0 92 0 0 0 0 0 66 0 0 0 0 49 0 0 5 0 0 0 0 0 0 0 0 0 0 0 0 0 13 96 0 0 0 0 95 0 0 10 62 0 0 0 0 0 66 28 21 0 0 0 0 0 0 0 31 0 0 0 44 0 0 0 0 63 0 100 0 66 92 0 0 0 0 0 0 0 0 0 0 0 46 0 0 0 0 0 51 0 0 0 79 0 0 8 0 0 0 0 0 1 0 0 0 0 50 0 0 12 0 2 92 0 0 0 0 0 0 0 0 59 0 0 0 0 0 59 0 0 75 0 30 33 0 0 0 0 0 37 0 0 53 0 42 89 0 35 0 0 0 0 0 0 0 0 0 0 0 0 0 0 0 87 0 10 0 0 49 22 0 0 0 38 0 0 0 0 0 0 74 0 0 0 0 92 0 0 0 0 0 30 0 0 0 0 0 37 34 0 0 0 80 0 0 0 0 0 0 74 17 0 0 0 14 0 68 0 0 0 0 0 0 0 0 0 0 0 99 0 0 0 0 0 0 0 0 3 54 0 0 0 0 64 0 0 49 0 0 0 0 0 97 72 0 0 89 0 0
0 0 0 0 0 0 0 0 0 0 0 0 86 0 0 71 0 43 57 0 84 49 58 58 0 0 0 0 0 0 56 0 0 17 0 0 7 0 0 0 0 0 0 29 0 74 93 0 0 0 0 99 0 0 0 0 81 0 20 0 50 0 6 0 70 49 0 48 0 0 15 0 0 0 0 0 0 0 0 25 0 0 51 21 0 0 76 0 85 0 45 0 0 0 76 0 0 0 0 16 0 0 0 0 0 0 0 0 0 0 0 33 0 0 0 0 0 56 0 0 7 0 0 0 78 0 0 0 0 0 21 84 45 0 64 0 0 19 0 0 0 0 0 0 0 29 0 0 12 0 0 0 64 52 0 0 0 0 65 0 0 81 0 0 0 78 29 0 0 0 61 1 92 0 24 10 0 1 65 0 0 99 0 0 0 0 0 0 0 0 58 0 0 0 0 0 31 0 0 0 0 0 0 0 0 0 0 0 24 0 0 0 1 68 0 0 56 74 0 0 0 0 21 0 78 0 0 0 0 0 22 0 0 0 0 0 0 0 0 0 0 0 0 0 0 0 0 33 0 0 0 0 0 0 0 0 0 0 0 0 0 58 37 18 0 0 0 0 0 93 0 0 0 0 0 71 0 11 94 14 0 0 0 0 0 0 0 0 0 0 7 0 0 0 0 0 0 0 0 0 0 0 6 0 0 0 0 0 51 94 43 0 0 0 0 0 10 0 0 0 0 0 0 0 15 0 21 0 0 0 0 0 72 47 0 46 0 0 0 67 0 0 0 0 0 0 0 56 0 73 0 0 0 92 0 0 0 40 0 0 0 0 29 0 36 23 0 0 0 25 0 0 0 0 0 0 0 0 0 0 0 0 0 0 0 85 0 14 0 0 0 0 0 0 0 0 0 0 0 89
0 0 0 8 0 0 0 0 100 0 0 89 0 0 59 0 19 55 0 0 0 0 0 0 0 0 0 87 0 0 27 0 0 0 18 0 0 0 0 0 64 0 12 60 0 0 0 0 0 0 3 0 20 96 0 0 92 0 7 0 0 0 0 11 76 0 0 0 0 0 0 0 0 0 18 66 0 0 6 0 35 0 0 0 0 0 0 0 70 0 0 0 0 0 59 0 72 44 0 0 0 19 0 0 0 0 0 0 0 0 0 17 0 0 0 0 36 0 0 0 0 0 0 0 0 0 0 0 16 0 0 0 0 0 0 0 0 20 0 0 0 0 0 0 0 0 42 0 0 0 0 0 0 0 0 0 0 0 70 36 34 0 0 0 0 0 0 61 0 0 73 0 0 0 86 0 18 0 46 0 0 40 0 0 0 0 0 0 0 0 0 0 0 0 0 0 0 0 0 0 0 0 0 34 0 0 87 0 0 11 0 0 0 70 0 0 0 94 0 48 0 39 0 0 0 80 0 0 0 0 0 0 80 3 89 0 0 0 0 54 0 0 0 0 0 0 0 0 95 0 2 0 0 0 0 43 0 0 0 89 2 98 0 0 0 0 0 51 0 0 0 56 0 65 0 0 0 0 0 0 0 83 0 0 0 79 0 35 0 0 0 2 19 0 0 0 0 69 0 40 27 0 0 0 0 0 67 47 0 63 0 97 0 73 0 0 0 0 0 0 0 0 0 0 0 31 0 55 0 0 0 0 39 42 28 0 0 0 0 44 0 20 0 0 0 24 22 38 0 0 38 0 0 0 0 0 0 0 0 0 0 0 0 0 0 80 0 0 0 0 4 25 0 0 0 5 28 0 45 0 74 0 0 0 0 0 0 0 61 0 0 0 0 0 34 0 0 0 0 0
97 50 0 58 0 0 0 0 0 0 0 0 0 0 20 26 30 0 0 0 0 0 0 42 47 0 0 82 0 0 26 0 0 0 0 0 24 0 0 0 55 17 0 0 0 41 0 0 0 0 0 86 0 0 0 0 0 0 0 0 80 0 0 0 0 0 0 0 0 69 0 79 0 63 0 1 12 0 0 82 0 0 0 0 52 0 0 0 88 0 0 0 0 0 84 0 74 0 0 0 0 0 0 0 0 0 0 66 0 0 0 0 0 0 0 0 69 0 80 0 0 0 0 0 0 0 70 0 0 0 0 0 0 0 0 0 0 0 0 15 0 0 0 31 0 0 13 1 0 0 0 0 68 0 0 0 0 100 0 0 0 0 0 0 0 0 0 0 0 75 0 0 0 88 0 0 0 72 0 0 23 0 0 0 22 25 0 0 0 0 0 28 0 0 0 0 51 0 0 0 0 44 77 0 0 0 0 0 34 0 0 0 0 0 0 96 54 0 0 0 0 0 7 0 0 0 0 0 0 62 0 19 0 0 0 86 26 34 0 92 0 0 0 0 0 0 60 0 0 0 0 78 0 0 0 0 0 0 0 0 0 0 0 0 72 95 0 0 0 0 0 8 0 0 0 0 0 0 0 48 0 0 0 0 0 0 45 21 0 59 0 0 0 0 0 0 97 0 67 0 87 0 0 0 0 50 0 1 81 0 44 93 0 0 51 0 0 0 0 0 48 0 54 0 81 31 0 0 0 0 29 0 0 48 0 0 0 0 0 0 0 0 63 20 0 0 0 0 0 52 0 0 0 0 0 0 0 10 0 0 0 0 0 75 0 0 0 0 0 0 0 0 16 0 70 0 0 0 0 49 90 0 54 0 0 0 25 0 19 0 0 69 0 0 0 0 0 0 0 0
0 0 0 0 0 0 0 0 0 52 34 0 0 0 0 0 0 79 0 0 0 0 0 41 0 15 0 0 0 0 0 0 33 0 0 0 0 0 0 32 0 0 0 0 72 0 77 78 0 0 0 0 0 0 0 0 0 0 8 0 0 0 0 0 0 0 62 0 0 0 87 9 0 0 78 0 0 0 0 0 11 0 95 0 0 0 0 0 53 60 17 0 0 69 0 0 24 70 50 0 0 0 33 0 0 0 0 0 0 0 0 70 0 0 0 33 0 0 0 0 0 0 0 0 0 87 0 0 61 0 0 0 0 0 0 0 0 0 0 2 62 0 17 0 0 6 0 0 0 0 0 62 0 0 42 0 0 0 1 0 0 0 10 0 0 0 0 63 86 0 0 42 0 0 0 96 0 0 36 0 0 85 0 0 0 0 0 0 81 0 0 0 0 0 0 4 0 0 0 0 0 0 0 0 0 0 0 0 6 0 87 0 3 0 62 0 0 0 0 73 0 0 0 0 0 0 0 31 37 18 95 0 0 0 0 0 0 0 32 0 92 0 18 0 0 0 55 0 0 0 6 0 0 0 0 0 0 0 0 35 88 40 0 0 0 20 50 0 0 0 0 0 0 0 0 0 0 0 0 0 55 0 0 6 0 0 60 0 0 0 0 0 0 17 0 0 0 0 0 0 0 53 0 13 0 0 30 0 0 0 0 0 0 0 0 89 0 0 0 28 20 76 0 0 0 0 66 0 0 0 0 0 0 0 0 0 0 0 0 0 0 0 0 49 0 0 0 99 56 0 0 11 17 0 0 10 0 0 0 0 63 11 0 0 0 0 0 0 43 16 86 0 0 0 0 0 0 0 0 88 0 0 0 88 0 0 53 0 0 0 0 0 34 0 19 66 0 46 0 0
0 0 0 0 0 0 0 51 7 0 0 0 0 0 0 0 0 0 38 98 0 0 0 0 0 0 0 0 0 0 0 0 0 0 0 12 0 25 62 40 0 0 0 0 0 0 0 55 0 0 0 0 0 0 0 3 0 0 77 0 0 0 0 0 0 0 0 0 0 0 55 0 0 0 0 20 0 57 0 0 0 0 0 0 33 0 79 0 0 36 0 0 0 90 0 6 18 0 0 37 0 0 17 0 0 33 0 0 0 0 0 0 0 0 0 0 0 0 69 49 0 0 0 0 95 0 1 0 0 50 92 32 2 0 0 0 0 0 0 0 0 0 99 96 11 36 0 48 0 79 0 0 0 0 0 56 0 0 0 0 0 0 56 9 0 0 0 0 36 75 0 0 0 0 0 0 0 0 0 0 0 25 0 0 0 0 95 0 0 0 19 0 0 0 0 0 0 0 66 0 59 62 0 0 0 0 41 0 0 0 0 0 0 0 14 0 47 0 15 0 0 0 59 0 0 0 0 33 0 0 0 0 83 0 0 89 4 0 0 0 4 0 0 0 0 74 0 33 0 0 0 0 0 0 0 0 19 0 0 0 0 0 0 0 0 6 0 0 0 56 0 0 0 99 0 0 0 51 0 93 19 32 0 96 83 0 0 77 0 0 0 0 0 0 0 0 0 42 0 0 0 2 0 54 0 64 0 0 0 0 0 0 59 56 79 0 0 0 0 0 0 0 0 0 0 0 0 51 0 0 0 0 0 84 24 67 0 0 0 74 0 72 0 42 33 0 0 0 0 0 1 62 0 0 0 51 59 69 0 0 47 0 0 0 0 34 0 72 0 0 36 57 35 0 0 0 52 0 0 0 0 0 0 12 0 76 63 0 38 83 0 0 0 52 0 0 0 0 0 0
0 0 0 0 0 0 0 66 36 84 0 0 0 52 0 0 85 0 0 79 0 0 54 0 0 0 58 0 24 7 99 0 0 0 0 0 74 10 37 0 88 0 0 0 0 49 0 0 0 0 0 0 0 0 0 0 0 0 63 16 0 77 0 0 0 0 0 0 0 0 0 10 0 0 22 0 0 30 0 0 0 0 0 0 0 0 0 0 0 0 0 0 9 4 0 0 0 0 0 0 0 0 0 0 0 0 0 0 0 0 0 0 70 0 0 12 0 0 0 89 0 0 0 35 0 13 31 0 0 0 0 98 0 0 42 79 0 0 0 0 0 0 100 0 0 0 0 0 81 8 0 0 0 23 20 0 0 0 0 37 0 0 66 0 11 25 0 0 31 79 0 71 0 0 50 0 0 54 0 17 86 0 60 0 44 0 90 0 0 0 0 9 0 0 0 21 0 17 0 0 19 0 0 98 0 0 0 0 13 0 0 0 65 0 21 0 43 62 0 0 0 0 0 0 88 0 0 0 0 0 0 0 92 0 0 0 0 0 0 0 83 79 64 85 5 0 0 0 25 0 0 0 15 19 0 24 77 0 0 0 0 0 0 0 0 0 0 0 82 34 0 5 0 71 59 0 0 20 0 67 70 0 0 29 0 0 0 24 0 68 99 0 0 0 0 0 0 0 0 0 0 51 0 26 0 0 0 0 0 0 88 0 0 0 0 0 0 0 0 50 0 0 0 24 0 0 94 0 0 0 0 0 0 0 0 0 90 0 29 90 0 0 0 0 0 0 0 28 10 0 0 0 67 12 0 0 0 0 0 0 89 82 38 0 64 97 0 0 0 0 0 38 0 0 0 0 0 0 7 0 0 0 0 0 0 0 0 0 0 0 0 0 0 0 0 0 73 0 0 17
72 7 0 93 0 0 0 0 81 65 0 77 0 0 0 0 0 93 0 72 62 0 0 0 0 0 0 0 0 0 0 0 75 0 0 0 0 0 0 0 0 0 0 0 0 0 0 0 0 0 0 0 0 0 0 0 0 0 0 48 0 0 0 0 0 0 0 0 0 0 0 0 40 96 0 0 1 63 0 0 0 0 0 36 0 0 0 0 72 0 78 0 80 0 68 60 0 0 0 0 32 0 0 0 0 34 0 68 0 0 84 0 0 0 61 0 76 0 0 0 0 90 0 0 96 0 0 0 0 82 25 0 0 89 0 0 44 0 0 0 0 0 0 0 0 0 18 57 0 0 18 0 0 0 54 0 0 0 91 82 0 27 0 27 0 0 0 92 0 0 13 0 30 0 0 66 0 0 0 37 0 0 0 15 0 0 0 98 0 42 0 6 0 0 0 0 0 0 22 48 0 0 0 32 55 55 0 27 0 0 0 0 37 0 0 0 0 67 0 0 0 0 0 0 0 0 0 0 0 56 76 0 0 23 89 0 0 44 0 30 0 5 0 35 21 0 0 0 28 0 0 0 0 0 7 0 0 38 0 0 0 0 0 54 0 0 0 0 0 0 0 0 99 0 77 0 0 0 0 0 0 23 0 15 0 0 0 0 50 0 0 0 28 0 65 0 0 0 0 0 0 0 0 0 0 0 0 0 0 0 0 31 25 0 0 0 0 0 90 0 57 0 0 0 0 0 0 9 60 0 0 0 0 0 0 0 48 71 0 0 0 0 0 72 0 0 0 0 77 0 0 0 0 0 0 0 0 0 56 0 75 0 98 0 90 0 0 13 0 100 0 0 0 0 0 0 0 78 0 0 0 0 0 0 0 0 0 36 0 0 88 66 0 0 66 0 0 0 0 89
0 0 0 0 0 0 44 0 0 0 38 0 95 0 37 0 0 0 0 0 0 83 0 0 0 0 0 0 0 0 0 36 0 0 0 0 48 0 0 47 0 0 3 0 0 0 47 0 19 0 0 0 0 0 0 0 0 0 0 0 0 0 59 0 84 0 14 0 0 99 0 0 0 0 0 0 34 0 0 0 0 0 0 71 0 0 0 0 0 29 0 0 40 0 0 0 0 0 75 29 0 0 0 0 0 0 9 23 0 27 90 0 4 0 0 0 100 0 0 0 0 0 6 0 0 45 81 49 0 0 0 0 0 0 0 0 0 0 68 0 0 0 0 0 0 72 0 0 0 0 0 0 0 0 27 0 0 40 68 70 0 0 0 0 0 0 2 21 0 0 0 0 0 59 9 19 0 0 0 0 0 8 0 85 0 0 0 0 0 39 91 0 0 0 72 0 0 0 23 0 0 57 0 0 0 0 0 0 0 0 0 0 11 0 0 0 0 0 100 0 98 0 0 89 0 70 0 0 0 0 83 0 0 0 0 0 0 92 0 0 0 0 0 0 11 0 99 14 79 0 0 0 46 0 0 0 0 0 33 0 81 0 47 0 31 0 0 0 0 0 20 0 53 37 0 0 0 0 0 88 0 6 0 0 49 0 0 0 0 0 0 0 0 0 0 0 0 21 0 0 0 28 18 24 0 0 16 0 0 0 66 0 0 0 0 0 0 0 0 68 0 0 42 0 92 0 4 0 0 43 0 57 0 0 0 24 0 92 0 34 0 0 0 0 49 0 0 0 0 77 0 0 0 0 69 0 0 0 0 13 0 0 0 0 0 68 0 0 0 0 0 0 0 0 0 0 0 52 0 8 0 0 0 0 0 0 0 0 0 0 80 0 0 33 0 0 0 8 0 0
0 0 85 0 0 71 0 0 71 0 34 0 0 0 0 0 0 0 0 0 40 0 0 33 0 0 0 0 0 0 0 10 0 0 19 0 0 0 0 0 0 78 0 0 0 0 0 0 0 0 38 0 0 0 0 47 0 0 0 66 0 0 72 0 0 0 0 0 96 0 0 89 30 47 0 0 0 0 0 0 0 0 0 0 82 93 34 0 39 0 18 24 0 0 67 13 0 0 0 0 28 0 0 27 0 0 100 0 58 23 0 49 19 0 96 35 31 89 0 83 0 5 0 44 0 58 0 0 0 0 0 0 76 61 0 0 0 0 85 3 0 0 0 0 0 0 61 1 82 0 53 25 0 2 0 0 25 29 42 0 0 0 0 8 0 72 0 0 0 42 9 0 0 0 0 91 0 0 0 0 47 0 0 0 0 0 34 0 0 81 0 0 53 25 0 0 0 95 0 0 0 0 0 0 0 0 57 0 0 0 7 0 0 0 0 0 0 0 88 0 0 0 80 0 98 0 0 0 0 0 21 0 17 0 0 0 8 0 0 0 0 0 0 0 48 0 0 0 0 0 87 87 0 0 0 0 0 0 0 0 0 0 0 0 0 34 0 0 0 0 0 0 76 0 0 0 0 0 0 0 0 0 0 0 51 99 0 65 0 78 0 0 93 91 0 78 0 32 0 83 0 0 25 0 0 0 0 0 0 0 0 70 0 0 0 0 0 52 0 0 0 0 0 0 0 0 65 13 0 0 0 0 0 0 0 0 0 0 0 0 0 46 0 0 0 51 37 7 0 61 0 0 0 34 0 0 0 0 0 0 0 46 83 0 0 0 0 42 0 82 0 0 0 98 0 0 0 93 0 0 26 58 73 0 0 0 24 80 0 0 0 0 8 0 0 0 0 0 0 100
0 0 0 0 0 0 0 0 0 29 67 0 8 0 0 0 0 27 0 9 36 0 20 32 0 0 0 0 0 0 35 75 0 20 50 0 25 0 0 0 0 0 0 41 0 0 0 0 0 0 83 0 0 0 21 96 0 0 26 0 0 0 0 0 38 0 0 0 20 0 0 0 0 78 0 0 0 0 0 16 87 0 0 0 0 0 0 87 0 0 0 0 22 0 0 74 0 0 0 0 0 0 0 0 0 13 81 0 0 0 8 0 0 0 0 0 56 93 0 0 0 0 0 0 0 0 79 0 0 81 0 0 0 0 0 0 76 0 0 0 0 38 0 0 63 70 0 0 0 0 0 0 0 0 0 71 0 0 0 0 31 0 0 0 45 50 0 20 0 32 12 0 0 0 0 0 0 0 0 74 0 0 50 0 0 0 0 0 0 1 0 0 21 0 88 0 0 0 0 0 0 0 0 58 81 0 0 0 0 0 0 73 74 0 0 0 90 0 0 0 0 36 0 86 0 19 0 22 0 12 0 0 0 0 0 0 0 0 0 26 0 97 0 0 0 0 0 0 0 0 0 0 0 0 0 0 0 0 0 0 36 0 0 0 0 0 0 0 0 0 0 0 0 0 0 0 0 88 0 0 0 0 0 0 0 0 0 0 0 0 0 0 0 56 0 18 0 73 0 0 0 25 0 0 62 40 1 0 0 87 0 0 0 0 0 49 0 0 0 0 0 0 0 0 0 0 0 79 79 0 69 0 8 65 0 0 0 0 98 51 0 77 0 12 0 0 0 0 0 0 0 0 0 0 49 0 0 0 78 0 0 0 12 0 0 61 0 0 0 94 0 0 0 9 26 0 0 0 0 0 35 0 0 0 0 0 0 0 0 0 77 0 95 0 23 0 0 0 0 0
0 0 0 79 0 0 40 0 0 0 0 0 0 0 0 26 18 0 0 0 0 0 85 37 0 8 0 0 0 0 0 0 0 31 85 0 0 30 69 0 0 0 0 0 0 0 96 0 13 75 0 0 84 0 0 0 0 0 24 0 0 0 0 0 2 81 25 63 0 15 0 0 0 0 0 0 0 57 0 0 0 0 43 0 0 0 0 0 0 0 0 0 0 0 39 10 0 0 0 0 0 0 0 0 68 33 0 0 0 7 0 0 0 95 35 0 0 0 0 0 43 22 0 0 47 0 48 80 0 0 0 0 0 0 0 0 0 0 0 47 0 0 0 0 0 0 7 84 0 0 0 83 0 51 0 0 0 0 0 0 0 0 0 0 0 0 0 0 0 0 0 0 0 0 0 0 0 0 0 0 0 1 0 0 96 0 0 0 0 0 0 0 0 0 0 0 3 0 0 0 0 0 0 0 0 0 93 39 0 0 0 0 0 0 0 0 0 0 40 0 0 0 0 16 50 0 0 94 0 0 0 0 0 77 23 92 0 0 40 0 0 2 0 97 0 0 0 0 0 0 94 0 0 0 0 0 70 0 90 0 0 0 0 0 11 0 0 0 55 0 0 66 49 0 0 0 0 0 0 12 0 0 0 0 0 24 59 0 85 76 31 0 0 0 0 0 0 0 0 0 0 0 30 0 25 96 0 0 0 0 0 11 0 0 0 0 0 18 0 0 0 0 65 31 0 0 0 0 0 27 0 0 8 29 0 0 84 0 70 38 0 0 0 0 0 0 0 65 0 0 33 0 0 0 0 0 0 0 0 0 41 0 0 0 0 0 62 0 0 0 0 0 19 100 63 0 0 0 0 0 99 99 71 85 0 5 0 0 75 0 0 26 0 0 0 81 0 0 17 0
0 27 0 0 0 38 0 0 0 0 0 0 0 94 0 0 0 0 0 0 0 0 57 0 0 53 3 0 0 58 3 0 0 0 0 0 0 51 0 68 91 33 0 82 69 0 0 0 0 0 0 0 0 0 0 0 51 0 39 0 0 0 31 0 30 55 68 0 0 0 0 0 0 0 8 12 0 0 0 0 0 0 92 0 70 0 20 11 0 9 68 53 0 91 51 0 0 0 0 0 45 31 0 0 0 0 0 0 84 0 0 92 93 0 0 0 99 0 0 0 0 0 0 0 0 0 0 0 0 0 0 0 29 0 0 24 0 30 0 0 0 0 0 0 0 0 0 0 16 34 0 0 0 0 0 0 0 0 0 82 0 46 0 0 86 0 0 0 73 78 7 0 0 0 0 71 0 0 0 0 0 0 39 0 84 0 0 0 0 0 0 0 89 0 0 0 22 0 0 50 0 65 71 0 0 0 0 0 0 0 0 0 19 0 54 0 100 0 0 0 0 0 0 0 9 0 0 0 28 0 0 52 0 0 0 0 43 99 0 0 0 0 0 0 0 0 0 2 0 0 74 0 36 0 0 87 0 49 97 0 0 0 0 0 0 11 0 0 0 0 0 0 0 0 0 0 0 49 0 0 0 0 84 0 0 0 54 0 0 0 0 5 0 0 0 0 0 58 0 0 0 19 47 0 0 0 0 0 0 0 10 0 0 0 49 0 0 0 0 0 0 0 0 0 0 0 0 72 0 0 62 0 0 0 0 81 0 87 0 0 0 0 0 0 0 12 0 32 0 0 81 72 0 64 0 0 0 0 0 0 0 0 0 0 0 0 0 0 0 74 0 0 75 0 0 54 0 0 0 0 0 0 18 0 0 0 0 79 0 0 0 2 59 0 0 0 0 0 0 0
0 0 0 0 0 0 0 0 0 0 0 0 0 0 0 0 0 44 82 0 0 64 61 53 64 56 0 26 46 0 0 6 0 0 0 88 0 0 0 0 20 0 84 49 0 0 0 0 83 0 20 0 0 0 0 0 31 11 82 0 0 17 0 0 0 0 0 40 0 0 0 0 77 0 0 0 0 70 91 0 76 0 0 0 0 88 0 0 17 48 0 0 0 0 0 0 34 0 0 0 0 55 69 0 84 54 14 0 0 0 0 0 72 72 0 0 0 0 0 0 0 0 34 0 99 0 0 0 0 75 91 0 0 0 61 0 0 0 77 0 82 0 28 0 0 0 98 0 0 0 0 94 0 0 0 0 0 0 0 0 56 0 0 25 93 0 0 34 0 93 0 0 0 0 64 0 0 0 0 0 0 0 18 0 0 63 0 95 0 0 0 0 0 85 54 0 69 0 0 61 0 0 0 0 100 0 39 5 0 0 0 0 0 0 0 0 0 84 83 0 61 0 61 0 0 0 0 0 27 0 0 0 0 47 33 0 0 28 0 0 0 0 0 0 19 0 0 69 60 37 0 0 68 0 0 59 0 97 18 0 0 0 0 0 0 55 0 0 0 27 75 33 71 78 43 62 0 0 0 0 0 0 0 0 6 0 67 75 0 0 0 0 0 92 0 35 9 0 0 12 21 0 0 53 0 46 0 90 24 0 0 0 0 49 0 0 0 0 0 0 0 0 0 0 0 0 0 0 0 0 0 0 0 0 0 0 14 84 0 0 0 14 46 0 0 0 0 15 18 0 0 0 0 0 0 0 0 0 0 39 0 0 6 0 34 0 0 0 0 89 80 0 0 94 0 0 0 0 88 0 60 0 79 0 73 0 0 0 0 1 0 0 0 0 0 0 0 0 0 0
0 0 0 95 0 0 0 0 0 0 89 0 0 0 0 0 50 0 0 0 0 0 0 0 0 0 39 33 66 17 0 45 0 0 0 0 0 0 0 0 0 92 0 0 0 0 0 0 0 0 10 0 0 72 0 0 0 100 0 0 0 0 5 0 0 0 0 0 0 51 0 0 0 0 0 0 0 0 41 7 0 0 61 0 0 0 0 56 0 0 0 0 0 88 28 0 0 0 0 0 0 59 0 0 0 0 0 5 0 0 0 0 0 0 0 0 0 0 0 70 0 0 97 0 37 30 0 0 0 0 78 0 0 0 0 0 0 0 0 0 0 0 40 0 0 40 0 8 100 0 13 0 0 57 0 22 0 0 4 0 0 0 61 20 0 0 0 0 0 0 0 0 0 99 0 0 34 0 0 0 0 0 92 0 34 25 32 0 0 0 0 0 0 0 0 0 0 100 0 0 0 0 0 94 77 0 0 0 0 0 96 0 0 0 0 0 0 0 39 0 0 0 0 0 0 0 0 0 0 0 0 16 0 0 0 0 0 0 0 0 0 0 77 0 0 0 0 0 61 0 79 79 0 0 0 0 46 0 94 0 27 0 0 0 0 0 0 0 31 0 64 80 0 0 0 35 59 47 0 0 0 0 17 0 0 0 0 0 0 0 53 0 0 58 0 81 0 0 30 91 58 75 0 0 92 0 96 0 0 0 0 0 77 0 0 0 0 0 0 0 73 0 52 0 0 73 0 0 30 0 73 100 0 0 0 29 54 88 0 79 63 0 0 0 0 0 0 3 81 0 0 0 0 0 86 0 0 0 0 0 0 0 0 0 87 52 0 0 0 0 41 0 0 0 51 0 0 13 27 85 0 38 0 0 19 0 0 0 0 92 0 0 0 0 27 0 48 0 72 0
0 50 8 0 28 94 76 33 0 86 0 0 0 0 0 28 0 66 75 0 0 66 0 0 0 0 97 15 0 0 39 0 0 0 0 0 0 54 0 0 0 0 54 73 72 0 0 0 0 52 28 61 88 0 60 0 47 0 68 0 0 0 0 83 0 57 0 0 0 0 0 0 0 0 0 32 0 0 0 0 0 0 0 0 0 0 0 0 0 0 0 0 0 75 0 0 0 0 0 0 0 0 0 0 0 0 0 53 12 42 0 33 0 0 0 0 66 0 0 0 10 0 0 5 0 17 0 0 0 0 56 0 0 0 0 4 0 13 0 0 0 17 68 0 40 0 50 0 16 73 0 0 0 0 0 0 0 0 0 0 0 0 0 0 0 0 0 0 0 0 0 0 76 0 0 0 0 0 0 0 0 0 45 0 0 0 76 0 0 0 0 0 97 95 8 72 0 0 0 0 0 0 0 0 0 0 0 0 79 0 0 0 0 0 0 0 0 43 0 0 0 0 0 0 0 0 57 94 3 0 0 0 0 72 0 17 0 0 0 0 0 95 0 0 71 0 77 67 0 1 0 0 0 3 0 89 0 0 0 0 10 14 0 57 66 0 0 0 11 0 30 0 0 0 0 0 63 0 0 0 0 18 0 0 0 0 0 39 0 54 0 0 0 0 0 13 0 0 0 0 0 0 72 0 0 0 0 0 0 0 69 17 0 0 0 0 0 0 0 0 0 0 86 85 0 0 0 0 0 0 89 0 0 45 0 0 0 0 0 0 0 5 0 0 95 11 0 42 0 0 0 0 0 0 0 0 69 68 0 0 0 48 0 0 0 0 55 0 63 0 0 28 0 85 0 0 18 0 0 0 0 0 16 90 0 0 0 53 0 0 0 30 0 0 0 0 0 41 0 0
0 0 98 0 0 0 0 0 27 23 37 28 0 0 0 56 0 0 0 4 0 0 0 0 0 84 0 0 0 39 0 0 77 56 0 0 0 0 0 0 0 70 0 20 0 0 0 0 3 62 50 0 0 0 0 0 0 0 93 65 0 0 81 0 0 0 77 0 0 0 0 0 2 0 0 0 0 0 46 0 0 0 0 67 58 0 0 0 0 31 0 0 0 0 0 82 0 0 0 0 0 0 0 0 0 0 0 19 0 1 0 81 0 0 0 0 28 0 0 0 34 0 0 0 0 0 86 0 0 0 82 14 0 37 0 19 0 0 0 75 0 0 0 0 0 0 0 73 0 0 0 0 0 28 0 32 0 0 0 0 0 0 0 0 36 0 0 0 0 0 0 0 0 0 0 89 0 0 45 0 0 0 0 0 35 0 0 60 0 0 19 0 0 0 0 0 4 0 54 0 78 0 0 0 0 0 38 0 0 0 0 0 0 0 0 0 0 0 27 81 0 0 0 0 0 0 0 0 0 0 0 0 0 0 19 45 0 0 0 0 98 0 0 0 98 0 0 0 0 0 24 0 0 0 50 0 61 0 42 0 0 0 0 0 0 0 0 0 0 0 63 0 95 51 26 88 0 0 0 0 0 71 97 0 90 83 0 0 0 0 0 0 0 0 0 0 0 0 54 60 0 0 0 0 30 0 0 0 83 0 0 0 0 0 0 0 0 0 0 0 0 0 0 0 0 88 0 50 0 3 0 15 0 17 0 0 93 59 0 0 0 0 0 0 0 0 0 0 0 0 0 56 0 0 0 0 85 0 0 87 46 43 0 0 0 0 98 71 0 0 0 0 0 0 0 44 0 0 0 50 0 0 0 0 71 0 0 0 0 0 0 0 0 0 0 0 0 0 0 5
0 0 0 0 0 0 88 0 0 0 94 0 0 0 0 0 0 0 0 59 0 0 0 0 0 0 0 0 0 0 0 0 0 0 0 0 61 96 0 0 0 0 0 0 0 0 0 11 0 40 0 0 0 27 8 6 0 0 0 0 0 45 0 0 5 0 80 0 0 94 80 0 0 0 0 15 0 0 0 0 0 87 95 90 0 25 0 0 0 0 0 0 0 9 0 0 95 0 0 0 0 0 0 0 0 84 73 0 44 0 0 0 0 0 0 0 0 0 0 75 0 19 0 0 0 84 0 0 0 0 0 0 0 0 0 0 0 11 0 0 0 0 54 0 0 100 0 0 0 0 0 0 0 0 0 85 39 0 65 0 0 0 0 0 0 0 0 0 0 41 0 0 16 0 0 49 0 0 0 0 0 3 0 53 0 0 0 0 0 0 0 0 0 67 8 0 0 0 0 0 0 0 0 0 0 0 0 39 0 78 87 0 0 0 0 0 0 0 0 0 0 43 0 14 0 0 0 0 29 0 0 0 0 0 0 6 0 0 0 39 0 63 0 48 0 0 82 0 0 78 22 0 0 0 0 0 0 98 0 0 0 0 0 0 72 91 0 0 0 0 0 10 0 0 0 0 43 14 72 0 73 0 0 0 0 0 0 0 58 90 15 61 0 7 0 0 0 0 86 0 0 41 0 0 0 0 0 0 0 0 11 0 0 26 0 81 0 80 22 36 71 0 8 0 0 0 0 0 25 0 0 0 65 0 0 0 0 3 0 0 0 0 0 61 0 0 0 0 0 58 22 0 0 0 0 0 0 82 1 0 0 0 0 0 0 0 0 0 0 0 0 0 51 0 61 0 0 0 11 38 28 0 0 0 4 16 15 0 0 0 12 0 0 0 0 0 0 0 0 20
0 0 0 33 0 90 0 0 0 0 0 0 33 0 0 0 0 0 0 0 61 0 0 70 0 12 0 0 0 0 0 17 0 0 56 0 65 0 21 0 0 0 0 0 0 0 0 42 0 0 0 0 54 0 0 0 76 0 30 5 0 57 0 0 0 0 0 0 0 0 0 6 0 74 0 0 98 0 53 0 44 0 0 0 0 0 0 0 0 0 0 0 0 0 0 0 0 0 0 57 0 73 0 0 0 0 85 0 0 0 0 0 0 0 0 0 0 0 0 34 50 24 0 0 0 0 0 40 76 33 0 27 0 66 86 0 0 0 0 0 90 0 0 34 0 44 0 0 0 9 0 0 0 0 0 0 38 0 0 0 0 0 0 0 20 27 0 0 63 0 0 52 81 91 0 0 90 0 0 0 0 74 0 5 0 32 0 0 0 76 0 0 0 0 0 0 0 0 0 27 0 22 6 0 60 97 0 62 0 0 0 0 0 0 0 0 41 0 0 0 11 2 0 70 0 0 76 85 0 0 0 0 0 0 47 20 79 0 0 0 0 0 8 0 0 0 0 0 0 0 21 0 0 0 0 35 0 0 93 0 0 3 0 0 0 0 0 0 98 0 0 62 0 0 0 64 0 0 0 44 90 0 0 0 0 0 0 0 0 0 0 2 66 0 0 0 0 0 0 44 0 0 0 0 0 0 15 0 0 54 0 27 0 0 0 68 32 61 0 0 0 0 0 0 99 21 0 0 0 0 0 0 0 69 38 0 0 0 0 42 0 0 0 0 58 0 0 0 0 0 0 0 0 0 0 0 0 0 0 0 64 0 0 0 61 0 0 0 0 0 0 0 0 0 77 0 67 40 35 0 0 25 0 0 0 0 0 0 0 46 0 0 0 22 0 0 0 0 0 0
0 0 0 0 0 0 0 0 0 0 0 0 0 0 34 0 0 0 0 0 30 62 31 0 0 0 24 55 0 0 0 0 0 0 47 0 30 0 0 0 0 58 28 0 51 0 0 0 0 0 0 0 39 0 0 0 0 18 0 52 0 0 5 0 46 0 0 0 33 0 0 0 95 0 0 0 0 0 0 25 69 0 0 34 19 0 0 72 0 0 83 0 0 0 0 80 0 0 0 0 0 0 0 0 0 0 10 98 0 0 0 0 0 0 0 0 0 0 0 0 64 0 0 0 0 25 91 0 0 0 0 0 0 0 0 0 0 0 0 0 22 0 0 0 0 0 0 54 0 0 0 0 86 0 0 0 0 0 0 0 0 23 70 0 0 0 0 0 0 0 0 0 0 0 0 0 0 0 0 39 41 75 31 68 0 0 0 0 0 0 0 0 0 0 79 0 65 0 0 0 40 0 55 0 0 0 0 0 0 0 0 0 0 0 0 57 0 0 0 0 0 100 0 0 0 0 0 90 0 58 0 0 0 0 0 0 53 84 20 0 0 0 0 66 0 12 0 0 0 0 72 0 0 0 0 0 11 0 83 0 0 9 0 0 0 52 0 82 81 59 0 0 0 0 0 0 23 3 12 93 0 0 0 0 0 12 0 59 0 0 0 0 0 0 0 8 81 0 0 0 27 0 0 26 0 0 0 5 0 0 0 0 0 0 8 0 36 0 0 0 0 0 0 0 60 0 0 86 64 0 45 0 0 0 0 0 0 0 25 0 0 0 41 0 0 0 0 0 0 0 0 0 0 0 0 0 0 0 0 0 0 0 0 12 0 0 0 0 0 0 30 0 0 0 0 0 0 0 85 0 0 0 0 0 48 0 0 2 64 0 0 0 0 0 0 61 81 0 0 0
0 0 21 23 0 33 0 0 0 0 0 56 0 0 0 0 0 0 0 0 0 11 0 0 15 0 0 0 0 0 86 64 25 0 99 0 12 0 0 0 27 0 57 0 0 45 0 0 0 0 0 0 0 0 56 0 21 0 45 0 0 0 0 49 37 0 33 0 13 0 0 0 0 0 0 0 24 0 91 0 0 0 0 0 0 0 0 0 0 15 0 0 44 0 0 57 0 0 64 0 27 0 0 12 64 0 0 0 0 100 59 99 0 0 0 0 0 0 37 0 83 0 0 0 0 0 0 0 0 0 0 26 0 0 21 0 3 25 0 15 0 74 54 90 0 0 0 67 30 0 0 0 0 81 0 0 19 0 0 59 0 5 12 0 0 96 13 0 0 0 0 0 89 1 0 68 0 0 0 0 0 0 26 0 0 0 39 2 0 0 0 54 0 0 74 81 0 0 0 0 0 0 0 0 0 0 33 71 94 0 0 0 0 0 0 0 0 0 0 0 38 0 0 0 27 0 94 0 99 53 0 0 0 0 0 0 17 91 0 0 0 0 0 0 0 0 0 80 0 0 6 50 0 0 0 0 0 0 75 75 0 0 0 0 0 0 0 0 0 61 0 0 0 0 0 0 0 0 0 0 75 0 0 7 0 72 37 0 72 0 0 0 0 0 12 0 61 0 0 0 0 0 0 0 0 0 0 0 0 0 0 0 0 0 0 55 0 0 80 0 0 0 0 0 0 0 0 0 86 0 0 0 59 0 0 52 0 0 0 3 0 52 0 0 27 0 0 0 0 0 0 0 39 0 0 0 0 97 70 0 0 0 0 3 91 96 0 0 0 96 0 0 0 0 71 0 62 0 0 0 0 0 0 47 89 69 0 0 0 26 0 0 30 0 0 0 0 0 0 0
0 0 0 0 0 0 0 0 0 24 0 60 97 0 59 0 0 57 0 18 0 0 0 0 0 0 0 0 0 47 0 0 0 0 0 0 34 0 0 0 0 66 0 0 0 43 0 0 0 0 0 0 0 0 61 0 0 97 0 0 0 0 0 0 0 0 0 0 0 80 82 61 0 0 0 0 0 0 0 45 0 0 0 11 0 11 0 0 0 0 0 0 89 0 0 0 85 0 83 0 0 66 0 0 0 0 0 0 0 0 63 0 18 0 59 0 81 0 0 0 0 18 0 56 20 0 0 0 0 0 0 0 0 0 0 0 83 40 0 0 30 0 0 96 0 74 0 28 13 0 64 0 0 88 0 0 0 17 0 0 64 0 17 0 0 0 0 0 46 0 0 0 0 43 0 0 0 7 0 83 0 0 0 0 99 0 0 0 21 0 0 0 0 21 0 63 0 7 0 0 0 0 19 0 0 0 0 0 40 0 0 0 73 0 0 0 0 0 0 0 0 0 3 0 4 0 0 94 0 27 0 99 44 0 70 0 0 0 87 67 0 26 0 0 74 36 0 98 0 0 57 0 0 0 54 0 0 0 0 0 85 26 0 95 0 0 95 0 0 0 0 0 0 0 0 0 75 0 0 0 77 0 0 0 0 0 0 0 0 1 84 0 85 87 0 0 0 0 0 0 28 0 0 57 16 0 30 0 35 0 0 0 0 0 0 0 0 0 0 0 0 0 0 0 0 0 0 0 0 0 0 0 0 0 0 0 0 0 0 0 0 0 0 7 79 0 0 0 0 0 0 0 0 0 0 0 0 0 0 0 0 0 0 0 0 0 0 0 0 0 0 0 20 40 0 35 72 36 0 0 0 0 0 0 0 0 0 0 0 19 0 0 100 48 1 71 0 0 0 0
0 0 85 0 0 75 0 0 67 0 0 0 0 0 0 0 0 61 36 0 52 0 4 26 0 0 0 87 0 0 0 53 0 0 0 0 0 100 0 0 0 0 0 0 0 0 51 0 61 58 0 0 0 62 0 0 0 0 0 0 0 0 0 0 0 0 0 17 0 0 44 0 94 80 1 0 83 0 0 0 0 0 0 0 0 0 0 0 0 90 100 0 0 0 0 84 0 0 0 0 0 24 0 0 0 0 69 0 0 74 0 7 3 0 0 0 0 0 0 0 0 0 0 0 0 53 55 0 27 0 64 31 50 0 0 0 0 0 0 0 0 0 33 0 0 0 0 0 0 28 0 57 0 75 0 0 0 74 0 0 80 0 0 0 0 0 0 14 0 0 19 0 0 0 44 34 0 0 0 0 0 0 0 63 0 0 0 0 0 0 0 27 0 37 59 87 8 0 93 0 0 0 69 0 100 0 0 0 0 24 0 0 4 0 0 0 0 20 87 0 0 7 0 0 0 14 0 0 49 44 44 0 0 0 0 0 0 0 0 0 0 0 63 0 28 0 0 0 0 18 10 31 0 27 0 12 0 31 0 0 0 0 0 0 0 0 0 0 38 87 0 26 0 0 0 0 0 0 0 83 0 0 0 48 0 40 0 0 0 0 0 0 0 0 0 21 0 68 0 0 0 0 0 0 76 0 0 0 89 51 54 0 21 31 0 4 1 0 90 26 75 0 0 0 0 0 0 0 0 57 16 0 0 0 0 0 30 70 0 0 77 0 0 25 0 0 0 0 0 0 0 0 0 0 0 0 20 0 46 0 0 0 0 0 0 36 78 0 0 0 0 0 0 0 0 0 0 0 37 0 0 0 0 0 0 47 0 0 0 0 29 0 0 0 0 38 0 0 41 0
0 46 0 0 0 0 63 0 0 81 0 0 42 25 0 0 0 54 0 0 0 0 0 0 22 0 0 70 0 0 0 0 6 0 3 0 0 9 0 0 0 0 0 0 91 0 0 0 0 0 0 33 68 0 0 0 63 0 0 0 0 0 0 0 0 0 16 0 0 0 0 0 0 0 0 0 0 0 0 96 0 79 0 0 73 0 0 27 68 93 32 0 0 61 50 0 0 0 0 0 71 0 0 0 30 0 0 0 0 0 31 0 0 0 0 0 0 0 2 0 0 49 0 0 0 0 0 0 0 65 77 0 0 0 0 56 0 69 0 94 0 0 33 0 0 56 77 43 31 0 21 0 0 92 0 0 62 0 0 65 0 14 0 0 0 0 0 0 71 54 0 0 0 0 0 0 0 0 0 0 0 80 0 0 0 0 0 0 0 0 0 49 0 47 0 0 7 0 0 67 0 0 0 0 0 0 19 0 0 0 0 0 48 0 0 0 0 4 0 0 0 48 0 46 0 0 0 0 0 0 0 86 11 75 0 0 0 0 0 0 89 0 0 49 64 0 0 0 0 0 0 0 0 0 0 0 0 0 0 0 0 45 0 0 0 0 0 0 0 0 0 0 39 0 0 1 0 0 96 0 0 0 0 0 0 67 0 0 88 0 0 90 0 90 0 0 0 24 0 0 0 0 0 0 0 100 0 0 0 0 0 0 0 0 0 0 14 0 0 0 78 89 80 0 0 97 0 65 0 60 0 0 0 0 0 34 47 22 0 0 92 0 95 53 9 0 0 0 0 0 0 0 91 0 0 0 61 0 0 0 0 0 65 0 0 0 80 0 0 0 0 0 90 0 52 0 0 0 0 0 0 0 0 0 0 0 0 0 0 63 0 0 0 89 0 0 0 0 0 0
0 0 0 0 0 0 0 59 100 0 70 0 0 81 0 0 0 75 54 0 0 7 0 0 7 0 0 0 0 56 0 97 0 0 0 0 27 0 0 0 0 0 0 0 0 0 0 0 0 20 0 0 0 0 0 0 95 14 0 0 87 0 0 0 0 0 0 0 0 0 0 0 0 0 0 0 0 81 0 0 0 0 25 68 0 0 0 0 0 0 14 14 43 0 0 0 0 80 0 0 0 0 0 0 0 0 0 0 0 0 0 0 64 0 0 0 0 0 0 0 0 0 0 0 45 0 0 0 0 18 8 0 0 0 0 84 0 0 0 0 97 0 0 35 0 0 0 0 33 0 0 0 0 0 0 0 0 0 0 0 0 0 70 0 0 30 0 0 0 0 0 21 0 0 0 0 0 69 0 0 0 0 0 84 0 0 0 0 0 0 0 0 0 92 30 0 78 0 91 0 0 0 0 0 49 0 0 0 0 0 0 0 0 0 15 0 83 0 37 16 100 88 0 93 0 0 0 11 0 0 41 0 0 0 0 0 0 54 0 95 0 0 13 0 33 0 0 52 0 0 0 0 93 0 0 27 0 0 10 0 5 0 0 28 0 0 0 0 0 0 0 98 0 0 0 84 0 66 0 0 0 9 0 81 0 0 48 0 0 98 52 63 0 0 74 91 0 0 0 53 0 0 0 54 0 0 0 0 42 0 70 0 0 0 81 0 22 0 0 0 92 0 0 0 34 0 0 0 86 0 0 0 0 0 0 0 0 96 0 0 0 41 0 0 0 0 0 0 0 0 0 0 0 0 0 0 0 0 0 99 0 60 0 89 0 0 23 0 93 1 0 0 0 0 0 4 0 14 0 0 0 0 0 34 0 0 0 30 0 0 0 18 0 0 0 0 83 0 13 0
0 0 0 0 0 0 0 0 5 58 0 31 0 0 0 0 0 56 0 0 0 0 100 0 0 0 92 99 0 65 72 0 0 0 0 27 0 0 0 66 0 17 0 0 0 23 18 0 0 18 37 0 0 0 80 0 0 0 0 0 0 0 0 0 37 54 0 0 11 0 0 0 0 0 0 0 31 0 0 59 37 0 23 0 0 0 0 0 0 0 1 0 0 19 0 0 0 0 88 78 0 80 0 96 17 0 0 8 0 73 86 0 0 0 0 0 0 0 0 0 0 55 14 0 53 30 33 89 68 0 0 0 0 0 0 0 3 0 0 0 0 0 8 0 0 69 0 0 0 0 0 0 0 32 0 0 0 63 0 90 0 0 78 45 0 0 46 0 6 60 0 0 96 0 10 0 0 0 0 65 0 0 2 41 0 42 0 0 0 0 0 0 0 0 0 0 0 0 0 0 0 22 0 0 0 0 0 0 40 0 0 47 0 0 0 0 0 49 0 0 0 0 0 28 6 0 0 0 0 0 0 0 98 0 8 0 47 0 0 0 0 0 0 0 0 0 0 19 0 0 0 57 0 0 58 0 0 0 64 0 44 0 0 0 0 98 0 0 88 0 0 35 0 50 0 0 0 0 0 0 71 0 0 53 0 0 0 63 100 62 0 0 0 0 0 0 0 0 0 0 0 22 52 0 45 0 0 53 0 78 0 43 11 0 0 89 57 0 0 0 30 0 0 0 0 0 1 34 0 0 8 15 0 0 0 0 0 0 0 36 0 0 0 0 0 0 93 0 0 0 0 0 28 0 64 0 0 63 0 0 0 0 97 0 0 0 38 0 0 40 23 0 87 20 0 0 0 0 68 0 0 46 18 27 0 0 0 57 99 55 20 39 0 29 0 0 47 0 0 0
77 0 0 53 0 94 0 0 37 0 0 0 0 0 95 0 35 0 0 0 93 0 0 0 0 0 0 0 0 0 96 0 0 0 0 0 0 0 0 0 0 47 0 0 18 11 0 57 6 0 0 0 0 0 0 0 0 0 0 91 0 0 0 0 0 17 0 0 0 0 34 0 13 0 72 60 0 0 81 0 26 55 46 77 0 96 0 0 0 0 0 0 0 24 0 0 35 0 0 0 0 0 12 0 0 0 0 0 0 0 50 0 0 8 0 0 0 0 0 0 0 0 0 0 0 0 0 0 68 0 0 0 0 0 90 0 0 51 0 0 47 83 0 0 0 64 0 0 49 0 0 0 0 0 0 0 0 0 0 0 24 0 0 0 0 26 0 0 0 0 0 0 0 0 0 46 0 45 0 0 71 0 0 0 0 70 0 0 0 0 0 64 0 0 0 0 11 0 0 24 0 0 0 95 0 0 93 35 0 0 64 0 0 0 25 0 19 0 0 0 0 0 0 0 0 9 0 5 0 0 0 0 0 0 0 0 15 0 0 0 0 0 0 0 0 85 0 0 0 0 0 0 22 0 82 0 0 0 57 0 0 0 0 0 0 66 0 0 0 0 0 0 0 0 0 60 0 0 0 21 0 0 0 0 100 77 60 0 0 83 0 0 13 0 92 0 0 0 93 0 0 86 71 0 0 0 23 0 0 0 0 0 25 0 0 0 0 0 25 0 0 0 0 0 0 0 0 0 69 0 0 19 0 0 0 0 0 0 0 42 0 0 0 0 0 0 0 0 0 0 93 61 0 94 0 0 0 0 0 69 0 0 0 0 0 0 0 0 98 0 15 0 0 0 0 100 0 0 6 0 43 0 92 0 0 0 0 0 0 0 0 0 0 0 0 0 0 0 0 0
0 0 0 0 73 0 0 0 0 0 37 0 0 78 0 63 0 0 0 0 0 0 0 0 0 0 0 0 0 50 0 0 0 0 0 14 0 0 0 46 0 0 0 0 82 5 0 48 0 0 27 0 0 40 0 45 90 0 0 40 0 0 0 40 0 0 0 0 0 0 22 0 0 0 0 25 42 45 92 0 0 0 83 25 76 94 0 0 0 0 0 0 0 0 0 49 0 0 18 36 0 0 64 0 0 12 0 33 0 69 0 0 0 3 0 0 0 0 0 0 38 0 69 0 31 0 0 34 52 0 0 0 0 0 86 0 0 82 0 0 0 0 0 42 0 0 16 0 0 0 70 95 0 23 0 0 0 22 93 0 0 0 0 0 0 51 0 0 0 38 0 0 0 0 0 0 39 0 0 0 0 0 0 0 0 2 9 0 0 0 51 0 28 1 0 0 14 51 0 68 0 0 0 0 0 0 0 46 0 0 0 0 0 46 0 43 0 0 41 0 0 0 53 0 0 56 66 0 0 0 63 77 0 0 0 0 0 0 81 0 0 0 0 0 0 0 0 7 0 71 0 0 0 0 96 0 0 0 0 0 91 27 0 0 0 0 0 0 0 0 48 0 52 0 0 34 93 0 0 0 0 0 0 0 0 0 51 0 0 0 0 0 0 0 0 0 0 0 60 0 1 0 29 0 3 42 0 0 0 0 0 0 0 0 0 0 0 0 0 0 94 0 0 0 0 0 24 26 0 0 0 0 76 0 0 0 47 0 17 58 0 0 0 15 0 0 0 0 67 43 0 0 16 40 0 51 49 0 0 0 35 0 19 0 0 0 0 0 14 0 69 55 0 0 0 13 0 0 92 0 0 0 18 0 0 0 0 99 0 0 0 0 0 0 0 100 0 0 0 0
0 0 0 0 0 0 55 0 0 0 0 0 0 0 67 0 72 0 0 0 0 0 0 0 0 0 0 0 0 37 85 0 0 78 0 0 0 0 0 0 0 72 0 0 0 0 0 48 0 0 0 0 0 0 88 0 0 0 0 0 11 0 0 0 0 0 0 0 51 0 0 0 0 0 0 85 0 0 0 45 0 0 0 63 0 51 16 0 0 0 0 0 0 25 88 0 0 46 33 23 0 4 0 0 0 0 0 0 78 0 0 71 0 0 33 60 0 0 0 0 0 0 12 0 0 83 0 0 62 0 0 0 0 0 0 0 0 0 0 0 0 0 0 0 0 80 0 0 99 33 0 74 0 0 0 63 0 0 21 0 0 0 92 0 51 0 0 0 0 21 0 91 0 0 0 34 0 77 0 75 0 0 0 91 0 25 82 0 0 9 0 0 0 0 0 0 0 56 77 0 22 0 95 0 0 0 0 0 28 0 0 0 0 0 93 58 0 81 23 0 0 59 0 0 0 0 15 0 0 0 0 0 0 0 0 0 0 0 0 0 30 40 0 7 0 0 0 0 0 0 0 0 0 0 69 3 0 0 0 0 32 0 0 0 0 88 0 14 0 0 4 0 0 0 0 5 0 0 0 0 55 0 88 26 0 0 18 0 44 0 90 0 0 0 0 59 0 0 0 0 63 0 0 0 0 0 73 0 0 40 54 0 0 0 0 0 0 0 0 44 72 0 0 0 0 0 0 0 0 29 48 0 92 0 0 36 6 0 0 92 0 43 0 0 21 0 3 0 0 0 0 0 0 0 0 26 0 0 0 0 1 6 0 21 99 0 0 0 0 23 36 0 0 0 0 0 98 0 0 0 0 0 0 100 0 0 0 0 0 0 14 0 0 0 0 0 0 0 0 0
84 3 100 61 0 0 41 0 0 100 0 0 0 0 0 0 57 80 0 0 0 85 0 80 20 0 0 0 0 0 0 0 0 0 0 0 0 0 31 0 0 5 100 0 44 96 84 0 0 0 0 0 0 0 42 69 94 17 0 0 75 0 0 81 0 0 65 0 0 0 28 0 0 0 0 84 0 0 0 0 71 0 14 0 0 90 0 0 2 0 0 0 0 0 98 0 0 0 0 0 7 69 0 0 0 0 0 0 0 0 0 0 81 0 0 0 97 0 0 0 0 86 0 0 0 0 53 0 19 0 0 0 0 0 60 0 0 14 0 0 75 0 0 0 0 23 0 0 0 66 0 48 79 0 0 44 0 0 0 0 34 0 0 0 0 60 0 0 0 0 0 0 0 0 38 0 0 10 0 0 0 0 0 33 13 99 0 0 90 0 0 0 0 0 0 0 0 37 0 0 27 0 0 0 0 4 45 0 0 0 39 41 40 0 0 0 0 0 13 0 0 0 0 58 0 0 0 92 0 0 0 0 22 0 0 0 0 16 0 0 98 0 0 0 51 14 0 0 0 0 0 36 0 86 0 0 0 0 86 0 0 0 0 0 0 0 0 0 0 0 0 0 0 0 0 0 0 0 0 0 0 48 0 62 0 0 0 0 0 0 0 0 46 0 0 0 0 0 10 0 43 0 0 0 83 0 16 51 0 56 0 0 89 0 0 0 0 0 0 0 3 50 0 16 9 58 0 13 0 0 0 0 39 0 70 0 14 0 56 0 45 53 65 0 42 0 0 0 0 0 0 0 15 5 0 0 0 0 0 1 0 33 0 90 0 0 0 0 0 0 53 99 0 0 0 0 0 59 0 0 0 0 0 0 32 53 0 0 0 13 0 0 0 0 0 0 0 95 43 0
0 0 0 0 0 0 0 0 0 0 0 0 0 0 0 0 87 0 0 0 91 54 93 0 0 0 0 0 48 0 0 0 0 0 76 0 0 0 62 72 0 0 0 0 0 0 0 33 20 8 24 95 0 0 0 0 17 0 94 0 0 0 0 9 0 0 0 0 0 0 42 40 0 0 0 34 0 0 0 47 75 9 0 0 0 0 0 3 18 40 0 0 0 0 38 0 0 0 0 0 53 0 0 0 0 38 0 0 0 0 0 0 77 0 0 0 0 0 50 37 0 0 0 0 0 0 0 0 0 0 0 0 0 0 75 0 0 83 73 0 0 0 0 0 29 0 0 0 0 0 0 22 0 0 0 0 0 0 27 7 0 0 76 15 0 0 0 41 69 0 0 0 0 0 0 16 46 0 0 61 0 0 0 0 12 76 0 14 0 47 0 0 0 0 0 2 0 25 0 36 0 0 0 38 0 0 0 0 0 0 33 31 0 0 0 0 0 0 11 0 0 45 83 91 0 0 98 0 0 64 0 0 0 0 23 0 0 88 0 0 0 96 0 0 0 0 0 0 0 0 0 0 0 0 50 0 0 0 0 91 0 0 32 0 26 0 0 0 0 0 0 0 43 0 0 0 0 3 0 0 0 64 0 18 0 0 0 0 0 0 0 0 0 98 0 0 91 0 0 0 75 0 0 0 0 63 0 54 46 0 0 0 0 0 0 0 0 31 0 73 0 1 0 0 0 0 0 0 0 0 0 0 0 0 0 0 0 0 0 0 0 0 0 31 0 0 68 0 0 69 0 7 0 0 49 0 0 10 0 0 0 0 0 0 0 0 0 16 25 0 87 0 0 0 0 0 0 0 63 8 0 90 0 0 0 39 0 12 0 0 0 43 0 0 0 0 66 0 0 0
0 97 0 0 0 0 18 0 61 0 0 0 0 0 0 94 0 0 0 0 0 27 0 0 7 0 0 0 68 0 16 0 0 0 0 0 0 51 0 6 2 0 63 10 0 45 32 73 0 0 0 0 0 0 0 57 0 0 0 0 0 0 0 71 0 0 0 0 0 0 53 0 0 0 0 0 11 0 0 0 0 95 0 0 0 0 0 24 0 91 88 0 0 98 0 0 0 0 0 0 0 8 0 0 0 0 58 0 0 0 0 0 0 0 0 0 71 71 0 0 0 0 62 0 0 0 0 0 0 0 0 0 0 77 0 0 0 0 0 0 0 94 0 0 0 0 0 0 0 0 0 0 0 72 0 0 0 0 0 0 0 0 0 0 0 0 0 0 0 0 0 57 0 0 72 0 37 16 0 48 0 42 0 0 0 64 0 0 0 0 0 0 73 0 0 0 0 0 49 0 0 0 0 47 0 0 0 0 0 0 0 0 0 0 0 0 0 0 93 0 84 0 0 0 0 0 5 0 33 30 79 85 0 67 68 0 83 0 0 73 0 0 0 0 41 0 0 0 71 75 0 0 0 0 0 0 0 95 0 0 80 0 84 87 19 75 0 0 80 0 0 0 18 0 0 82 0 0 0 47 0 0 99 0 0 0 0 0 0 86 0 40 71 0 0 0 0 68 100 0 0 0 0 0 0 0 0 0 0 0 0 0 0 48 0 0 0 47 0 30 0 0 0 0 0 47 0 0 0 0 10 0 0 68 0 0 38 0 97 16 0 0 0 97 0 100 2 4 73 0 0 0 0 0 0 0 9 60 48 19 0 0 0 11 0 0 0 0 39 0 0 0 0 0 0 0 16 0 34 0 0 11 0 0 95 15 0 0 0 0 0 51 0 0 0 21 25 0 0 59
0 70 0 85 0 0 88 70 0 7 95 23 0 0 81 0 35 0 58 40 0 0 95 32 58 0 30 0 0 0 0 0 0 0 0 0 0 0 19 0 0 75 0 0 0 0 0 0 0 0 0 36 0 0 0 0 0 0 0 45 56 31 86 0 0 0 0 0 0 0 73 0 0 28 77 0 0 0 0 0 0 0 75 0 0 30 0 18 0 0 48 0 4 0 0 0 0 0 0 93 0 0 0 0 0 0 0 84 46 0 0 0 0 0 0 0 0 0 0 11 0 0 0 58 85 79 0 81 0 0 41 0 0 0 81 0 0 64 0 0 0 0 0 0 0 0 0 0 0 0 0 9 0 0 0 0 0 100 0 0 0 0 0 0 0 0 39 0 0 63 0 0 0 34 0 0 79 0 0 0 0 0 0 0 0 0 40 0 88 0 16 0 0 0 74 25 0 0 0 10 0 65 0 0 0 0 0 0 0 0 67 0 0 0 0 0 0 9 0 0 0 0 0 0 0 0 0 0 0 0 93 0 15 60 0 0 5 0 0 0 3 0 0 15 0 0 0 0 0 0 0 0 0 0 0 0 0 69 0 21 0 10 0 0 0 0 0 0 28 0 0 0 0 0 89 75 0 0 0 0 0 0 0 57 0 47 0 0 0 0 27 0 0 0 0 0 0 0 0 0 0 99 0 72 0 0 0 0 0 3 0 0 0 0 0 0 0 0 0 0 62 0 0 0 0 0 79 0 0 0 97 0 86 80 0 0 0 93 47 0 0 33 0 0 0 0 58 0 40 19 0 0 0 0 0 0 0 44 0 0 0 0 20 9 0 0 0 19 0 0 0 30 27 15 0 0 0 0 0 5 0 0 0 0 0 0 0 0 0 0 0 0 0 0 3 0 0 0 67 0
0 0 0 0 0 0 0 77 0 0 0 0 0 0 0 49 0 0 0 41 0 0 0 0 0 0 0 0 0 0 0 0 78 0 0 62 0 0 0 0 68 52 0 0 0 0 0 0 0 0 76 0 0 0 11 0 0 26 0 0 0 0 15 87 0 0 0 0 0 84 0 0 47 0 0 0 0 0 70 19 0 0 0 18 1 0 0 0 0 0 0 0 0 0 0 89 0 0 45 0 0 0 0 0 0 84 52 0 0 0 0 0 94 3 0 35 0 60 0 0 0 0 0 63 0 0 72 0 0 0 0 85 0 0 0 0 0 0 0 21 0 49 0 60 53 0 55 15 0 0 0 0 0 0 0 0 0 0 0 56 23 0 0 0 0 0 0 2 0 64 0 0 19 43 0 0 0 0 0 0 0 47 27 0 0 56 0 0 0 0 98 0 0 45 10 0 0 0 0 0 0 0 12 0 76 97 48 0 0 0 0 32 0 0 0 0 0 0 0 0 7 0 0 36 46 0 0 0 0 0 0 10 52 0 0 0 0 0 46 0 0 0 39 0 0 23 90 0 0 0 0 0 0 0 0 29 0 99 0 0 0 0 0 65 0 0 17 36 95 0 51 0 0 97 0 64 0 0 0 0 0 0 0 70 0 0 0 66 86 0 0 0 0 59 11 81 0 34 0 35 58 0 0 0 0 0 0 65 0 0 0 0 0 0 0 0 9 0 0 0 0 32 0 18 71 0 47 0 77 0 0 62 0 0 0 0 0 0 57 78 0 0 92 0 42 0 62 0 0 0 0 84 0 0 0 0 0 0 0 0 48 0 0 0 0 0 0 0 0 0 0 0 0 67 0 0 23 0 0 57 0 0 0 0 17 0 97 24 0 0 0 0 0 0 0 0 0 0 0 8
0 0 0 0 0 0 20 0 0 0 86 0 0 0 0 73 0 0 0 0 0 90 0 87 0 0 0 32 0 54 0 0 58 0 0 0 0 0 0 0 0 63 0 94 0 56 0 0 0 0 1 20 71 0 0 33 0 13 0 0 63 0 0 0 0 0 17 0 0 0 0 0 0 0 0 0 0 35 0 0 0 0 0 0 86 0 0 77 0 50 25 0 0 32 0 0 0 26 0 0 0 0 34 0 0 0 0 0 76 40 0 0 0 0 0 0 0 0 0 0 40 18 0 99 0 0 8 74 0 0 0 66 0 0 47 0 0 0 0 0 0 0 0 0 0 0 0 0 0 0 0 58 27 0 0 0 0 20 60 0 0 0 0 0 0 58 30 0 0 0 0 0 0 0 0 0 0 0 0 0 6 0 0 0 0 0 40 56 0 21 93 0 0 0 0 0 0 0 0 34 0 0 20 0 0 0 0 0 10 0 0 0 0 0 79 97 0 60 0 0 0 0 0 19 0 61 0 50 0 0 0 0 74 0 71 0 0 0 28 0 0 0 13 0 28 0 0 0 0 0 42 33 88 3 41 0 0 0 0 46 0 0 0 0 53 0 0 0 0 51 3 0 0 0 15 18 21 0 0 0 0 0 5 0 58 0 0 0 0 0 91 0 51 0 0 0 0 0 0 0 0 0 54 0 0 0 0 0 0 0 0 0 57 0 0 23 95 0 0 0 0 0 0 0 96 0 0 34 0 0 0 64 0 0 0 0 0 45 0 0 22 68 76 91 36 57 0 0 0 0 0 61 36 0 0 91 0 0 0 0 0 0 14 0 0 71 0 0 26 100 0 0 0 0 0 0 0 0 0 0 0 0 0 0 0 0 0 5 0 93 0 0 0 0 0 0 0 0 87 0
98 40 0 0 12 0 46 0 0 0 0 0 0 0 13 0 0 0 0 0 15 0 0 61 0 0 0 0 10 0 0 0 0 0 96 20 0 0 0 0 0 0 0 0 6 0 0 0 0 0 28 0 0 0 0 0 0 82 33 0 0 0 0 0 0 0 54 0 0 0 0 0 0 66 0 0 0 0 15 0 0 0 0 59 0 0 0 0 0 61 0 14 61 0 85 33 0 34 22 23 0 0 0 0 66 69 0 0 0 0 0 9 74 0 0 0 79 0 0 37 63 0 0 33 0 0 0 0 0 0 0 33 0 51 30 0 10 64 0 94 0 53 0 78 0 45 0 0 0 0 34 0 0 57 0 67 0 91 0 0 0 0 65 0 0 0 0 0 0 0 0 0 0 71 0 88 0 44 0 0 95 0 84 0 52 0 0 0 68 5 0 0 0 0 0 0 0 0 0 0 0 91 0 0 0 0 13 0 84 0 0 0 85 0 0 0 88 0 0 0 0 0 81 0 0 31 0 0 0 0 0 0 0 42 0 0 42 0 65 0 0 0 81 0 60 0 0 0 0 0 93 0 0 0 0 0 0 60 0 24 38 0 0 82 0 23 0 0 0 36 0 0 0 0 34 4 52 74 39 0 0 0 0 9 23 0 0 0 0 0 0 68 33 0 0 0 63 98 0 0 49 87 25 1 0 64 5 0 0 0 0 13 0 0 0 0 0 0 0 73 0 0 0 0 0 0 0 0 0 0 40 0 0 0 0 0 0 0 0 45 0 5 80 0 0 94 2 58 100 0 0 0 90 0 0 0 35 0 0 0 0 0 0 0 0 98 0 5 0 0 0 0 51 53 0 0 0 68 0 80 0 0 0 0 0 0 0 0 0 0 0 0 0 0 0 0 0 0 0 0
42 0 0 0 0 0 0 0 0 35 0 0 0 0 0 0 83 0 0 0 0 0 0 59 1 0 0 0 0 0 0 0 0 0 0 0 0 0 0 0 0 0 0 0 73 0 0 0 0 14 0 0 0 0 0 0 0 0 0 0 0 0 0 0 0 0 11 86 0 0 0 0 0 34 0 0 76 0 0 0 95 0 50 0 0 0 0 0 0 90 0 0 0 0 0 0 43 0 0 0 0 0 0 0 85 0 55 61 72 0 0 0 29 15 0 0 0 0 0 0 11 18 0 56 0 54 0 0 0 0 0 0 87 0 0 0 63 58 90 0 41 0 0 0 43 0 0 0 0 54 0 54 0 84 0 0 0 15 0 0 98 69 67 0 0 0 37 0 0 0 61 0 23 35 43 0 78 0 0 0 75 0 70 0 36 35 0 69 0 40 0 0 0 63 0 0 0 0 0 0 0 0 72 0 0 65 0 0 0 0 0 33 0 0 0 31 0 0 0 0 0 0 0 72 0 0 97 0 79 0 0 98 96 55 0 0 0 0 0 0 0 0 0 96 0 0 0 0 92 0 0 0 0 0 0 0 69 0 0 0 0 0 0 0 8 0 0 0 87 0 0 0 0 0 0 0 0 0 0 0 42 0 0 69 0 0 0 53 94 0 0 0 0 51 64 0 61 0 96 53 0 50 0 0 0 0 0 0 0 48 0 0 0 72 24 63 0 0 0 0 0 0 0 0 5 0 0 0 0 0 75 0 18 0 0 0 0 81 71 0 0 0 0 0 0 0 0 0 0 0 0 0 88 0 0 0 99 20 25 0 0 0 0 0 0 26 20 39 0 22 0 0 1 49 0 0 0 0 0 0 0 0 8 67 0 0 0 0 78 0 0 0 0 74 14 65 0 0 12 0
33 32 0 0 0 0 0 0 72 0 0 0 0 0 0 54 0 0 0 0 33 0 41 0 0 0 0 0 0 0 0 0 0 0 0 0 81 25 68 0 53 0 0 0 0 26 59 0 0 0 0 0 0 0 0 82 0 0 0 0 51 0 74 0 0 0 15 0 96 0 16 0 23 0 0 0 0 0 0 0 0 0 0 0 0 0 0 0 0 0 67 0 0 0 12 36 2 0 0 0 0 0 0 0 0 0 0 0 0 0 97 98 59 64 65 0 79 26 0 0 0 0 0 0 0 0 90 34 0 0 0 0 0 0 0 61 0 0 32 0 0 0 0 0 0 0 0 0 0 69 28 0 0 0 0 0 0 91 64 0 0 0 0 95 0 0 0 92 0 0 15 0 8 0 0 0 0 0 46 0 0 0 0 0 0 12 90 0 0 0 0 0 0 0 35 60 0 0 0 0 5 0 0 35 0 0 0 0 0 0 0 0 0 0 0 0 0 0 0 29 0 11 0 0 0 0 0 0 0 0 0 0 31 0 15 0 0 0 56 0 54 0 47 0 0 0 0 0 0 8 0 0 18 0 0 0 0 86 0 96 0 66 98 57 0 75 0 0 0 3 43 0 83 0 0 7 61 0 0 0 0 30 0 100 0 0 0 80 0 0 0 20 0 0 0 0 0 53 0 0 43 0 0 93 47 0 0 0 0 0 0 0 0 0 0 0 0 0 0 0 0 0 0 86 0 0 88 0 0 0 0 0 0 15 81 0 0 0 0 0 0 0 0 0 45 53 0 83 0 0 30 0 25 0 45 0 0 0 0 0 0 0 0 0 0 0 0 83 0 44 49 0 0 0 0 0 0 0 0 50 0 0 93 0 0 55 0 0 0 57 27 0 0 97 22 0 61 0 0 0
0 0 21 100 0 0 0 0 0 24 0 0 0 0 0 0 0 0 0 0 0 0 0 0 0 0 0 0 94 0 0 0 19 0 0 0 0 0 0 0 0 0 50 0 0 0 0 0 0 0 0 37 0 0 0 0 97 0 0 0 0 0 0 53 99 97 0 31 0 0 0 38 0 79 0 0 43 88 100 13 0 14 0 0 86 0 0 31 0 29 0 2 73 51 0 0 0 0 0 0 73 0 0 0 0 77 0 0 0 0 0 0 0 0 0 94 60 0 27 0 0 0 13 84 0 0 0 0 0 0 19 0 65 0 0 0 0 0 0 76 0 0 0 71 0 0 93 0 0 0 0 19 0 0 0 0 0 54 0 0 0 0 0 0 0 0 0 0 0 0 58 0 0 91 8 90 0 0 0 0 0 0 3 0 0 0 96 0 0 0 0 0 0 0 55 0 0 91 0 0 0 0 0 100 0 0 0 0 0 82 0 3 0 0 0 0 0 0 0 0 0 67 37 0 0 0 0 0 54 48 0 64 0 0 0 5 0 0 0 46 0 0 0 0 88 74 0 0 99 0 0 0 0 0 0 0 0 0 0 80 30 0 0 0 0 0 0 99 10 33 0 0 0 0 42 0 0 0 0 0 0 0 0 0 0 95 0 42 0 0 0 0 0 60 0 40 0 48 0 0 15 0 0 0 0 0 87 0 0 64 0 0 12 0 70 4 69 15 32 0 0 53 0 0 14 0 0 0 0 0 0 0 0 54 0 0 0 69 50 0 0 10 83 0 0 0 0 0 35 36 0 0 0 0 100 0 0 0 0 0 0 34 0 0 0 0 0 19 0 0 0 0 0 0 0 0 0 0 0 0 0 0 3 0 0 0 0 0 0 0 70 0 55 97 0 48 0 12 0 0
64 29 0 0 2 0 66 0 0 0 0 0 13 0 90 0 0 0 0 19 22 0 0 57 0 52 0 0 0 0 0 96 0 0 0 0 0 0 0 30 0 97 0 43 22 0 8 0 0 71 0 0 0 0 0 66 0 0 0 0 0 0 0 0 0 0 0 0 0 0 0 0 0 0 0 0 0 0 92 0 0 0 0 0 0 0 0 0 0 68 0 0 0 0 0 99 0 0 0 0 0 0 0 0 0 0 0 0 0 66 0 0 0 0 0 88 89 0 0 67 0 39 0 97 0 0 0 62 0 50 36 0 0 0 0 30 0 0 0 0 54 0 0 0 0 0 0 0 53 15 46 0 0 0 69 0 0 0 0 0 23 19 0 89 0 29 0 40 11 0 0 36 0 0 0 56 0 0 47 42 0 0 0 62 0 0 55 20 0 0 0 0 0 0 0 13 0 77 0 81 0 40 0 0 0 0 0 54 0 0 40 0 0 0 0 0 0 0 13 0 0 0 0 0 0 0 0 0 0 0 74 0 0 98 0 0 83 0 0 0 0 0 0 0 60 54 0 0 0 13 0 45 0 0 80 54 0 22 0 0 0 0 18 0 0 73 0 0 18 0 0 0 0 3 0 51 16 0 0 0 6 98 0 0 58 0 7 0 0 0 26 0 0 55 0 15 73 0 0 0 0 0 0 0 16 0 0 21 0 0 0 0 0 0 0 0 0 67 0 24 0 0 0 15 0 0 0 0 43 0 0 0 0 0 0 0 0 68 76 81 67 52 0 41 93 0 0 0 0 46 0 0 0 0 88 0 0 0 0 0 0 0 0 0 0 0 0 0 0 0 8 0 0 0 0 0 0 35 0 82 0 43 0 0 76 0 0 98 0 0 91 0 0 0 0 0 74 88 44 0
0 17 76 54 0 0 0 0 0 0 0 0 0 0 0 0 0 84 0 7 49 52 0 61 93 23 0 0 0 64 0 0 0 0 0 69 0 0 0 46 0 0 75 0 0 0 0 0 0 0 64 99 22 0 94 0 69 0 0 0 0 0 0 0 0 16 0 0 0 0 0 0 0 88 95 0 0 72 51 52 0 0 0 0 94 0 0 0 0 0 72 0 0 0 0 0 0 0 0 0 0 0 0 9 0 78 0 0 57 0 0 28 0 71 0 0 17 0 0 0 0 14 0 0 62 35 0 41 0 0 0 34 0 82 0 20 0 10 0 0 0 0 0 0 0 0 54 0 0 56 0 53 0 0 0 84 0 18 0 52 0 0 0 0 0 0 11 0 0 0 0 0 0 47 0 0 0 0 0 0 81 0 0 22 0 0 0 0 0 0 0 0 0 95 0 60 0 30 40 0 0 0 95 0 0 2 0 0 0 57 12 0 0 0 0 0 0 0 0 0 0 86 0 0 0 0 0 0 44 0 0 0 8 96 0 0 0 0 0 0 0 0 0 0 0 0 0 0 0 0 0 0 0 0 0 80 0 0 0 0 0 0 0 40 0 0 8 0 0 0 0 97 13 0 0 0 80 46 0 0 0 66 0 0 0 0 33 0 0 5 0 0 96 33 23 0 0 0 88 0 0 0 0 0 90 0 0 92 9 0 0 27 0 15 0 10 0 35 0 0 0 0 0 0 0 0 40 73 69 0 0 0 0 33 0 59 0 52 84 0 0 0 0 0 0 0 45 0 0 0 96 0 0 0 0 0 0 0 0 86 0 0 0 56 0 100 0 0 90 0 0 0 0 0 0 74 0 0 0 0 0 0 72 0 0 0 0 0 0 0 0 0 0 0 51 67 0 0 0 0
0 0 25 0 0 0 0 48 0 46 0 0 0 100 0 0 0 86 4 0 0 0 0 0 0 0 0 0 0 0 0 0 0 0 0 0 0 0 0 0 0 0 0 0 0 0 0 0 0 0 0 38 0 0 0 0 64 0 0 0 0 36 47 0 0 96 19 0 0 0 0 0 59 0 0 0 50 57 78 0 100 0 0 0 0 0 0 0 0 0 0 72 0 0 0 2 0 90 0 0 0 0 0 0 0 0 5 0 0 0 0 0 0 0 34 72 0 0 0 80 0 0 93 0 0 0 0 62 0 73 43 0 0 0 0 0 0 0 0 0 0 66 0 0 36 0 0 0 0 0 0 0 0 0 0 0 0 0 0 0 0 0 82 0 0 0 0 0 0 0 68 0 0 0 0 97 96 0 73 48 0 46 0 0 11 19 10 0 0 0 0 0 0 0 0 0 24 0 0 0 0 0 85 0 0 41 0 0 100 0 0 12 0 0 29 0 0 0 0 0 81 0 24 0 0 51 12 0 0 0 0 0 0 0 0 0 0 0 0 9 0 0 29 89 0 0 94 0 0 0 0 4 0 0 0 0 0 0 0 93 0 0 42 0 0 0 16 0 0 0 0 47 0 0 62 0 0 91 0 71 0 0 0 0 0 97 0 0 0 0 0 0 0 26 47 65 9 0 28 0 0 82 48 0 0 44 0 58 0 0 71 0 0 71 68 0 0 0 0 0 0 85 0 0 0 0 23 0 0 0 0 0 84 0 0 0 46 0 0 0 0 0 29 0 14 63 0 0 0 0 0 17 0 0 0 0 0 16 0 0 0 0 88 0 77 12 0 0 86 0 63 0 0 61 7 54 0 0 11 0 0 98 0 0 0 0 0 0 10 0 0 4 0 0 0 0 87 0 0 3
0 0 0 0 0 0 0 0 0 0 0 0 0 0 0 0 85 0 0 0 0 0 0 0 0 0 87 0 0 0 68 0 78 0 0 0 76 0 0 0 82 0 0 0 77 0 0 0 0 0 0 0 82 0 0 0 0 0 69 0 0 0 0 0 0 0 0 0 0 88 0 0 0 28 41 0 0 5 0 0 0 0 13 0 0 0 59 0 0 55 0 80 0 0 0 0 30 0 0 0 0 76 11 0 0 0 0 0 0 0 96 0 10 0 44 0 0 0 0 0 0 0 0 51 0 0 0 0 0 58 0 0 0 0 0 24 0 0 0 0 0 0 94 0 26 0 0 0 0 0 0 0 100 0 88 0 0 0 0 0 48 0 0 0 0 0 0 94 0 0 0 0 0 0 87 0 0 0 1 0 4 0 77 0 0 0 0 0 0 0 0 0 0 51 0 12 0 0 0 97 47 0 0 0 0 0 0 0 53 0 23 0 81 38 0 82 0 0 41 0 0 0 0 0 0 0 0 0 0 0 0 0 0 0 0 0 0 0 70 0 0 0 0 0 0 0 0 0 12 0 0 0 7 80 67 36 0 0 0 0 87 0 0 32 10 0 23 0 0 0 0 0 0 0 93 0 0 0 0 87 0 0 68 0 0 90 0 0 0 0 0 0 0 0 0 0 0 12 10 0 0 15 0 0 77 0 0 0 0 6 0 0 65 0 0 0 0 36 0 24 0 0 37 86 0 63 93 0 0 0 19 0 63 0 0 0 0 41 0 0 0 0 0 0 0 18 0 0 57 0 0 0 0 45 81 0 52 0 0 0 72 0 99 0 0 0 0 11 37 0 0 0 0 75 0 0 0 0 0 90 0 0 0 50 0 0 100 0 51 44 55 0 0 0 0 58 0 0 0 0
0 0 0 0 0 0 0 0 0 55 0 0 94 0 0 0 68 0 0 0 84 0 0 0 0 16 0 0 0 0 60 0 20 0 89 50 34 0 0 0 0 14 0 0 0 62 0 98 0 0 0 72 0 0 96 24 0 0 0 0 44 0 0 0 11 25 0 0 0 0 0 0 0 0 0 0 0 0 0 0 71 0 0 0 35 48 0 0 0 0 92 0 0 0 0 0 0 0 11 0 0 0 66 0 84 0 0 98 48 0 0 0 0 0 0 17 0 0 0 12 0 86 0 0 96 0 0 82 0 0 0 0 0 0 0 0 77 0 0 0 0 0 0 3 95 0 0 27 0 0 44 0 0 0 0 0 0 83 0 0 88 0 84 0 0 0 0 0 0 0 0 5 0 0 100 0 0 0 0 0 0 0 0 0 0 0 0 0 0 0 0 70 0 71 0 0 0 11 0 0 0 0 0 22 0 0 65 0 0 0 0 0 0 0 0 0 0 0 0 0 0 0 0 77 0 0 0 0 0 0 0 0 22 0 0 75 0 0 0 0 86 0 0 0 0 0 3 0 32 0 0 56 0 20 0 0 69 0 41 0 0 11 0 0 11 26 0 0 0 0 0 0 0 0 0 61 2 0 0 0 0 0 0 0 0 0 0 0 0 31 0 0 78 0 0 0 0 17 84 0 0 58 0 0 0 92 0 86 0 0 0 0 0 0 0 0 0 0 97 6 46 1 92 84 0 0 0 0 0 0 0 0 0 0 0 0 0 86 0 0 0 0 0 0 90 0 0 0 0 0 0 0 62 0 59 0 0 39 0 27 19 30 0 0 0 0 0 0 0 0 0 81 89 0 0 71 0 0 0 37 0 0 0 0 25 0 0 0 0 0 0 0 2 0 0 0 0 0 0 14
0 84 0 0 0 0 0 32 0 0 0 0 0 0 0 100 0 69 0 48 0 40 70 0 34 0 0 0 0 20 73 0 0 0 0 0 0 0 98 0 0 0 0 0 0 0 43 0 0 47 0 0 0 88 0 0 0 0 68 0 15 0 0 0 0 17 95 88 0 0 0 0 0 0 0 0 0 0 0 0 31 0 0 0 0 49 83 3 15 0 99 0 0 8 11 2 0 0 0 0 27 0 32 19 0 0 0 0 0 0 0 0 0 0 0 0 0 0 65 64 0 60 0 0 0 0 0 0 0 0 42 0 0 0 87 0 0 3 0 0 0 0 0 0 0 0 85 84 0 0 21 0 96 0 0 9 36 0 0 0 0 0 62 0 59 2 0 0 0 0 0 0 12 0 0 0 0 3 0 0 0 27 0 0 0 0 0 71 0 0 0 0 16 0 0 0 1 0 0 0 0 0 0 0 0 0 25 0 88 0 17 0 0 0 0 69 0 58 0 0 0 0 0 0 0 0 0 0 86 0 0 79 0 0 0 0 11 0 64 0 0 0 50 0 55 0 0 0 0 42 71 20 0 0 0 0 9 0 0 0 10 0 0 0 0 40 0 0 0 0 0 0 0 0 0 96 0 0 0 13 0 0 0 0 0 0 87 0 0 0 62 81 20 0 0 100 0 0 0 0 0 0 0 0 47 24 0 0 0 0 0 73 0 0 57 73 0 0 0 0 0 0 0 100 86 0 60 0 0 94 0 0 0 0 5 5 85 0 16 29 0 71 5 0 43 53 0 0 0 0 0 0 78 0 24 69 0 0 0 0 0 0 0 0 0 15 0 0 0 0 82 0 91 0 0 0 0 0 0 0 0 0 62 0 0 49 0 0 0 37 0 0 85 0 20 0 0 11 0 0
0 70 0 33 0 23 0 33 63 0 69 0 0 0 0 0 8 65 38 0 0 88 0 87 70 94 0 46 0 0 0 0 0 0 0 0 0 24 0 67 0 16 0 0 64 0 0 0 0 10 0 0 0 0 0 0 0 0 0 0 0 0 0 0 0 66 91 0 0 0 0 0 0 0 87 95 0 0 38 0 0 0 0 50 0 0 38 0 0 44 0 29 0 0 0 0 8 0 0 35 0 0 0 0 0 0 0 0 41 0 0 0 0 0 48 0 0 0 0 96 0 0 0 0 0 87 10 49 0 0 0 0 0 41 97 0 0 0 0 0 0 0 0 85 0 0 36 0 0 31 0 0 85 0 0 0 0 0 0 0 0 0 3 66 98 0 0 0 0 16 0 0 0 0 0 0 0 0 0 0 0 0 0 0 44 0 0 50 0 0 0 0 0 0 0 0 0 0 63 0 50 31 0 0 62 0 0 0 0 32 47 0 61 11 0 0 0 0 0 0 0 10 19 85 51 0 13 0 0 81 0 49 0 0 0 0 26 0 27 0 3 71 0 79 0 0 0 0 0 0 0 0 0 0 8 0 0 0 31 0 3 0 0 47 54 0 0 29 24 0 0 0 0 0 0 57 72 0 8 0 0 0 5 0 0 84 0 0 0 0 0 0 0 43 0 0 40 4 0 81 0 0 0 88 0 49 0 0 0 0 0 0 0 0 25 0 0 0 37 0 53 0 69 0 100 43 0 0 0 0 0 32 0 0 0 0 0 55 0 0 0 0 0 80 45 7 0 0 0 0 0 0 0 0 51 47 0 0 43 0 0 0 44 79 0 0 54 0 0 0 97 0 0 23 0 88 5 8 0 0 15 0 90 45 0 98 0 65 0 0 0 0 0 0 0 0 0 0 0 57
50 53 0 60 0 0 0 0 0 0 0 0 0 55 0 0 0 0 68 0 0 0 0 24 20 94 0 25 78 0 20 0 24 0 0 0 0 62 0 0 0 0 0 0 80 75 0 0 0 0 74 0 0 0 0 0 0 0 0 0 27 0 84 0 43 0 0 0 0 72 0 0 50 0 77 0 0 0 0 0 0 47 0 0 0 0 0 0 0 0 0 0 0 0 0 5 13 0 0 52 0 41 0 0 58 0 0 0 0 0 0 44 0 0 0 76 0 0 0 0 93 0 50 0 0 47 0 88 0 0 0 0 0 0 92 0 78 66 0 0 0 0 36 87 0 0 0 29 78 0 71 0 0 0 0 0 0 98 0 0 0 0 0 0 0 0 0 94 0 0 0 88 0 0 0 0 0 0 0 0 0 0 0 0 0 6 0 0 0 21 0 0 94 0 0 88 0 0 0 0 0 0 0 0 0 0 0 0 0 0 0 0 0 91 76 0 0 0 0 0 0 0 0 0 0 0 0 0 0 99 0 0 60 0 14 0 49 0 96 0 0 34 0 0 0 43 78 0 94 0 82 0 48 0 0 0 0 0 0 0 0 0 99 68 0 0 0 0 64 55 28 0 0 0 95 0 0 0 20 13 0 0 0 0 78 0 0 0 0 0 0 0 9 0 0 0 0 0 0 0 0 0 39 0 0 0 0 0 0 0 0 91 69 0 0 0 0 77 0 0 0 0 0 0 0 0 0 49 0 0 47 0 0 0 49 0 0 52 0 0 0 0 0 74 0 42 0 0 0 0 0 51 0 0 0 0 21 0 58 0 19 0 82 0 44 0 72 0 0 0 0 0 0 0 0 65 0 0 0 0 0 35 33 0 0 0 0 81 56 0 0 0 0 0 49 0 0 90 0 0
9 0 0 73 0 0 0 0 0 0 91 39 0 0 0 0 0 0 0 0 38 0 0 1 0 0 65 0 0 0 0 0 0 43 0 0 0 73 0 0 89 0 0 92 0 0 0 0 0 0 78 62 98 0 0 0 59 0 0 0 65 0 0 0 0 0 0 0 0 0 0 0 0 0 0 0 29 0 22 0 0 0 0 0 0 0 0 0 0 0 0 60 0 0 71 0 0 0 0 0 82 60 0 0 0 0 0 0 0 0 0 0 0 0 0 49 0 6 0 0 84 89 0 0 0 0 0 96 0 0 0 87 0 0 0 0 0 0 0 0 71 0 46 0 8 0 49 0 28 0 49 0 19 0 0 0 0 0 7 0 70 0 62 0 41 0 0 89 64 0 69 0 0 35 0 16 0 0 0 0 0 87 0 0 15 0 40 0 0 65 0 28 0 0 0 0 0 0 60 0 0 0 0 0 57 0 0 0 0 36 15 0 0 0 0 0 60 88 44 53 0 0 70 0 86 0 0 0 0 0 0 0 0 0 0 0 94 37 0 0 0 0 0 0 0 31 0 88 94 0 0 46 0 0 0 0 0 0 0 0 0 0 0 9 4 0 69 0 0 58 0 0 0 41 0 0 0 96 84 8 0 0 0 0 0 0 0 0 0 0 0 0 61 75 0 0 0 0 60 71 0 0 0 21 0 0 0 80 0 46 0 77 3 0 0 0 0 0 0 0 0 0 0 44 0 0 62 4 0 0 0 81 0 0 0 0 0 30 7 0 0 0 0 69 0 0 0 30 0 0 55 93 0 0 0 68 23 49 0 0 0 0 0 0 86 0 27 0 0 0 71 86 0 0 0 25 0 31 0 0 86 0 0 0 0 0 0 47 0 0 0 0 0 20 0 38 0 0 0 0
0 0 48 0 0 0 0 0 45 74 0 0 6 0 0 37 62 70 0 0 0 0 89 13 0 90 38 0 0 18 0 0 0 0 0 8 0 75 0 0 19 0 13 0 0 18 0 0 12 0 0 0 0 0 0 0 0 0 0 30 0 7 0 0 0 0 10 0 69 88 0 91 0 2 4 0 0 0 0 0 0 0 0 0 0 0 0 0 0 0 0 0 0 0 0 0 0 0 50 0 0 0 0 0 0 68 0 0 0 0 0 0 99 0 36 0 95 0 0 0 0 19 0 0 0 0 98 0 0 0 0 0 0 0 0 0 67 0 27 0 0 0 0 0 0 93 0 17 0 0 0 0 0 0 0 0 53 0 0 0 27 0 0 0 0 0 0 24 24 20 0 82 0 94 0 0 0 84 0 85 0 0 4 32 0 0 43 0 0 0 0 0 76 85 51 0 0 0 0 0 93 44 24 0 57 0 0 0 0 14 0 42 0 0 0 0 0 78 0 0 0 0 0 0 0 0 0 0 0 0 0 18 0 0 0 0 0 0 78 0 0 0 0 0 0 0 80 14 0 0 15 0 0 0 91 0 0 0 0 0 0 54 0 0 0 0 0 0 0 0 0 0 0 0 10 69 77 0 0 5 0 0 0 0 0 0 0 0 0 37 0 0 0 25 52 37 0 0 0 0 0 0 0 0 1 45 0 0 0 0 59 0 33 80 68 0 0 73 0 96 0 41 0 0 71 0 31 0 60 22 0 0 0 0 0 0 0 0 0 0 0 0 0 0 0 68 0 0 0 0 0 94 0 0 0 35 0 0 0 0 0 0 57 0 91 0 62 0 0 23 0 0 0 0 0 0 92 0 0 0 0 7 0 0 0 0 0 0 0 1 0 0 0 0 45 0 0 0 0 91
0 0 61 0 69 0 0 0 56 0 43 0 0 0 0 0 0 0 0 0 56 0 0 0 0 0 0 0 0 0 0 0 0 0 0 0 59 0 46 0 0 0 0 0 0 0 0 96 0 67 0 58 0 0 0 0 0 49 1 0 0 0 0 0 34 0 4 31 67 0 0 65 0 66 0 0 0 0 0 0 0 0 12 42 4 0 20 80 0 0 0 0 0 0 19 0 0 0 0 0 0 33 98 74 19 13 0 0 0 0 0 0 0 0 0 0 0 56 0 0 0 0 50 0 0 0 32 34 27 79 85 0 0 0 0 0 0 0 0 0 0 57 0 0 0 0 20 0 72 0 0 0 0 0 0 0 0 0 0 0 0 0 0 0 0 0 0 0 0 58 88 0 0 0 0 81 0 0 0 0 0 0 0 93 0 2 0 0 24 0 0 0 0 0 0 41 0 41 0 0 0 0 79 45 0 12 0 1 0 0 0 0 31 0 0 0 0 4 0 0 37 0 0 89 0 25 0 0 0 24 0 0 0 0 0 0 96 66 0 0 0 0 0 0 78 0 0 93 7 0 0 6 0 0 0 0 0 0 0 0 0 0 0 0 0 20 0 0 0 0 0 0 0 84 0 0 0 0 0 0 0 54 0 0 76 0 0 56 67 0 0 0 17 0 0 0 0 96 0 0 96 0 0 35 36 0 0 0 0 0 0 0 0 0 49 0 21 17 0 0 0 8 0 60 0 0 0 0 0 94 0 0 0 0 0 0 0 0 0 0 0 0 0 0 0 0 0 0 95 12 0 0 0 0 0 74 0 0 22 34 0 97 0 4 94 14 62 55 0 12 0 18 0 0 0 0 1 21 0 6 14 0 0 33 0 0 27 0 0 92 0 0 0 0 93 0 0 0 0 0
0 0 0 0 65 0 10 0 0 0 0 0 78 9 0 0 0 0 0 0 0 0 0 0 0 0 0 38 0 0 0 0 0 0 0 0 0 0 0 36 0 0 40 0 0 62 0 0 0 0 0 0 22 0 0 0 0 0 9 0 62 0 0 0 3 0 0 49 0 0 0 0 0 0 0 65 0 0 0 0 0 0 75 0 0 0 0 0 0 0 0 0 0 0 29 20 55 0 0 0 0 0 0 0 0 0 0 0 0 59 66 28 0 0 0 0 0 0 1 0 0 8 0 79 93 13 0 0 0 82 0 0 0 0 0 0 44 0 0 0 62 0 0 97 0 21 0 0 0 0 0 0 0 0 0 49 61 0 49 0 0 23 0 0 0 9 0 0 0 0 0 0 76 94 0 0 16 64 0 0 0 0 0 0 0 0 54 15 0 0 0 0 0 0 0 0 0 78 95 0 0 0 0 0 7 0 0 96 0 0 0 28 0 0 0 0 0 0 45 0 0 36 18 0 0 94 83 0 0 0 89 82 0 0 0 0 0 74 0 0 0 0 85 0 0 24 0 0 62 8 0 66 0 0 0 82 0 32 36 0 0 0 6 0 0 0 0 0 0 0 0 0 0 0 0 25 0 98 65 0 0 23 0 0 0 0 96 21 0 91 0 0 0 0 63 0 0 0 0 0 0 0 70 0 98 0 0 0 0 0 0 0 0 0 0 0 91 4 0 0 0 0 0 0 0 0 0 0 79 81 0 0 0 9 10 0 0 0 0 20 70 0 28 0 0 0 0 25 0 0 17 85 36 61 0 0 0 40 27 0 76 0 0 0 0 72 0 0 0 0 0 0 0 0 51 0 39 29 38 0 23 0 0 79 73 0 0 0 0 0 0 0 0 0 0 0 0 0 0 0
0 0 0 19 0 3 31 0 0 0 43 0 0 0 0 0 22 0 0 62 0 0 0 96 0 24 0 22 0 10 75 0 0 0 0 0 0 0 37 0 37 25 0 88 0 0 72 23 0 0 0 8 18 0 0 58 0 0 34 14 11 5 35 0 27 0 2 0 94 0 0 0 0 0 0 0 0 0 38 0 82 0 0 0 0 0 0 0 0 43 0 0 72 0 0 0 0 0 0 0 0 0 0 0 21 64 0 40 0 0 30 87 0 74 54 0 86 0 0 0 0 13 0 100 25 0 0 41 0 0 0 0 88 97 0 0 10 50 0 0 39 0 0 0 0 18 0 0 0 43 0 0 83 0 77 0 50 0 0 62 0 86 57 0 0 20 0 22 43 0 0 0 22 0 0 41 0 6 11 68 0 0 35 0 0 0 0 0 0 0 0 17 0 21 0 18 0 87 0 0 0 36 0 75 3 92 1 0 40 68 29 0 0 0 0 0 0 0 5 0 0 0 0 0 0 0 33 0 0 0 0 0 0 0 69 0 0 0 29 0 0 0 7 0 12 0 0 0 85 0 52 0 0 0 77 2 88 0 0 0 0 0 0 0 78 0 0 0 0 0 0 0 44 0 0 0 0 0 0 0 22 0 67 39 0 43 27 0 0 0 0 0 0 0 56 0 0 0 0 0 0 48 29 0 0 0 0 0 94 0 8 0 43 0 26 0 44 80 0 0 0 0 0 0 0 0 0 30 0 0 0 3 5 6 0 0 0 0 0 44 0 0 95 29 0 0 0 0 0 0 0 0 0 0 28 0 100 0 0 0 0 48 0 0 0 16 0 49 0 0 35 0 0 0 0 0 0 0 0 0 0 0 0 9 55 0 0 0 0 0 0 0 0 0 0 0 0 0 0 0
75 0 0 39 0 0 0 0 0 0 0 0 50 87 11 0 0 0 0 0 0 0 0 0 55 0 0 0 0 0 91 0 0 91 16 0 44 0 0 0 94 0 98 74 0 16 28 0 0 0 39 0 1 0 0 0 0 13 0 0 0 48 0 0 84 0 0 0 0 0 0 0 0 0 0 0 0 50 0 0 0 0 53 0 0 95 85 0 0 0 67 0 17 0 0 41 45 0 58 0 20 0 0 0 0 0 0 0 74 0 45 35 0 0 0 0 44 33 0 0 20 0 0 35 0 0 0 49 0 73 12 0 24 70 0 9 59 0 14 0 0 0 62 0 0 0 0 91 0 16 0 0 39 41 0 0 0 0 0 36 33 0 0 0 0 0 0 0 0 0 0 0 0 0 48 0 0 0 0 0 0 0 0 0 0 0 91 0 0 0 0 0 13 0 0 0 0 0 73 0 0 0 0 2 9 0 0 46 0 0 0 66 0 0 0 0 0 0 0 0 0 0 0 73 0 0 0 0 0 0 0 0 0 0 90 0 0 28 54 26 0 57 0 80 93 0 0 0 0 0 0 0 0 0 20 0 56 0 0 76 0 0 0 0 82 0 0 0 0 0 12 0 0 0 0 0 0 0 92 0 41 0 0 40 0 0 0 16 0 0 0 0 84 88 46 0 0 0 85 0 16 0 70 41 0 98 0 0 0 0 23 0 0 0 0 39 0 0 0 0 62 0 0 0 67 0 0 0 0 0 0 0 96 23 0 0 98 0 0 56 10 0 0 0 0 0 0 0 0 0 0 0 0 73 76 33 0 56 0 30 93 61 0 1 51 0 0 0 0 0 53 0 65 0 0 93 21 0 0 0 19 0 0 0 0 34 0 0 23 0 54 0 0 93 0 0 0 47 0 0
0 53 0 0 0 80 0 0 0 7 0 59 0 0 67 0 0 0 0 0 0 0 86 61 34 0 0 16 0 0 0 0 13 0 0 0 0 0 96 0 0 0 0 0 0 0 0 0 0 65 0 0 0 93 0 0 0 0 0 0 100 0 0 74 0 0 55 39 0 0 0 22 0 0 0 0 81 12 71 0 0 0 0 0 0 66 0 0 0 65 34 0 0 0 0 0 13 0 0 0 0 100 0 0 0 10 0 0 0 41 0 22 0 0 0 0 0 81 0 0 0 14 0 0 0 0 0 57 0 68 0 0 0 0 0 0 0 0 60 92 17 0 0 96 0 0 0 0 0 0 0 0 0 0 0 43 0 0 0 0 0 38 24 0 0 0 0 0 0 28 0 0 54 0 0 0 42 0 0 0 0 0 0 0 0 80 0 0 0 0 37 42 0 0 41 0 89 0 0 0 0 40 0 0 0 0 0 5 0 85 0 0 30 0 88 0 0 55 0 0 0 0 11 0 0 0 66 11 0 0 71 0 27 0 60 0 0 0 0 95 0 0 11 0 0 0 85 6 35 0 78 0 0 0 0 0 0 0 0 2 0 0 0 0 0 0 0 0 0 0 0 0 0 0 0 61 0 0 0 9 0 0 0 0 7 51 68 0 0 0 0 0 0 0 0 25 0 0 0 0 0 0 0 0 0 0 0 0 0 0 0 0 0 99 90 0 0 0 0 0 0 0 8 0 0 0 16 23 0 58 5 90 0 87 0 80 0 0 0 0 0 0 0 87 50 0 20 0 0 0 73 87 100 0 0 0 0 0 9 56 0 0 93 0 0 0 0 0 97 0 0 0 21 0 50 0 0 0 0 0 7 98 0 0 0 93 0 0 0 0 0 0 65 0 0 16 0 0 0 0
0 36 0 6 0 0 10 0 0 0 64 0 0 56 0 0 60 0 56 0 0 0 0 83 0 0 0 0 0 0 0 0 0 62 0 0 3 21 0 0 0 37 0 87 26 0 0 58 0 0 91 12 0 96 0 0 0 5 0 3 0 0 0 0 0 0 0 0 0 0 0 0 0 0 0 0 0 24 0 0 0 0 0 0 0 0 53 0 40 0 70 96 0 0 0 0 0 0 0 0 0 0 84 0 0 0 96 0 0 0 0 42 0 86 0 0 0 34 0 0 0 18 0 0 0 0 0 89 75 0 0 0 46 0 14 0 0 0 0 29 0 0 0 0 0 0 0 0 0 0 0 63 0 35 0 94 0 0 0 55 0 0 0 0 0 0 0 0 25 7 17 0 0 6 0 0 0 0 0 0 97 0 0 0 53 0 0 0 17 0 0 0 0 0 0 0 88 0 0 6 0 0 93 0 0 0 0 0 8 0 0 45 0 21 0 0 0 0 0 0 0 0 36 0 0 0 0 0 0 0 63 0 49 73 87 30 0 0 0 0 91 0 3 0 0 0 0 42 0 49 34 69 0 0 0 0 6 0 95 23 0 0 0 0 0 59 9 0 0 0 0 0 0 66 0 0 0 0 0 0 71 0 29 0 0 0 0 0 11 0 0 0 0 0 0 0 28 94 0 0 0 0 0 0 0 0 10 0 0 0 0 0 92 0 0 0 0 0 0 0 55 0 82 0 0 2 0 0 0 60 0 0 0 0 94 0 0 14 35 0 56 76 0 0 0 0 0 78 0 0 42 0 0 0 0 0 0 10 0 0 0 0 20 92 0 0 0 39 0 28 0 0 11 93 0 0 0 62 0 0 81 88 74 0 0 0 58 0 0 0 0 72 0 59 0 0 0 89 0 0
73 0 0 0 0 38 0 60 0 0 0 69 0 0 82 58 0 0 12 0 0 0 0 0 0 0 0 0 0 0 0 21 0 0 13 78 0 0 0 0 0 32 0 0 52 0 0 0 0 0 48 0 0 0 0 0 0 0 0 9 91 9 0 5 0 34 0 0 0 0 0 0 0 0 52 43 0 0 58 53 5 0 0 0 0 0 88 0 0 0 0 92 0 0 80 0 0 87 44 0 0 0 36 0 0 0 0 0 82 0 0 0 0 0 0 0 58 12 0 0 0 0 0 46 62 0 0 0 0 0 0 0 0 0 0 0 0 0 52 0 0 0 0 0 0 86 74 0 0 0 3 0 88 0 72 0 0 96 0 0 0 66 0 0 0 80 0 0 35 88 0 0 0 0 0 0 0 0 0 0 91 0 16 0 0 91 83 0 0 0 47 0 0 0 0 0 0 0 42 0 0 0 0 0 0 0 0 0 0 0 0 0 62 0 0 0 0 0 5 0 82 0 0 0 0 0 0 0 0 0 0 0 0 0 0 60 0 0 85 0 0 60 2 0 0 76 0 0 47 0 0 49 0 0 97 76 0 0 0 0 0 0 0 69 0 0 0 0 0 0 0 0 0 0 50 0 0 0 0 0 1 66 0 0 0 0 0 0 0 25 39 0 0 0 0 0 79 44 0 0 0 21 0 0 0 0 98 0 0 0 0 0 0 0 0 0 0 0 0 0 29 0 0 0 0 0 0 0 36 0 68 51 54 0 16 61 0 0 17 0 0 0 64 0 52 52 0 0 0 49 0 0 0 0 0 99 23 39 0 5 0 0 0 0 0 0 0 0 0 0 0 0 0 0 0 0 0 0 0 0 0 0 0 37 0 0 0 0 0 38 0 0 0 0 0 0 10 0 0 41
0 0 0 100 92 8 0 32 86 0 0 0 0 0 28 0 56 0 0 81 77 0 0 0 0 0 0 0 0 0 0 0 0 0 0 0 57 0 0 0 0 0 0 0 0 89 0 0 0 16 0 0 65 0 0 0 0 95 0 0 0 14 0 0 0 0 12 0 0 0 0 0 0 0 0 24 0 40 0 78 0 0 0 0 0 0 0 0 0 0 0 0 0 0 7 0 0 0 32 0 0 0 84 0 99 88 0 0 0 19 0 0 0 0 0 0 0 0 0 0 0 30 0 0 0 0 0 77 0 0 0 0 0 51 79 0 85 0 0 95 0 0 0 91 0 1 0 5 97 67 0 0 0 14 0 0 0 0 21 0 0 0 0 32 9 0 0 0 0 71 0 0 0 45 0 0 0 24 60 0 0 36 16 0 0 0 46 0 0 3 0 24 9 98 82 0 0 96 47 42 0 86 0 0 0 77 0 0 95 11 0 82 0 0 0 0 0 79 0 0 0 0 0 0 55 51 0 0 0 0 82 0 0 0 30 0 0 0 0 0 0 0 0 0 0 72 0 0 39 0 0 0 53 0 0 0 0 0 0 57 5 0 0 0 89 0 0 0 0 0 0 0 0 85 0 0 25 0 0 0 0 0 31 0 95 0 0 0 95 0 0 74 0 0 0 0 0 61 0 0 0 0 0 0 0 85 0 65 0 0 57 0 81 0 0 13 0 0 0 80 0 40 0 25 0 0 0 0 37 0 0 42 58 92 0 0 0 0 4 64 0 0 100 0 92 0 0 0 0 0 17 0 0 0 57 10 0 0 0 0 2 0 73 84 27 16 34 86 36 77 0 0 97 0 0 67 0 0 0 0 0 21 1 0 0 89 0 0 33 0 0 0 0 0 0 0 0 7 0 0
0 0 0 0 0 94 0 30 0 0 0 0 0 0 69 0 0 39 0 0 0 0 0 0 78 0 36 0 0 0 0 54 0 60 0 0 0 19 0 0 0 0 0 0 0 46 0 0 0 0 0 0 0 0 0 0 95 0 73 0 41 0 0 0 0 0 0 0 0 0 0 0 0 0 0 0 0 0 0 0 0 63 0 0 55 30 0 0 0 0 0 0 0 0 0 8 0 0 0 0 0 82 0 65 0 0 85 55 0 15 13 49 0 0 17 0 0 0 0 0 85 0 0 0 0 60 82 0 0 0 80 0 0 37 0 0 0 0 0 31 100 0 91 0 0 0 0 55 73 0 96 0 0 0 0 0 0 0 0 38 0 0 0 0 0 0 0 0 0 0 0 0 0 80 80 0 0 0 0 0 0 79 0 44 0 47 50 54 0 59 0 65 0 0 0 0 0 0 0 0 0 0 0 9 100 68 86 0 10 0 94 0 0 0 29 14 13 0 0 0 0 0 0 0 73 0 99 0 70 0 0 0 0 0 0 0 0 0 49 0 0 0 0 59 0 0 0 27 81 0 0 0 0 0 0 0 0 41 0 0 0 0 0 0 0 0 0 0 54 0 96 0 0 84 0 0 14 53 0 0 0 0 0 0 8 12 0 0 0 0 41 0 0 82 0 0 85 92 0 0 0 69 0 0 0 0 98 0 0 0 0 48 0 97 0 0 0 7 0 71 79 93 0 0 0 0 0 28 0 0 0 0 0 0 0 0 0 0 0 0 0 0 0 0 0 0 0 62 0 0 32 0 75 4 0 0 48 0 81 0 0 0 0 0 0 42 0 68 0 88 0 48 0 0 0 0 0 0 0 0 0 0 0 0 0 84 0 8 0 0 0 0 0 0 0 0 0 0 93 0
0 0 65 4 0 0 0 0 0 0 12 95 0 0 97 0 0 0 0 0 0 0 73 0 6 0 1 23 0 0 0 0 0 95 2 0 0 0 31 0 36 0 0 0 19 36 0 0 52 0 0 43 0 0 40 42 0 33 0 0 0 100 0 0 82 0 0 0 14 0 0 0 0 0 60 11 0 0 0 0 28 0 98 0 0 0 0 0 0 81 0 61 0 0 0 0 0 0 0 0 90 0 0 75 0 0 0 5 0 0 0 0 0 0 81 0 0 0 0 0 37 0 0 69 0 0 0 0 0 79 0 0 0 0 0 0 48 0 0 0 1 0 11 66 0 0 91 0 0 0 4 0 57 35 62 88 0 0 0 4 0 0 0 0 0 0 11 0 0 0 0 0 0 81 0 0 0 65 0 24 0 0 0 0 18 0 0 0 0 0 0 0 0 0 0 14 0 0 0 0 0 0 0 0 0 0 0 0 14 0 0 53 0 0 0 17 0 0 0 0 29 96 0 0 0 95 67 0 1 7 0 0 0 0 0 0 10 0 92 4 0 0 0 0 37 0 0 0 0 0 88 5 0 65 0 0 0 0 0 26 51 0 76 0 0 0 0 0 0 0 40 34 0 0 19 0 0 0 0 30 0 0 0 39 0 18 0 21 0 83 0 69 0 0 0 0 0 0 0 98 0 0 0 0 0 9 0 0 0 0 0 0 0 0 0 0 37 35 0 0 0 0 92 0 0 46 0 0 59 0 19 0 75 0 0 0 0 0 0 0 0 90 0 0 39 0 90 15 0 0 0 8 0 38 0 0 0 0 0 45 0 0 0 91 0 0 4 0 0 0 12 0 0 0 0 39 0 0 90 28 12 0 0 0 62 40 0 0 62 17 0 97 0 0 0 0 0 0 86 0
82 0 0 0 18 0 0 0 0 2 95 100 0 62 82 0 0 41 0 0 42 60 0 0 0 0 0 0 0 0 23 96 0 0 0 0 0 0 0 0 0 0 0 0 95 0 66 0 0 44 0 0 0 73 0 0 0 0 0 45 0 0 0 39 0 0 0 5 0 0 0 0 0 0 0 0 9 0 0 0 0 0 0 48 8 0 82 0 27 67 0 67 0 20 0 0 0 20 0 0 0 92 0 0 0 53 58 0 17 0 0 0 0 0 20 0 0 0 0 0 0 36 0 49 0 0 41 0 12 54 0 0 5 0 0 0 75 31 0 0 0 0 0 0 51 0 0 0 0 0 0 0 0 0 0 0 0 0 0 0 95 0 93 0 62 0 0 0 80 56 85 0 91 0 0 0 0 0 0 0 0 0 0 0 0 54 54 0 0 0 70 0 18 74 0 83 0 0 0 0 0 0 0 0 58 29 31 0 0 0 0 0 10 0 0 0 0 0 0 0 32 3 0 65 0 0 0 0 0 0 0 95 0 0 30 0 0 0 10 7 0 0 0 0 36 66 0 0 0 0 43 0 72 0 0 0 0 92 0 25 18 0 0 71 0 33 0 0 0 99 0 0 11 0 97 0 0 0 0 1 0 0 0 0 0 26 0 16 0 0 0 0 0 87 0 0 0 29 0 0 0 0 0 0 35 47 0 0 0 0 0 0 54 0 0 0 100 0 0 0 0 67 5 0 64 0 0 0 0 98 3 0 79 0 0 0 64 80 0 7 0 0 0 0 0 0 0 0 0 0 0 0 0 41 0 43 82 14 0 0 0 30 0 0 0 0 0 89 0 0 0 0 5 0 0 0 0 0 0 0 45 0 0 0 0 0 0 0 0 0 0 45 0 60 0 0 0 0 17 0
0 0 0 0 0 0 0 0 0 0 0 3 0 0 0 0 0 0 0 0 0 0 0 0 0 0 0 0 0 0 52 0 0 0 0 0 0 0 69 0 0 0 0 0 0 0 0 0 0 36 16 3 0 0 92 0 0 96 51 0 0 0 0 0 0 36 0 0 0 60 15 0 100 0 28 0 0 2 0 0 0 0 0 0 0 0 0 0 0 0 0 42 0 52 0 0 0 27 30 79 0 25 0 0 0 92 0 0 0 24 0 0 0 19 0 0 48 0 0 0 0 0 0 0 32 0 0 0 0 12 51 43 75 0 0 0 0 0 0 0 76 0 0 0 0 0 0 0 14 0 0 0 0 0 0 0 67 0 0 0 66 0 0 0 46 0 58 0 0 0 32 0 0 0 0 0 78 81 0 0 0 80 0 0 0 67 47 0 0 0 0 0 0 0 51 0 0 3 0 0 13 0 0 8 33 0 0 0 40 0 2 88 49 0 0 0 0 0 0 0 50 0 0 0 0 0 0 61 49 0 30 0 0 0 0 0 0 0 0 0 37 0 72 0 0 59 0 36 0 0 0 0 0 0 0 4 0 0 0 0 46 34 0 0 50 2 0 0 70 0 0 0 0 0 0 0 0 0 0 0 93 0 0 0 70 0 0 0 0 0 0 0 0 0 100 0 0 85 0 94 0 0 0 0 55 95 0 0 0 0 0 0 0 0 0 2 79 0 57 0 0 0 0 0 0 39 0 0 0 85 0 0 0 0 0 0 0 53 0 0 0 57 22 0 0 88 59 49 0 43 0 0 0 0 36 0 0 0 0 40 0 0 75 2 0 0 0 0 31 1 0 28 0 36 0 26 0 0 0 0 0 0 36 19 50 91 0 0 0 0 0 0 0 0 0 0 0 0 0 0
0 0 81 0 72 0 0 0 6 0 0 0 24 53 0 0 0 15 0 0 0 84 0 0 0 0 0 0 59 0 0 0 0 0 0 38 0 0 0 0 82 0 0 0 91 0 92 0 86 0 0 0 0 0 0 0 0 0 2 60 0 0 0 0 65 0 0 0 0 0 0 0 0 0 63 12 0 0 0 0 0 0 0 0 0 0 0 0 0 0 0 0 0 0 45 0 15 31 0 36 0 0 0 0 0 0 0 97 97 0 0 0 0 0 0 78 0 20 0 0 27 61 0 0 83 0 47 0 0 51 75 0 46 10 46 0 27 0 0 0 45 0 0 0 0 0 25 0 0 0 0 0 0 0 48 0 0 0 88 0 0 0 39 56 0 0 0 0 0 0 0 0 35 0 0 0 0 0 0 0 0 0 0 73 0 0 0 0 0 0 0 0 0 0 0 0 0 54 0 5 0 0 86 79 0 0 0 0 39 43 0 0 93 58 37 0 35 0 0 0 0 58 0 0 0 0 0 0 0 0 29 0 49 0 0 0 24 0 0 0 0 0 30 0 56 91 0 0 27 58 0 0 0 0 0 0 87 0 95 0 0 0 58 0 0 0 68 4 0 0 0 0 0 21 0 0 36 0 0 100 0 0 0 100 0 15 17 68 0 83 38 0 0 0 0 0 0 0 0 0 0 0 78 0 0 0 49 0 0 91 0 24 83 82 63 0 0 0 46 0 0 0 0 7 0 0 65 0 0 0 0 0 0 0 0 0 100 0 0 0 94 0 16 0 0 49 0 0 0 61 43 16 0 49 0 39 26 0 0 65 16 0 0 68 0 0 0 0 0 0 0 0 0 46 77 35 14 0 0 0 0 0 0 0 0 57 93 0 62 0 0 0 0 40 0 0 32 2 77 0
0 0 94 0 88 0 64 39 29 0 0 0 0 75 97 0 0 38 4 0 77 0 0 0 57 0 0 0 0 0 0 0 46 75 0 20 38 41 78 0 0 0 35 0 33 94 0 0 0 0 0 0 0 0 0 0 0 0 0 93 0 48 0 40 0 0 73 0 0 0 42 0 0 0 0 0 0 0 0 0 44 0 0 0 0 24 5 0 0 0 0 0 0 0 0 64 0 0 0 0 0 34 85 0 0 0 88 0 0 0 0 0 0 0 0 0 22 0 0 0 0 0 0 0 0 10 0 0 0 42 0 0 99 0 0 8 0 0 0 0 0 0 0 0 0 0 0 0 90 58 0 0 0 0 0 0 0 0 0 0 69 0 0 0 0 0 0 9 0 0 22 0 0 0 0 0 40 0 0 0 0 0 0 57 0 0 0 0 0 0 0 0 9 79 0 0 0 0 77 0 0 0 28 8 0 0 0 0 0 0 0 0 0 0 0 0 0 0 0 0 0 27 0 72 0 0 0 92 0 0 0 77 0 0 0 12 0 0 0 86 0 0 98 0 0 88 2 0 83 55 0 0 0 0 0 0 0 0 52 24 66 0 0 81 59 0 0 0 0 0 0 0 48 24 0 0 0 72 78 0 0 0 86 0 0 0 47 0 0 0 0 0 19 0 0 45 0 0 0 0 0 0 0 0 0 0 0 0 0 70 0 0 59 0 0 98 22 0 29 11 91 0 33 0 0 0 75 0 0 0 60 0 0 0 0 0 0 0 0 18 0 0 0 56 57 92 0 0 0 0 0 93 0 0 0 16 0 0 91 0 0 0 0 53 76 0 23 0 0 86 53 0 0 76 85 0 68 45 0 19 0 0 0 0 23 0 41 0 0 0 0 0 0 0 0 0 0 0 9 0
0 0 0 0 96 0 0 17 0 29 0 0 0 0 0 0 46 0 0 0 0 0 0 0 0 0 50 0 52 0 70 0 83 75 0 17 33 0 0 0 0 0 0 33 0 98 0 0 0 0 0 0 36 42 0 0 0 0 0 0 0 0 2 0 0 4 0 0 65 0 45 0 0 0 0 0 46 0 0 78 53 0 0 0 0 0 0 0 0 0 0 0 0 0 0 0 0 43 0 0 0 0 0 0 0 0 44 0 0 0 78 85 0 58 0 0 0 0 16 0 0 10 9 0 0 0 0 0 32 0 0 0 0 0 21 93 0 0 0 25 0 0 0 0 0 0 0 23 0 0 0 0 0 27 0 0 0 0 14 0 7 0 0 0 0 18 8 0 0 0 0 0 81 0 97 0 0 0 0 0 10 0 0 0 0 0 64 0 0 62 0 83 0 0 76 34 0 43 79 0 89 74 0 0 96 0 0 0 0 0 0 0 36 0 0 89 0 0 24 0 0 0 0 56 0 0 0 6 0 99 0 43 0 0 0 37 0 41 0 0 33 88 0 4 0 0 23 0 0 0 1 0 0 0 0 38 0 0 0 12 0 76 0 49 0 0 21 85 48 16 0 81 0 2 0 2 12 0 73 0 0 0 0 0 0 0 0 0 0 0 0 0 0 0 0 0 0 0 0 0 0 14 0 0 0 0 0 0 0 0 0 25 0 38 30 0 0 0 0 0 4 0 51 0 0 81 0 0 0 0 0 15 0 0 0 9 0 82 0 0 0 37 0 81 0 0 0 0 0 0 0 0 0 0 0 46 0 0 0 99 0 88 95 48 65 0 0 0 0 0 0 0 0 0 40 63 0 0 87 56 51 0 0 0 0 0 0 88 41 0 0 0 24 0 0 0 0 0 77 0
0 0 0 0 0 0 85 0 0 0 0 0 26 0 19 0 60 96 0 0 0 0 0 0 33 0 0 11 0 0 0 0 0 0 0 0 57 0 0 0 0 0 70 89 0 0 0 0 0 0 0 0 0 0 0 0 39 0 0 0 0 4 0 0 0 0 0 0 14 0 0 0 10 0 93 0 0 0 0 0 0 75 6 0 0 0 81 0 22 81 0 0 90 0 0 0 0 0 0 0 0 0 15 0 0 0 0 0 0 0 82 0 0 0 0 98 0 85 0 0 0 1 0 0 0 49 0 57 0 0 0 0 0 52 0 0 9 34 0 20 0 0 0 4 25 0 0 0 13 0 0 95 0 28 0 0 0 0 0 0 0 0 0 0 0 0 98 0 0 0 0 0 0 0 59 74 0 0 31 0 0 0 0 0 0 20 0 70 0 11 0 0 0 56 65 0 0 0 0 78 32 0 0 64 54 13 27 0 0 0 0 0 0 22 91 0 0 0 0 82 0 0 0 0 0 0 0 78 0 0 0 0 0 94 69 0 43 0 78 0 0 0 0 0 0 0 0 0 0 0 0 0 0 60 52 67 0 18 0 0 0 0 66 0 7 0 0 26 93 0 0 0 0 0 94 25 0 0 0 23 18 0 0 0 31 27 98 0 0 37 0 0 0 0 92 63 15 0 87 0 0 0 47 25 0 0 0 0 50 0 0 0 0 29 64 35 0 0 0 93 38 0 0 0 0 0 0 73 0 0 0 0 0 92 0 0 0 0 0 44 40 0 0 0 0 0 59 0 0 0 0 64 0 0 99 0 73 0 17 0 68 0 0 0 0 0 0 89 0 55 0 75 0 0 0 0 0 0 0 0 0 63 0 0 0 0 0 0 0 0 0 0 0 21 0 0 0 0 100 0
87 0 0 0 55 0 13 0 0 0 0 0 70 0 0 0 0 88 15 88 0 0 0 0 15 0 0 0 0 0 38 0 0 5 0 0 0 60 0 0 0 61 0 0 0 0 0 0 0 0 0 0 0 0 0 0 14 79 37 0 0 0 0 19 0 72 0 0 0 0 0 0 0 76 0 0 0 43 0 0 0 92 0 0 0 0 0 0 23 0 0 0 0 0 12 0 0 0 0 0 95 0 0 0 0 0 0 0 0 0 0 0 0 0 0 0 0 0 0 0 0 8 100 0 0 0 0 52 0 0 0 0 0 0 0 0 20 55 76 0 17 36 0 0 0 45 59 0 0 0 7 0 0 0 0 0 0 0 0 25 0 0 54 57 0 53 53 0 41 0 4 10 0 18 0 0 0 0 68 0 0 0 0 71 0 88 8 0 0 0 33 0 4 0 0 0 0 0 0 0 0 0 0 0 0 0 62 0 18 85 0 0 0 0 0 0 0 0 0 11 63 0 0 0 0 0 0 0 3 9 0 0 12 0 0 0 8 0 0 25 0 0 12 0 0 0 0 0 51 0 0 0 0 0 36 15 0 0 0 0 0 0 0 0 0 0 28 21 0 0 0 0 0 96 0 85 85 19 0 0 0 0 0 0 0 0 0 0 0 48 0 44 0 12 0 0 0 0 3 0 52 0 0 0 0 0 0 91 0 0 37 0 0 0 0 0 74 0 0 0 0 0 0 0 0 0 0 0 0 68 0 46 0 0 0 0 0 59 0 0 0 30 91 0 0 0 0 0 17 0 92 0 0 0 68 0 0 0 0 0 0 0 0 19 0 0 66 7 0 0 0 0 0 0 0 0 0 0 0 0 0 10 0 0 0 76 0 0 0 24 0 0 0 63 0 0 0 0 0 0
0 0 0 0 0 0 0 0 0 72 64 0 0 0 0 0 0 0 95 0 0 13 0 0 0 0 17 0 100 32 0 0 0 0 62 0 0 0 77 0 0 69 69 0 46 0 0 33 0 87 0 0 0 0 0 53 0 0 0 0 0 0 0 0 0 0 88 0 0 0 0 0 0 0 0 55 0 75 0 32 71 0 0 0 55 24 83 0 0 7 0 0 0 0 0 40 0 0 0 0 0 41 0 0 56 0 63 84 55 0 0 0 0 97 0 56 0 57 80 0 0 0 0 0 0 0 0 0 0 45 23 0 0 0 0 0 0 1 0 0 0 17 0 0 0 0 0 0 0 0 0 0 0 0 0 0 0 48 0 0 0 0 61 65 0 0 0 0 0 0 0 0 0 62 0 0 0 0 0 0 0 0 0 0 27 0 0 0 0 0 0 0 0 0 0 0 0 0 50 0 0 0 0 62 99 0 0 0 0 20 0 0 0 14 79 0 15 0 0 77 60 0 0 0 77 52 0 0 0 58 0 80 0 0 3 0 0 0 0 94 0 0 0 0 0 0 0 0 0 0 0 0 0 0 10 0 0 0 0 0 0 0 34 0 68 0 97 86 0 0 0 0 0 0 0 0 0 0 0 0 0 46 100 0 0 0 0 0 0 0 0 36 0 0 0 0 93 12 0 36 0 0 0 0 97 27 0 0 0 76 99 0 0 0 0 0 82 78 0 0 0 0 0 0 0 0 0 0 20 0 5 0 0 0 0 0 40 0 15 0 0 0 0 0 0 0 0 79 0 0 0 0 42 51 9 0 0 25 0 0 0 0 0 0 0 0 0 0 0 0 0 0 83 0 0 0 0 0 0 0 0 0 0 57 0 0 0 22 0 0 0 0 0 0 0 0 96 0 9 0
0 0 11 0 0 0 0 0 56 0 71 0 0 0 0 0 0 0 0 0 0 0 0 73 0 0 0 0 0 65 0 0 0 26 82 0 0 0 87 0 0 0 0 0 0 0 0 1 0 0 67 0 0 0 0 0 0 0 12 0 0 0 0 0 0 43 0 0 98 94 0 0 0 0 96 94 94 0 0 0 0 0 0 0 0 66 11 0 0 0 0 0 0 58 0 0 0 7 0 0 0 13 21 0 0 0 15 0 0 0 0 0 0 0 0 78 0 29 0 0 89 0 0 0 0 0 0 0 0 0 0 0 0 0 19 75 0 0 0 75 0 0 0 0 0 0 0 0 0 0 0 0 0 0 0 2 0 0 0 54 32 0 0 0 0 0 77 0 0 15 0 92 0 32 38 0 0 0 19 70 4 22 0 0 0 0 0 0 0 0 69 0 0 62 0 9 0 0 70 0 0 100 0 0 0 0 0 0 0 0 0 0 0 0 0 0 98 0 0 0 59 7 39 0 0 29 0 0 8 29 0 0 0 32 0 50 0 0 0 0 0 0 27 0 0 0 0 0 0 0 0 0 0 85 0 0 0 0 0 0 62 0 0 0 0 0 0 0 0 0 0 0 0 0 0 0 69 4 0 0 5 0 0 0 0 0 0 0 1 0 0 0 0 26 0 0 1 0 0 23 87 41 0 0 56 60 0 0 0 0 0 0 0 0 76 0 19 0 0 0 0 0 83 43 0 0 92 0 0 0 0 63 0 0 21 0 0 0 1 0 0 0 0 10 0 0 55 0 0 0 0 73 0 0 0 0 63 7 0 0 0 0 0 0 0 89 0 0 0 0 9 0 0 0 0 0 0 0 0 0 0 0 0 0 0 38 41 0 0 0 77 92 15 0 49 0 0 0 0 0
20 0 0 96 90 0 0 58 56 0 0 0 0 0 0 74 0 0 0 0 0 0 0 0 0 0 0 0 0 0 0 0 5 0 20 0 2 0 92 0 0 1 0 0 31 95 0 0 0 0 0 0 0 0 0 0 0 45 0 0 0 0 0 0 0 0 0 57 0 12 0 0 0 0 12 0 0 0 43 0 0 0 0 0 0 20 4 0 66 19 0 2 0 65 49 0 0 0 0 0 0 0 0 0 28 0 0 39 0 0 0 19 34 0 0 0 0 0 0 0 0 0 3 0 24 0 0 0 0 0 0 72 0 72 51 0 0 39 0 0 0 0 53 2 0 0 0 0 0 79 0 0 75 0 0 0 44 0 76 0 28 0 0 0 0 0 0 83 0 0 72 0 90 0 0 0 52 89 56 0 0 0 0 0 0 0 85 28 0 0 0 0 0 0 0 0 0 0 0 47 0 0 0 0 0 0 0 37 0 0 0 0 0 0 0 0 0 0 76 0 53 32 0 0 12 0 0 0 100 22 0 47 79 0 0 0 0 0 0 0 95 0 0 0 0 0 0 0 0 0 0 0 47 14 77 0 0 50 51 47 7 13 93 20 0 94 0 78 0 0 0 26 0 0 0 0 84 0 0 0 0 0 0 0 0 0 0 0 0 62 0 0 0 0 0 0 0 0 15 56 0 93 0 0 0 0 34 82 0 25 0 0 0 0 0 0 0 30 39 0 3 0 0 0 0 2 0 37 0 0 0 0 60 0 41 0 0 0 0 0 0 0 0 20 0 0 0 0 0 0 61 49 0 0 0 0 0 0 0 0 0 0 0 61 28 57 0 0 0 10 0 0 39 72 95 51 0 0 0 0 0 0 0 0 0 0 0 0 0 0 0 0 0 0 0 0 74 18 65 0
0 0 91 0 0 99 0 0 89 0 26 0 53 22 0 0 0 0 0 0 0 0 0 0 44 0 0 0 0 0 0 0 0 0 0 0 0 19 0 0 41 0 0 91 0 55 30 0 80 0 0 0 9 71 0 0 97 0 61 0 0 0 0 2 0 89 0 76 45 0 0 0 0 81 22 0 15 0 86 0 0 0 0 37 0 0 0 0 0 0 0 41 57 78 0 34 39 0 0 0 0 0 0 28 0 66 82 0 0 0 0 0 0 0 10 0 0 0 0 30 0 39 0 0 68 0 0 0 0 0 0 0 67 0 0 98 86 58 0 2 58 0 0 0 0 0 0 0 78 23 0 0 70 23 0 0 80 0 0 0 0 0 0 0 0 0 0 0 0 41 0 17 0 0 0 0 0 24 70 0 0 0 0 0 53 12 0 3 0 0 0 0 0 0 0 0 65 0 0 0 0 36 0 0 0 63 0 0 75 0 0 59 19 0 0 0 63 0 0 31 0 0 0 0 83 0 96 0 0 14 0 0 30 0 0 0 0 0 0 0 86 0 0 68 0 0 0 0 0 0 0 0 0 0 0 0 0 0 48 0 79 25 0 0 0 0 0 0 0 0 0 0 59 0 0 0 0 53 0 0 11 0 0 0 0 0 0 0 0 0 0 0 0 0 0 0 0 0 0 0 0 0 93 0 0 0 38 49 0 0 0 0 0 0 0 16 0 0 0 35 0 0 0 0 0 11 0 0 0 0 0 77 0 77 0 0 0 0 77 0 0 0 0 58 0 15 0 91 72 53 0 0 0 0 0 0 0 0 0 0 0 0 0 0 0 0 0 15 0 0 0 0 0 0 0 0 22 0 0 0 48 0 38 0 0 51 0 0 0 0 0 0 0 7 0 0 0 0 0 0
34 80 59 0 0 0 67 90 0 94 0 87 96 15 0 0 0 5 0 0 0 0 90 0 0 80 93 0 0 0 0 0 0 80 0 27 0 0 0 0 0 37 0 0 0 0 0 36 0 0 85 2 0 0 0 0 0 0 1 0 0 0 0 44 0 10 0 29 0 0 0 0 0 0 0 0 0 0 0 91 0 0 61 0 0 0 68 0 0 0 0 0 0 0 0 68 0 0 17 7 0 0 0 0 0 0 0 0 0 0 0 50 0 0 0 42 0 57 0 5 0 0 70 0 0 0 0 0 0 0 0 46 0 0 0 0 0 0 0 0 0 0 0 0 0 0 19 0 0 0 0 0 0 0 0 0 0 0 0 0 0 0 31 2 0 0 0 0 61 0 0 85 0 0 0 0 0 67 0 0 100 0 0 0 0 14 0 0 0 0 54 44 0 0 58 0 46 63 0 0 0 0 72 0 0 0 0 0 0 20 0 0 0 0 68 0 0 0 0 0 35 0 0 0 0 0 60 0 0 0 0 0 0 0 35 14 0 0 0 0 0 0 54 39 0 0 57 0 42 85 0 0 0 0 10 0 0 36 28 9 0 0 0 0 0 0 0 0 84 0 0 0 10 95 0 0 0 85 15 0 0 0 0 0 0 37 0 0 17 0 56 15 0 6 0 0 0 0 0 0 0 71 61 0 0 12 10 71 0 0 0 0 0 0 84 0 0 80 0 49 0 0 87 0 0 0 94 0 6 0 0 0 0 0 30 0 9 26 0 0 0 0 0 0 11 0 48 0 0 0 0 0 0 0 0 0 0 0 0 59 0 0 0 63 0 0 0 94 0 0 0 68 0 0 5 0 0 0 92 0 0 82 0 0 32 0 0 10 0 0 0 92 85 12 16 0 54 0 0 0
0 0 0 0 0 0 0 0 0 0 89 0 0 0 0 0 0 54 53 0 52 32 7 0 0 86 0 0 0 0 0 0 0 0 0 0 0 0 0 85 0 0 0 0 0 0 0 0 0 23 75 0 58 9 0 85 8 0 0 0 0 52 17 0 0 0 0 89 22 0 98 0 0 0 0 0 0 30 37 0 0 80 0 0 0 0 0 84 0 0 29 0 0 0 0 0 0 96 0 0 0 39 0 0 0 46 0 0 19 0 0 0 90 0 0 0 0 79 49 0 0 51 0 0 0 0 0 88 0 0 6 0 0 19 0 0 68 0 0 68 0 24 0 0 0 0 0 51 10 0 42 22 0 0 0 0 0 0 22 0 0 0 0 0 76 0 0 10 0 0 0 0 0 0 0 91 0 0 0 0 52 0 0 2 0 0 0 0 0 72 0 0 50 0 0 73 0 0 91 0 0 0 0 0 0 0 0 39 0 0 78 0 0 13 0 0 0 0 0 0 0 54 0 0 2 0 0 0 0 0 0 0 87 13 31 0 0 85 0 0 0 0 0 0 0 0 0 0 0 87 0 5 79 0 0 0 39 0 0 0 0 30 0 0 75 0 0 0 0 55 0 0 5 0 0 0 66 0 0 0 51 0 0 76 0 0 0 0 0 0 11 0 0 0 60 0 0 0 0 75 0 0 0 57 0 15 0 0 24 52 0 0 0 0 52 0 0 0 0 0 0 0 0 0 0 0 100 0 0 0 0 0 0 0 0 0 0 0 0 0 0 0 79 0 100 0 28 44 0 81 0 0 0 0 19 0 0 0 29 2 0 0 0 0 0 0 27 0 57 0 0 77 0 0 0 0 0 0 0 61 0 49 0 0 0 82 16 0 0 27 20 0 0 67 0 28 0 81 0 0
77 0 0 0 53 50 0 0 40 0 0 0 0 0 0 0 84 57 0 0 34 0 0 0 0 4 0 93 0 0 59 0 0 0 0 0 0 0 0 0 0 96 7 77 16 51 9 0 0 0 0 0 0 95 0 25 0 0 0 0 0 0 0 0 0 17 16 0 0 55 0 0 0 0 0 63 42 10 47 0 91 9 3 61 0 0 0 0 35 15 0 0 0 0 0 0 78 0 0 21 100 0 0 0 0 0 29 76 0 0 79 49 58 0 0 0 52 55 0 0 0 0 0 0 0 0 0 0 0 0 0 0 0 0 0 48 0 0 0 0 0 0 0 0 0 0 0 0 0 100 0 0 0 0 0 0 0 0 0 0 0 0 0 91 0 0 0 0 0 0 94 0 0 92 0 0 0 56 0 0 0 0 0 0 33 0 79 0 0 53 0 0 0 0 0 0 76 69 0 0 0 0 0 0 0 0 0 0 83 0 0 22 32 0 0 0 0 0 27 80 0 0 74 0 0 0 0 20 0 0 0 33 0 0 0 0 70 0 0 16 0 0 0 0 0 0 0 9 0 25 0 0 0 93 0 0 0 0 22 0 0 0 0 0 0 40 4 0 0 0 32 0 0 75 21 0 7 0 0 0 0 0 0 0 0 0 0 0 0 8 0 0 0 54 0 17 0 0 0 0 0 0 45 0 26 0 0 0 6 0 0 0 0 0 0 33 0 98 0 0 52 0 0 0 77 31 0 0 0 0 0 0 0 0 0 0 0 26 23 0 16 0 0 0 0 0 0 0 0 0 0 0 0 0 0 0 0 0 0 100 0 45 61 0 0 0 0 73 100 0 0 0 98 0 38 0 3 0 0 0 0 0 0 99 0 54 44 0 0 56 0 0 25 0 0 0 92 71 0 0
97 0 0 0 0 0 0 0 0 0 68 0 0 0 0 0 0 0 0 0 0 0 0 81 0 0 0 0 71 0 85 0 0 5 0 0 0 0 0 0 44 48 0 40 95 0 0 0 0 85 0 0 0 15 75 11 0 57 0 96 0 0 0 27 0 0 0 0 0 0 0 60 0 26 0 0 0 0 0 12 35 0 33 0 0 68 78 0 0 0 86 0 84 0 0 26 0 64 0 29 0 0 0 2 0 51 0 0 0 0 88 0 0 36 0 0 0 48 0 0 0 0 0 0 72 36 0 0 0 0 0 0 0 100 0 0 83 0 59 0 9 0 0 0 0 0 0 10 0 0 0 0 0 0 0 38 0 0 0 72 0 97 0 0 0 0 0 44 0 85 0 0 83 0 0 0 0 0 0 0 81 21 0 0 48 0 0 0 0 0 0 22 85 0 0 11 0 0 55 0 0 74 0 0 47 0 0 85 0 0 0 0 0 0 0 0 0 0 0 7 0 0 0 0 0 0 0 8 48 0 0 0 0 35 0 0 75 0 0 88 0 0 0 0 0 72 0 0 13 26 0 99 0 0 0 30 0 0 40 0 0 0 0 0 0 0 0 0 0 0 87 0 0 42 90 0 0 65 42 44 0 0 0 0 0 0 88 0 0 53 52 1 76 0 61 0 61 0 87 64 0 0 96 0 0 0 76 0 0 38 82 2 0 50 1 0 0 0 0 0 0 0 48 0 0 0 0 0 0 44 63 0 79 0 47 98 0 0 0 0 59 0 0 85 44 0 87 0 0 0 0 0 75 0 0 15 0 0 0 0 0 0 0 41 0 0 0 0 0 0 0 97 0 0 0 71 0 0 0 0 55 0 0 0 0 0 0 58 0 0 0 0 87 0 0 0 0 0 0 0
0 0 0 32 0 0 0 0 47 0 0 69 0 0 0 0 0 0 72 0 0 6 0 0 0 0 0 0 0 0 0 21 0 0 0 0 0 37 89 0 19 0 0 0 0 0 0 0 0 0 0 0 0 78 17 20 65 0 0 94 69 64 0 46 0 0 0 0 0 99 0 0 0 0 0 0 71 35 13 0 85 0 39 0 0 0 0 0 68 0 0 0 0 0 24 0 0 30 0 0 0 0 0 0 0 40 86 0 0 24 0 0 92 0 0 45 0 0 0 0 0 54 0 0 36 28 26 0 0 0 21 0 89 0 5 0 0 0 6 0 53 0 0 0 0 23 0 0 0 0 0 0 35 0 0 0 0 0 28 0 0 0 0 53 63 0 0 0 0 0 0 72 0 0 0 97 73 0 0 0 0 0 92 0 0 81 0 0 15 0 99 0 20 32 33 0 0 0 0 0 0 0 0 0 0 56 0 0 46 0 0 0 0 0 77 0 0 0 0 37 0 0 69 0 0 0 0 0 0 0 20 0 17 0 0 51 0 85 0 0 0 28 19 0 0 0 0 76 0 0 0 0 58 0 0 21 72 0 0 0 0 56 0 0 0 19 0 0 0 0 0 0 0 0 0 75 0 0 92 45 0 38 0 0 16 0 29 0 0 0 0 0 0 0 46 0 0 92 0 0 0 0 0 0 46 0 0 0 68 0 0 0 9 0 0 8 0 70 0 0 0 87 0 0 68 75 0 0 0 0 0 0 0 27 0 0 0 0 34 0 0 56 0 0 0 0 94 0 0 0 60 99 0 0 7 0 0 48 38 0 0 0 0 13 0 72 0 0 89 7 0 84 0 77 0 0 54 0 0 0 0 0 31 0 0 0 0 83 0 84 0 0 0 0 0 0 0 78 0 0
0 0 45 0 0 9 24 77 0 83 0 36 0 0 8 10 0 0 95 0 0 90 0 56 53 0 0 0 0 0 0 0 0 0 0 0 0 0 78 89 0 0 0 0 62 0 0 0 51 53 0 0 46 0 0 0 0 0 54 0 0 0 0 0 0 0 0 0 72 0 0 0 61 6 0 0 44 0 0 0 0 0 0 41 0 0 0 0 31 0 0 0 0 0 0 0 0 0 0 0 0 0 0 0 0 60 64 0 0 0 0 0 0 0 0 0 0 0 0 51 0 0 33 37 0 83 76 0 0 0 0 87 0 0 34 0 0 90 0 0 81 0 0 0 0 0 0 0 0 0 0 78 0 13 0 16 73 10 36 0 0 0 38 0 0 4 0 35 0 0 0 0 0 23 5 0 0 0 0 0 0 91 0 0 36 0 0 0 0 48 26 0 0 0 0 12 73 0 0 0 0 0 0 0 0 0 0 0 0 0 89 0 0 0 0 0 0 0 0 0 0 0 0 0 0 0 0 0 0 0 0 0 0 72 0 0 73 0 85 65 62 0 0 55 0 18 0 0 0 99 10 0 23 28 0 63 0 0 0 4 0 0 31 0 0 97 80 0 0 89 0 0 0 0 0 0 0 14 0 0 0 0 88 52 0 0 0 43 0 0 0 0 0 0 0 0 0 0 0 0 0 0 0 25 0 0 0 0 0 0 0 26 0 0 0 0 39 22 82 0 0 2 0 0 0 0 0 53 0 0 0 0 0 0 33 0 10 50 0 0 0 0 0 72 0 1 0 0 0 21 0 3 0 29 0 70 63 0 0 97 0 0 0 0 0 62 0 44 0 0 0 0 0 0 30 0 0 48 0 0 0 0 0 0 0 0 17 5 88 17 0 0 0 0 0 0 0 42 0 12
0 0 0 0 0 0 56 83 0 0 33 0 0 0 0 83 0 0 39 0 33 42 6 0 0 0 3 0 0 65 0 11 0 0 0 0 0 0 0 0 23 0 0 0 0 0 98 0 0 0 0 42 52 22 0 0 0 72 40 0 0 0 0 0 0 0 0 17 0 35 0 72 0 0 0 3 0 0 0 6 0 1 0 0 0 0 0 30 38 0 0 0 0 0 16 0 0 0 0 0 70 0 0 0 0 70 0 0 0 0 0 0 0 0 0 61 0 0 4 0 0 0 0 0 44 0 52 77 0 37 0 0 5 0 0 0 0 0 50 0 0 48 0 0 9 0 0 69 0 0 0 0 0 95 0 7 0 83 0 0 0 0 0 0 0 0 41 83 0 0 20 45 100 0 0 0 0 20 0 0 0 0 0 0 0 0 0 0 0 16 0 96 0 0 0 39 95 0 0 19 0 0 0 0 0 0 0 0 0 0 0 0 17 91 34 0 0 0 0 59 0 0 7 0 0 0 0 0 0 83 0 0 0 0 0 0 13 97 0 0 0 0 0 0 0 0 0 0 67 0 5 87 0 0 0 0 0 34 0 0 0 0 21 0 71 0 0 0 98 0 0 0 0 0 0 0 0 0 32 16 0 69 59 0 0 33 0 0 0 27 0 0 0 94 86 45 30 0 0 0 0 1 0 0 0 0 54 47 0 0 0 57 0 0 0 0 0 0 0 0 0 0 0 0 0 0 0 0 0 0 0 9 0 0 0 0 0 0 0 25 0 0 0 0 0 0 0 0 0 0 0 0 91 0 75 48 0 0 76 0 0 0 21 0 0 0 0 0 0 0 0 0 0 0 0 0 0 0 0 46 0 0 0 0 0 0 47 0 0 85 0 0 47 0 0 0 0 0 0 8
48 73 42 0 0 100 94 0 0 0 62 0 0 37 0 0 18 0 0 0 0 49 0 0 100 0 0 0 0 0 0 0 0 0 0 0 0 25 0 0 0 0 0 0 0 0 0 64 0 35 0 26 0 0 0 40 0 70 0 0 0 59 0 0 0 0 0 34 6 0 0 49 0 0 45 0 0 7 0 0 0 0 0 74 0 34 26 0 0 0 0 0 53 0 0 0 0 0 0 0 0 0 0 0 0 0 0 0 0 0 33 78 0 35 0 0 0 1 0 87 0 71 0 0 0 2 0 0 0 0 0 0 20 0 0 0 72 0 0 0 0 39 0 0 0 0 39 39 0 0 0 0 0 0 0 0 0 0 0 0 0 0 0 0 0 30 10 0 0 10 0 0 0 90 0 0 0 0 0 0 39 0 0 0 0 0 0 0 0 0 91 0 0 0 0 0 22 0 0 74 27 0 0 0 0 46 0 37 0 0 0 11 0 0 0 50 0 0 27 0 0 66 89 0 0 0 0 0 0 0 0 0 17 0 26 0 0 0 0 0 0 24 26 0 0 0 0 0 17 0 0 0 0 0 0 0 48 0 0 0 0 55 0 0 0 39 0 0 90 0 0 0 0 0 0 0 0 9 0 0 0 0 8 31 0 0 0 0 0 0 0 0 4 0 0 0 0 11 0 43 65 0 0 0 0 0 0 84 0 56 0 0 15 0 0 0 62 48 4 24 0 0 0 0 0 0 0 0 0 0 0 0 0 0 0 0 0 0 79 0 0 0 0 0 0 0 0 0 0 68 42 6 0 0 0 0 83 0 21 0 18 0 0 0 0 100 0 0 0 0 0 94 0 54 39 0 0 0 0 0 0 0 0 0 21 0 35 0 0 0 0 7 0 0 18 0 0 0 0 0
0 0 0 0 0 31 44 0 0 81 0 0 0 0 0 0 80 0 43 0 90 27 0 0 0 19 0 0 99 0 0 0 0 0 0 0 64 0 0 0 0 81 4 73 0 0 0 0 0 0 0 0 0 0 0 0 0 0 23 0 99 0 0 0 0 100 0 0 0 0 0 0 0 0 0 65 48 0 0 0 75 0 0 0 0 0 0 0 0 0 0 82 0 88 0 0 0 95 30 0 89 86 0 0 63 0 0 0 0 0 52 0 0 0 0 0 0 0 76 0 34 0 0 54 0 60 79 0 0 0 0 0 0 0 4 0 0 60 85 0 0 77 0 0 0 0 0 0 26 53 0 0 0 1 0 75 85 0 0 0 0 0 0 0 0 78 0 14 41 0 0 0 0 0 0 0 0 51 48 0 0 0 0 89 0 0 0 68 0 0 0 0 48 0 0 0 0 0 89 0 0 0 0 84 0 0 0 0 0 0 51 60 100 0 0 0 0 0 0 9 48 83 0 0 38 0 0 0 0 0 0 23 0 0 0 0 38 95 21 0 8 0 0 0 0 0 0 0 66 0 0 0 0 0 0 71 0 0 0 0 20 0 0 0 0 63 0 0 0 31 0 0 11 0 73 0 0 34 0 0 0 0 0 0 0 0 0 0 0 0 92 52 0 2 0 0 91 0 74 0 0 0 0 0 0 74 60 58 87 0 0 62 0 0 0 0 38 0 82 0 0 0 0 41 0 0 53 0 0 0 97 0 20 0 0 0 0 36 45 0 0 0 0 0 0 0 0 0 0 0 0 0 0 0 0 0 87 0 0 0 0 0 0 0 83 0 23 0 71 0 0 0 0 0 0 0 61 0 0 0 91 0 0 0 0 34 95 2 0 0 0 0 0 0 0 0 60 0 0 59
0 0 62 0 60 0 0 0 0 22 0 0 0 0 0 0 0 0 19 0 0 0 0 0 0 0 0 0 0 0 18 0 0 77 0 90 0 0 0 0 0 0 0 0 0 17 0 0 44 0 64 0 34 0 0 0 0 32 0 0 0 0 0 0 0 0 82 0 97 0 0 0 44 0 0 0 0 0 33 0 0 0 15 0 19 19 0 0 60 9 0 0 0 0 72 0 0 0 0 0 0 0 26 0 0 1 0 0 59 0 11 0 0 0 0 0 0 0 0 0 0 0 0 49 0 98 0 50 0 0 12 0 0 0 0 0 0 0 93 34 0 0 0 0 85 0 0 0 0 0 0 44 50 0 0 86 0 23 0 0 0 0 0 0 0 0 0 0 46 0 2 0 56 10 0 0 0 0 0 39 0 0 75 0 0 0 0 0 0 68 0 0 0 0 0 15 0 56 85 0 0 0 0 0 12 0 0 0 0 0 91 56 1 0 0 94 0 0 0 0 0 0 0 0 0 0 0 0 17 0 0 0 0 0 0 0 40 0 0 0 0 0 80 0 87 0 0 0 0 0 0 48 0 0 0 0 0 0 0 0 0 0 0 0 0 0 27 26 0 0 97 0 0 0 0 0 57 0 100 0 0 0 0 0 99 35 0 0 0 78 0 0 0 0 0 0 79 90 60 0 94 0 0 0 0 0 0 13 0 67 0 90 92 0 0 0 55 26 0 0 0 0 0 0 33 0 0 0 59 100 0 56 0 78 0 0 0 0 0 0 0 0 0 0 78 0 29 0 0 0 0 27 0 0 0 0 0 0 77 0 0 22 0 0 17 0 0 0 0 0 0 0 0 0 0 0 62 0 0 0 0 61 0 0 0 77 0 15 0 76 92 0 0 14 67 0 0 0 0 1
0 0 0 0 87 50 0 0 0 0 11 42 59 0 0 0 39 0 0 0 0 65 90 0 0 0 0 77 22 0 0 98 78 0 0 0 0 59 0 0 0 2 0 0 0 0 0 36 0 0 0 0 0 0 0 0 0 0 0 0 32 0 0 0 22 0 0 0 0 3 0 54 52 0 1 0 0 0 26 0 0 0 0 0 0 43 0 0 0 0 0 0 18 28 65 0 0 0 0 0 0 0 0 0 0 0 0 0 0 0 0 0 0 0 0 0 79 0 0 0 0 0 0 0 0 0 0 70 0 0 8 0 5 46 0 62 0 0 0 99 98 32 0 0 0 39 0 0 0 0 0 0 0 67 0 0 0 0 0 0 35 39 0 80 0 21 93 0 50 87 0 0 0 0 68 12 0 32 69 0 0 64 0 0 93 0 25 1 0 0 37 0 0 0 0 56 47 0 0 0 0 0 0 0 20 0 0 61 0 0 47 0 21 0 0 0 0 0 0 29 0 70 81 36 0 30 84 45 43 76 0 0 0 0 0 0 0 58 0 81 0 0 0 0 44 0 0 53 0 0 0 43 0 0 0 0 0 0 36 96 0 0 0 0 0 0 0 0 41 0 6 0 77 13 0 0 0 0 0 0 72 82 22 0 0 0 0 0 0 0 100 0 65 0 0 0 26 0 0 0 0 0 0 0 0 0 0 0 0 89 0 2 0 2 0 0 0 0 0 11 13 52 0 0 0 42 0 0 0 19 0 0 0 0 0 0 0 0 0 0 0 0 0 0 0 0 0 99 0 0 59 45 0 0 17 0 99 0 0 0 0 0 0 0 0 0 0 0 0 0 0 0 0 0 0 0 0 0 0 0 96 0 95 0 53 0 0 0 22 0 0 0 0 0 0 0 0 0 0 0
79 57 0 0 56 40 0 0 0 73 0 0 0 38 0 0 0 0 0 0 0 0 90 0 0 0 0 0 0 0 18 0 60 0 25 0 55 0 100 0 0 0 89 0 0 55 58 0 92 37 0 0 0 0 20 0 0 0 0 0 77 11 0 0 0 0 0 0 0 0 0 0 0 0 0 8 0 99 0 0 0 0 0 0 0 34 0 0 0 0 0 0 79 24 77 0 0 0 40 0 28 0 0 0 0 73 0 12 0 0 0 45 12 0 27 0 31 0 48 0 8 0 0 0 0 0 0 0 0 0 0 0 0 0 0 26 2 0 0 26 18 0 95 87 0 0 0 0 0 0 54 0 72 0 0 0 0 78 0 0 0 0 0 0 0 0 0 0 95 0 38 0 32 10 0 65 78 57 0 0 0 13 0 0 0 0 0 3 0 0 0 46 0 0 60 0 0 0 96 0 0 23 0 0 0 0 0 0 0 0 94 76 95 0 0 0 0 0 0 0 0 0 47 50 0 0 0 0 0 0 0 47 0 74 0 0 0 0 0 23 0 20 55 0 0 0 0 0 0 95 64 8 0 79 0 0 0 0 0 0 0 78 0 0 0 0 0 65 88 0 0 0 0 0 0 0 37 0 0 0 0 0 0 0 0 0 0 0 0 33 0 99 0 0 0 0 0 0 0 90 0 0 0 24 76 0 0 0 0 61 0 0 0 0 31 0 0 4 0 0 0 0 0 77 0 0 5 0 0 0 0 100 0 80 0 97 0 0 15 0 0 42 0 0 0 0 0 0 0 0 0 0 0 0 0 0 0 60 67 0 0 0 0 0 4 29 0 0 0 0 0 0 0 0 0 37 0 0 0 0 0 0 0 0 0 0 0 0 0 0 0 81 39 4 70 0 0 0 0 0
0 0 0 0 0 0 0 81 0 0 75 0 0 11 0 0 0 0 0 0 0 0 0 0 0 0 0 0 0 0 96 0 0 0 48 0 0 37 49 0 0 0 0 0 0 0 0 0 70 74 18 89 0 0 97 17 0 0 0 0 0 0 0 0 0 0 60 0 0 0 0 0 0 0 0 0 17 0 0 0 0 40 0 0 0 0 0 0 18 10 0 0 0 0 42 0 0 0 0 27 40 0 0 0 0 0 0 0 75 99 0 46 0 0 0 0 75 0 0 89 0 15 0 0 75 0 0 0 0 0 0 50 0 0 73 0 0 92 95 40 0 0 0 0 0 0 0 0 30 0 0 0 66 0 0 0 0 0 0 0 0 0 20 0 0 89 0 0 0 0 0 63 0 0 0 0 0 93 67 0 0 72 0 0 11 0 32 0 0 0 59 0 0 0 16 83 0 0 0 0 0 0 0 21 21 0 0 0 0 85 0 32 78 0 0 15 39 56 0 0 0 0 0 0 0 0 93 25 94 37 0 27 59 0 0 0 0 19 0 0 62 0 0 27 54 0 0 0 0 94 0 5 0 54 0 75 65 0 0 0 92 0 51 0 0 0 0 0 0 0 81 0 0 0 0 28 39 24 0 0 0 46 0 0 74 0 0 57 0 18 0 0 13 0 0 0 0 8 0 0 0 0 0 0 74 84 0 100 0 0 0 0 0 0 0 3 81 0 0 0 0 0 0 0 0 8 0 0 0 0 19 0 0 96 59 0 0 0 49 82 5 0 0 8 90 55 0 0 0 0 93 0 0 62 0 46 0 0 0 51 82 0 0 0 63 0 77 65 0 58 76 61 0 0 0 0 11 0 12 65 86 0 0 0 0 0 0 0 0 0 0 0 0 0 87 0 0 0 0 0
0 0 0 0 0 52 60 19 62 15 0 0 0 0 0 0 0 0 0 0 0 0 47 0 0 0 8 0 0 53 0 0 0 0 0 0 58 68 0 0 0 0 0 0 15 0 0 39 40 0 0 0 0 54 0 0 39 0 0 67 80 0 61 0 0 0 0 0 0 0 0 24 67 0 0 54 0 0 76 0 44 94 76 0 0 0 0 0 0 0 0 0 0 0 0 0 0 0 0 0 20 33 80 0 35 0 0 28 68 0 68 0 0 0 79 0 0 0 90 0 0 26 22 62 0 0 0 0 0 0 0 43 0 0 0 0 0 0 46 0 0 0 53 0 0 0 0 0 0 0 0 0 0 0 0 0 33 0 0 60 0 0 0 16 54 0 0 0 0 0 0 0 0 0 0 0 0 0 0 0 0 86 0 0 0 0 0 0 2 0 0 0 0 0 20 0 0 0 63 0 0 0 0 0 0 0 0 0 0 0 69 0 0 0 0 0 0 40 0 0 0 0 0 0 0 0 0 0 0 0 0 42 0 2 73 0 0 0 0 63 0 86 0 0 0 0 0 0 0 0 0 93 0 0 0 56 0 90 0 0 0 0 0 0 0 0 0 0 0 80 0 0 0 61 0 0 0 13 0 0 0 0 28 0 0 0 0 0 71 0 0 0 10 0 0 0 0 0 0 91 0 0 97 22 0 0 0 0 0 0 0 0 0 0 0 0 0 0 0 0 0 0 26 0 27 0 74 75 0 0 19 0 0 73 0 0 0 0 0 0 0 0 0 0 0 0 0 51 0 0 68 0 85 0 0 41 0 0 52 0 0 0 0 0 0 67 0 0 96 0 0 0 0 0 0 0 0 0 11 0 0 0 10 0 0 0 0 0 0 4 0 0 0 0 27 68 8 0 0 63
0 0 24 0 0 91 2 0 0 0 0 26 0 0 0 16 0 0 0 0 0 0 0 0 0 0 0 0 0 0 0 0 68 0 0 0 100 7 0 0 0 0 77 0 0 0 0 0 98 10 0 0 0 0 44 0 0 0 56 0 0 0 0 0 0 56 0 0 0 0 0 0 0 0 81 0 0 0 0 0 0 0 0 52 0 0 0 0 0 93 0 0 0 0 0 0 0 0 0 0 0 0 1 79 0 6 0 4 0 0 29 0 2 98 7 0 52 0 0 0 0 0 0 0 0 9 19 0 33 0 85 0 0 0 0 0 94 0 45 0 0 0 0 85 0 0 0 72 0 12 0 0 0 0 94 45 76 0 0 56 73 0 56 0 0 0 67 0 0 69 0 73 0 0 0 0 0 73 29 0 72 0 0 0 0 40 0 92 57 68 0 0 0 0 0 0 0 0 25 0 0 0 81 0 0 0 25 0 0 30 0 5 0 59 22 0 67 30 16 0 0 0 0 0 0 0 0 0 0 0 0 81 0 0 0 0 36 0 89 0 0 0 0 18 0 0 0 0 0 30 0 0 0 0 0 11 0 0 0 0 0 54 0 89 0 29 9 0 29 0 0 0 0 0 0 43 0 0 63 45 17 0 0 0 0 0 0 0 0 0 0 26 0 0 0 0 0 60 0 83 0 0 0 0 0 91 0 5 0 0 28 0 0 18 0 0 0 0 0 64 0 26 0 0 0 0 36 64 86 0 0 0 0 0 0 0 46 89 100 0 0 0 90 0 0 0 0 0 94 0 95 0 0 0 0 0 98 0 0 23 0 0 0 27 0 0 0 0 0 0 5 0 0 0 36 0 0 66 0 0 41 0 0 0 0 0 0 0 55 0 0 0 0 57 0 0 0 11 0 0
0 4 0 0 9 0 0 0 0 32 0 0 0 0 33 0 0 0 37 0 0 0 57 0 0 97 0 0 0 55 0 0 58 0 0 0 59 0 98 85 0 0 0 0 0 0 20 0 0 67 0 49 0 19 97 0 0 33 0 0 35 61 35 28 0 7 0 0 37 67 0 0 0 76 0 0 0 0 20 0 0 86 0 21 95 0 0 63 0 0 78 0 27 0 0 0 0 0 22 0 0 0 0 22 71 0 0 53 0 0 0 0 0 82 0 0 69 0 10 0 0 0 85 0 0 0 82 0 24 0 0 42 60 10 0 0 0 0 0 0 0 0 0 1 0 0 0 0 0 0 0 0 0 0 0 0 0 19 9 0 0 0 0 0 0 0 0 99 0 0 0 0 0 0 0 96 0 0 0 64 31 0 0 0 0 0 0 12 40 0 5 0 0 0 94 0 0 0 0 0 0 0 0 92 0 18 0 0 0 0 0 0 0 0 0 0 0 41 0 0 72 0 0 0 0 0 0 0 0 0 1 35 0 0 31 0 0 0 0 38 0 39 48 47 0 0 0 0 0 0 0 0 0 0 21 0 0 68 93 0 0 89 0 35 71 0 46 74 0 0 0 8 0 0 0 0 0 0 46 0 78 0 0 0 0 0 0 0 0 7 0 0 0 0 0 99 0 0 46 0 67 0 16 0 0 0 0 0 0 0 0 0 0 0 0 0 0 0 0 0 0 0 0 0 0 71 0 0 0 0 0 8 0 86 0 20 0 74 0 0 0 0 0 0 0 0 47 0 0 0 0 0 0 0 7 0 0 0 0 0 0 0 0 0 81 0 0 0 97 0 0 0 100 0 5 72 0 10 0 0 62 0 0 0 0 72 86 0 0 92 0 0 0 83 0 0 53 0 0 0
0 0 0 0 0 0 0 0 0 91 53 0 82 0 0 0 0 0 95 0 0 0 0 9 0 0 40 0 0 0 95 0 0 0 0 0 57 0 0 0 0 45 42 83 0 0 0 98 32 33 0 0 0 0 0 0 0 0 0 0 3 0 0 0 0 0 0 0 0 61 0 0 0 79 18 0 0 41 0 90 0 0 0 0 0 0 94 0 0 0 0 0 0 0 0 0 0 0 0 0 0 0 0 0 0 0 84 8 0 0 95 0 0 0 0 0 26 94 15 0 0 0 0 0 0 0 0 68 5 0 0 0 74 0 55 0 0 0 24 0 0 10 0 58 0 64 0 0 0 63 0 0 0 0 7 0 0 0 0 0 0 0 0 0 38 0 0 0 0 71 0 0 18 84 0 0 0 0 0 19 63 81 0 0 0 0 0 17 0 6 12 0 0 0 35 0 0 0 46 0 0 0 0 0 0 0 0 0 0 0 0 0 15 88 0 0 0 37 0 0 0 22 0 91 0 25 0 0 93 0 0 0 0 90 0 0 0 0 0 0 0 0 69 0 36 0 0 0 0 4 0 70 0 0 0 73 0 29 0 26 0 7 0 0 0 0 0 0 0 17 0 0 0 0 0 0 9 72 0 0 0 0 0 0 60 16 0 0 0 0 0 0 86 0 0 0 0 66 0 0 0 0 0 0 0 0 30 0 0 27 0 0 0 0 0 0 92 0 0 0 0 0 0 0 0 0 59 52 0 0 0 0 0 15 0 90 76 0 12 0 25 0 0 0 0 0 0 88 55 44 63 0 0 32 0 0 0 0 47 0 0 0 0 0 76 0 5 0 0 0 0 0 0 0 0 0 0 0 9 0 0 0 0 0 0 0 61 0 0 0 0 33 0 0 30 0 34 0 0 0
0 0 0 51 12 0 72 0 61 0 0 76 0 0 0 0 28 0 0 0 0 0 0 92 80 0 0 0 68 0 0 0 66 52 0 0 0 91 0 0 0 0 30 0 0 28 0 99 0 0 0 17 0 0 0 0 50 0 0 0 0 5 0 0 0 79 0 0 0 0 29 0 0 0 0 0 0 81 0 0 0 0 82 25 0 0 11 0 0 0 54 66 0 0 0 0 0 0 0 0 0 13 36 0 0 56 0 0 32 0 0 0 0 0 0 0 22 0 0 0 0 0 58 0 0 0 69 0 0 0 65 0 0 45 0 0 0 0 0 0 0 0 0 0 0 0 59 62 0 90 94 0 0 0 0 0 0 0 0 0 0 41 0 13 0 0 0 0 0 0 0 0 0 65 0 0 0 56 0 0 0 0 0 0 42 0 0 95 0 27 0 73 0 0 0 0 0 0 62 69 0 0 0 0 0 0 20 44 64 0 38 0 79 0 0 0 0 0 0 0 0 9 0 0 0 0 89 0 0 0 0 0 0 0 62 0 71 0 0 0 0 0 0 0 0 0 7 44 0 0 0 0 0 0 0 0 0 0 0 59 0 0 0 0 51 19 0 0 66 0 0 0 0 0 0 0 0 0 89 0 0 0 29 34 0 0 32 41 0 0 0 33 0 73 54 0 0 0 0 0 0 0 0 0 2 0 0 0 0 0 0 95 0 0 0 0 0 25 62 0 0 0 0 96 0 0 0 0 0 0 0 0 0 0 0 6 56 0 64 0 0 0 0 0 0 0 97 0 0 0 0 0 83 0 0 0 0 90 0 0 0 0 0 0 81 64 12 37 0 89 90 0 0 0 0 0 0 0 0 0 0 3 0 0 0 0 0 43 0 0 0 0 0 0 0 0 0 0 0 0
0 0 0 0 0 0 0 0 50 13 56 0 0 0 0 0 100 0 0 0 0 0 0 57 0 0 76 0 0 0 33 0 0 64 0 40 0 0 78 0 0 0 0 0 0 37 68 0 60 41 32 0 0 29 0 0 0 64 0 0 0 0 0 0 0 0 0 0 12 0 0 0 0 0 0 0 31 0 0 0 68 0 0 0 0 0 0 0 0 40 27 0 0 0 0 0 0 0 0 0 0 61 88 78 0 17 0 0 0 0 0 0 0 0 0 0 0 0 40 0 0 0 0 6 0 39 0 6 0 85 0 0 0 0 0 0 0 0 17 0 15 0 0 30 0 1 0 0 0 0 0 0 66 0 0 0 0 0 0 8 0 0 0 0 0 0 92 0 0 0 0 0 0 0 0 0 41 0 87 40 38 0 78 0 0 0 0 79 52 0 0 51 0 0 0 0 0 0 0 0 0 0 0 58 0 0 99 0 0 0 9 10 1 0 0 0 0 0 0 0 0 0 0 0 0 0 0 5 68 0 0 0 0 0 0 61 0 54 0 0 0 0 92 0 26 0 0 0 0 0 0 28 0 0 55 0 0 0 0 0 0 89 0 0 0 54 95 0 0 80 0 0 0 0 0 93 0 0 94 0 0 0 65 0 28 0 0 0 39 0 40 0 97 88 0 55 0 86 0 26 0 57 0 0 0 0 0 0 0 9 0 0 69 0 0 0 0 0 0 0 0 0 0 0 0 0 11 41 42 0 0 0 0 91 93 57 0 0 0 56 0 0 0 0 0 0 0 0 0 73 29 0 0 0 65 0 0 0 0 0 0 0 0 0 0 0 57 0 0 0 0 0 30 0 18 0 0 0 0 0 0 0 0 7 38 0 0 0 0 72 0 29 0 0 0 0 0 0 0 0
0 0 0 0 0 0 1 45 77 0 93 0 0 94 0 27 0 0 0 57 0 60 63 75 0 95 0 0 85 0 0 36 6 0 0 0 0 0 0 0 0 0 0 78 0 0 44 0 0 0 36 0 0 0 0 0 70 0 0 0 0 0 0 27 0 59 0 25 0 0 0 0 6 0 41 0 0 0 0 0 0 84 0 100 0 0 0 0 0 0 0 0 0 10 0 0 0 0 26 0 0 0 96 0 54 0 5 0 0 48 0 0 0 0 0 0 0 9 0 70 0 30 89 0 0 0 0 0 32 0 10 0 0 0 0 0 67 0 9 89 0 0 0 86 0 0 0 0 0 0 58 0 0 81 0 0 0 0 0 0 0 0 0 100 73 0 0 0 0 0 0 0 100 0 0 12 0 97 0 0 0 0 0 21 55 0 0 33 0 84 0 0 11 0 0 40 0 0 99 0 0 0 18 0 0 0 0 0 0 0 0 0 0 0 96 36 0 64 0 66 0 60 61 0 0 0 0 0 51 32 0 49 20 0 29 68 0 0 0 32 0 0 0 73 67 0 0 0 10 0 0 0 40 0 0 99 0 0 0 0 0 0 0 77 9 0 57 75 0 0 0 0 0 0 79 0 0 0 0 0 65 0 0 0 33 72 0 0 0 21 8 9 0 0 0 0 0 0 0 0 65 0 80 0 98 94 0 0 70 0 39 0 9 0 0 22 0 0 0 82 49 0 0 69 0 0 64 0 0 0 0 0 0 0 0 0 0 98 12 0 0 0 0 0 0 0 0 63 0 0 51 0 90 0 5 0 0 0 18 0 0 36 0 0 0 0 0 0 29 0 63 0 0 0 0 0 70 30 58 0 0 0 0 0 0 45 43 0 0 14 0 0 0 85 0 0 0 20 72 0
56 0 0 0 41 0 4 0 0 0 0 0 0 0 23 0 0 0 50 0 0 0 0 0 0 0 0 0 0 0 0 0 0 0 0 48 0 0 0 0 0 0 0 0 0 0 0 0 0 0 10 0 0 0 0 0 0 93 0 0 0 0 0 0 0 0 0 16 0 0 0 0 0 5 0 0 0 0 0 0 35 0 96 0 0 0 0 0 0 0 0 0 0 0 0 0 0 0 0 56 0 4 63 0 0 0 0 0 0 0 0 0 0 0 0 7 43 0 0 0 0 0 0 56 0 0 0 0 0 0 0 0 98 0 0 0 19 0 0 35 0 0 0 0 0 0 0 34 0 2 0 0 73 0 0 0 0 0 0 0 0 24 0 40 0 0 0 0 0 0 0 0 0 0 0 0 0 0 0 11 0 0 0 0 99 0 0 0 77 0 0 0 58 0 0 0 0 0 0 14 0 0 0 0 0 0 0 0 0 0 0 0 0 0 0 0 0 0 0 94 49 0 31 0 0 0 0 0 0 0 0 11 0 0 57 0 59 0 0 79 11 22 0 0 90 0 0 16 0 0 0 0 0 0 0 1 66 17 0 50 0 0 55 0 0 72 0 0 74 13 79 0 0 48 0 0 0 0 0 0 72 0 63 0 0 0 0 0 71 70 0 0 0 0 0 0 0 0 0 21 49 0 0 93 0 54 0 0 0 0 0 0 37 0 0 45 0 0 67 0 0 0 0 0 13 0 0 0 0 0 17 0 0 0 26 30 72 0 0 0 0 0 0 0 92 0 0 0 13 0 0 42 77 0 0 91 0 0 57 0 0 22 0 0 0 0 42 28 0 0 0 0 83 81 0 0 90 0 0 0 0 0 0 0 0 46 0 0 0 0 0 0 0 0 0 39 0 0 0 0
0 0 0 0 0 29 0 0 0 0 0 0 61 91 62 79 0 0 0 0 71 0 0 0 85 0 0 88 0 0 0 0 76 0 0 67 51 0 0 0 0 0 0 32 0 6 0 0 0 0 0 0 28 0 61 0 0 0 0 0 0 0 0 0 76 0 0 0 0 0 39 0 0 61 0 0 93 0 33 0 48 0 0 0 79 0 0 0 0 0 0 0 0 0 0 0 96 0 1 0 0 0 59 0 98 1 0 0 0 0 0 47 0 98 0 0 0 0 0 90 0 0 0 75 0 0 0 0 0 0 0 0 0 0 58 0 0 28 0 0 0 0 0 0 0 0 0 0 0 46 0 89 0 42 0 0 0 24 43 0 0 0 0 19 0 0 37 0 0 0 0 0 0 0 0 0 88 0 0 0 0 0 0 0 1 5 0 2 0 0 0 8 0 62 0 0 0 0 0 0 0 65 0 0 0 0 0 0 0 0 6 0 0 0 0 0 0 0 27 0 0 0 0 0 0 0 0 0 0 0 0 100 0 28 0 0 0 0 0 0 0 0 0 0 0 0 0 0 72 51 0 0 55 83 0 0 0 0 0 0 96 0 62 0 0 0 0 17 0 0 0 0 78 67 76 0 69 0 0 0 71 57 0 0 85 71 14 0 0 78 49 0 0 0 15 0 0 0 0 0 0 0 0 0 0 0 0 0 43 0 0 53 15 0 0 62 0 0 0 0 0 0 0 94 0 0 61 0 0 0 0 20 0 0 0 0 0 0 0 0 43 0 0 0 56 0 0 99 0 0 0 69 0 0 0 85 0 64 0 0 0 14 60 0 0 0 48 0 0 0 32 0 8 0 0 0 44 0 0 0 0 0 0 0 0 0 0 0 0 0 0 0 51 0 37 52 0 20 0 0
6 0 0 0 0 0 0 0 0 0 0 0 0 0 0 0 0 0 0 0 0 88 0 18 0 0 0 29 73 0 0 0 0 0 56 0 0 0 0 71 34 0 0 0 0 0 4 0 0 0 0 0 0 0 0 0 0 0 0 0 0 79 0 0 55 0 0 0 0 0 25 0 0 29 0 64 0 81 26 0 0 0 0 0 0 41 46 40 0 0 0 70 0 0 0 0 0 0 78 0 0 0 26 0 44 0 0 0 0 57 0 9 0 0 0 0 0 87 79 0 0 0 0 0 0 0 0 0 0 0 0 36 0 0 98 0 83 0 0 0 0 62 0 100 0 0 0 2 0 0 91 0 27 0 0 0 0 0 0 0 0 71 0 0 0 0 38 0 0 0 0 41 70 0 0 30 0 0 0 1 77 49 0 0 0 0 0 0 0 0 0 0 0 0 91 0 0 0 47 0 0 0 0 90 0 0 0 74 30 0 40 0 0 0 0 23 0 0 82 12 0 58 0 0 0 0 0 0 0 12 0 0 0 0 0 0 0 0 0 0 0 16 88 0 0 0 54 0 80 64 0 0 0 2 29 0 0 0 0 0 0 39 0 0 0 0 0 41 24 0 36 91 0 0 0 0 0 96 40 0 0 73 9 0 56 23 0 93 0 0 24 0 0 0 0 18 0 0 0 0 0 0 0 0 0 0 0 0 0 0 0 11 0 82 24 0 0 0 52 0 0 0 0 52 0 0 0 0 88 0 0 0 0 0 0 0 0 0 0 97 0 0 68 56 0 0 0 0 0 3 0 28 16 0 97 0 0 0 0 1 0 10 23 0 0 0 0 72 0 0 0 0 0 69 0 0 0 92 0 0 0 0 0 0 0 0 28 0 0 0 0 0 33 0 0 0 0 58 34 0
0 100 61 0 0 0 0 0 35 0 0 0 0 0 0 8 0 0 0 91 0 0 0 0 0 46 0 73 0 0 26 0 15 36 0 0 0 0 0 16 0 0 0 0 0 0 0 0 84 0 0 0 0 0 0 77 0 0 0 0 0 0 9 0 0 93 0 0 21 0 0 0 69 0 0 0 0 0 0 0 0 70 0 0 0 3 0 0 99 0 0 0 0 0 0 49 78 0 0 0 0 0 94 0 0 0 0 55 0 95 0 63 0 0 0 69 0 81 0 5 0 0 0 0 0 0 0 0 0 0 0 0 0 0 26 0 0 0 0 0 75 0 0 40 15 0 0 15 0 0 35 99 0 0 0 0 0 0 0 0 0 0 53 80 0 0 0 0 0 0 0 0 0 0 0 0 98 89 0 0 0 0 0 0 0 0 50 0 0 0 0 0 0 0 0 0 0 0 0 0 0 0 0 2 0 43 0 0 0 0 0 71 0 29 31 0 0 53 0 0 0 19 0 0 0 0 0 87 0 64 0 0 0 0 0 44 92 0 0 0 0 0 0 1 80 36 0 0 0 0 0 0 0 0 0 0 0 0 0 0 0 0 0 0 0 10 0 0 0 0 0 0 0 0 0 0 30 0 0 0 0 27 0 0 0 0 47 0 0 0 0 0 0 0 0 0 0 0 0 0 87 0 0 0 0 30 0 0 0 0 79 0 7 5 0 0 1 0 0 0 0 0 0 0 0 0 0 63 0 75 0 0 0 0 0 0 68 0 0 30 0 0 0 0 0 0 93 0 0 0 0 0 0 0 0 0 0 0 0 28 0 88 48 0 0 60 0 0 47 0 83 0 0 0 78 0 0 37 0 0 0 0 0 0 0 0 38 0 86 90 16 0 0 13 0 0 80 0 0 0
0 0 28 0 0 0 0 0 0 0 0 0 0 0 0 0 0 42 0 0 74 17 0 0 0 0 0 0 0 0 43 0 0 0 0 25 0 0 61 0 0 16 67 0 0 0 90 6 0 27 24 0 0 0 0 50 0 0 0 0 56 0 0 0 36 11 0 0 0 1 0 0 0 0 0 0 0 75 0 0 0 55 28 0 0 0 44 0 0 0 0 0 0 0 0 0 0 0 0 0 0 0 0 0 0 0 0 0 68 0 97 0 0 30 0 0 75 0 0 0 12 0 0 13 0 0 56 0 0 0 0 0 44 0 51 0 0 0 0 0 0 0 0 0 0 0 0 0 0 0 0 0 0 0 0 0 0 0 0 0 0 0 0 68 0 0 0 0 0 0 0 0 0 0 63 0 0 0 0 0 7 0 8 0 56 0 0 0 0 0 0 0 0 0 0 0 25 39 61 0 37 0 0 0 0 0 0 0 0 0 0 0 0 0 0 0 0 47 0 0 29 0 36 0 0 0 0 74 0 0 39 0 0 0 0 24 0 0 0 17 0 0 0 0 64 77 0 0 79 0 59 0 0 0 100 0 0 0 0 0 0 0 0 0 0 0 0 0 41 0 70 89 0 0 0 0 0 81 0 95 0 0 0 0 0 0 82 0 0 0 0 47 0 0 0 34 0 15 0 0 0 97 0 0 0 81 0 32 0 49 0 0 68 0 0 0 0 0 66 0 0 0 0 80 0 0 0 0 0 0 0 0 0 0 67 0 0 58 54 0 0 0 0 11 56 0 80 8 0 100 0 0 0 0 0 0 0 0 0 0 0 0 0 0 0 0 34 0 0 0 0 11 0 0 0 0 0 78 8 0 0 0 99 61 95 44 0 15 0 0 0 0 2 35 0 0 32 84 0 0
9 0 0 0 73 97 0 0 0 0 0 0 0 73 0 64 0 51 0 0 0 45 28 0 92 0 48 0 0 0 0 84 53 0 0 0 53 22 0 0 89 0 0 0 0 88 0 0 0 0 0 0 0 0 0 0 0 0 0 0 0 0 0 0 75 0 0 0 0 0 0 0 0 0 0 0 0 0 0 82 86 0 0 51 0 0 0 63 0 0 0 0 0 22 0 0 0 0 6 0 49 74 0 0 0 93 0 74 0 0 0 0 62 8 0 0 0 0 0 0 0 0 0 0 76 0 0 0 0 0 0 0 0 0 11 0 0 53 0 0 0 92 0 5 0 0 28 0 48 0 0 26 72 0 0 0 14 0 0 0 0 0 63 0 0 0 0 0 0 0 0 58 27 0 0 0 0 0 0 0 0 0 0 0 0 0 0 30 0 0 0 0 1 0 0 0 0 37 0 0 0 0 0 0 0 0 10 0 0 0 0 35 0 0 0 0 89 0 0 0 0 0 0 22 27 0 39 0 53 10 89 0 0 0 0 56 0 0 0 0 0 0 0 0 0 0 0 42 0 38 0 0 0 0 0 0 0 0 0 0 31 15 0 0 92 0 0 0 0 91 24 29 100 0 0 29 0 0 0 0 48 17 0 0 0 0 49 91 0 0 0 0 0 73 0 0 32 0 47 0 0 0 0 0 0 0 0 0 0 0 0 0 0 61 31 54 0 99 0 56 0 0 0 0 0 15 0 75 54 19 39 0 0 32 0 70 6 0 0 52 0 22 0 33 0 0 0 0 79 0 45 0 0 0 0 80 0 0 0 0 0 0 0 33 86 0 0 0 0 0 0 0 0 0 0 15 0 70 0 100 23 60 0 0 100 0 0 0 0 0 0 0 0 55 0 0 0 31 75 0
0 29 0 0 48 0 25 24 0 0 0 0 0 0 0 78 0 0 0 0 62 0 0 2 0 0 83 89 0 80 0 0 0 0 0 0 0 23 0 0 0 0 93 0 54 0 41 0 79 18 0 0 0 92 0 0 0 0 0 26 0 0 79 0 0 0 0 0 0 0 0 0 0 58 0 0 9 0 0 0 0 0 0 0 19 0 15 0 0 0 47 0 20 0 0 0 41 0 0 0 0 0 88 0 64 0 49 0 0 0 0 0 0 0 32 0 50 0 16 0 0 0 0 0 0 0 0 0 0 0 0 0 0 0 36 0 0 0 0 36 60 0 0 0 0 0 60 0 0 0 40 0 0 0 41 0 0 80 86 0 77 0 20 0 0 0 6 0 0 47 0 0 0 0 0 9 0 0 0 0 84 96 86 0 0 0 0 60 0 0 0 0 59 64 41 0 0 0 0 0 0 0 0 80 0 0 34 0 0 0 0 26 0 0 0 0 0 9 0 0 0 58 0 0 5 0 0 0 89 0 0 0 0 0 0 0 0 0 0 52 0 26 90 0 0 0 90 0 0 51 0 0 0 0 0 15 0 0 0 0 42 86 0 0 51 14 0 85 0 0 93 47 43 0 0 0 3 0 14 61 0 0 17 34 0 0 76 71 0 0 0 0 0 0 14 0 0 0 0 0 0 0 0 11 0 0 0 0 37 16 0 0 0 0 0 0 0 0 0 0 0 0 13 0 0 10 31 0 94 0 0 0 11 0 0 0 0 0 0 0 0 0 0 98 77 0 0 0 0 0 0 85 0 0 0 0 0 77 0 0 0 0 0 0 0 0 6 0 0 0 0 0 0 0 0 0 26 0 0 0 0 99 0 0 0 0 0 0 92 0 57 0 0 0 0 0 0 0 0 0
0 0 0 0 0 0 0 0 0 0 88 0 0 0 0 0 63 0 0 0 0 0 0 0 0 0 0 0 0 0 34 0 0 0 0 64 55 58 0 35 0 0 0 0 0 0 65 0 0 72 0 19 0 0 0 33 0 0 0 0 35 19 0 0 12 0 0 0 0 0 0 0 0 0 71 0 0 0 18 30 0 0 26 88 0 0 0 0 51 0 0 0 0 0 0 0 0 0 76 0 32 0 3 0 22 48 80 0 0 0 0 0 0 0 0 0 0 0 0 31 65 53 0 85 100 0 0 0 0 0 0 96 64 0 0 0 0 0 0 0 59 26 0 0 0 0 0 0 27 0 0 41 0 0 30 0 0 0 0 0 0 0 0 0 0 0 79 0 85 0 0 0 21 0 33 0 0 0 43 0 0 0 2 0 0 0 0 0 0 58 0 9 41 0 0 0 0 0 36 0 0 0 0 0 0 3 0 0 62 0 0 0 0 0 85 0 0 97 0 0 0 0 0 0 0 0 0 19 0 0 0 0 0 0 0 0 82 0 0 0 0 0 18 0 0 93 35 3 0 0 0 0 0 0 0 0 0 0 0 0 0 0 62 0 0 0 0 0 0 0 0 0 0 0 0 0 0 94 0 0 0 0 0 0 0 0 0 0 21 0 0 0 0 0 0 0 0 0 12 0 0 0 66 9 0 0 0 0 0 0 0 0 0 0 0 0 0 0 0 90 0 0 0 0 0 79 84 65 0 0 91 0 0 0 0 0 0 0 0 0 56 40 48 0 0 0 0 0 0 0 0 0 0 0 0 30 0 0 11 0 0 0 0 0 68 0 72 66 0 0 0 42 0 0 0 85 0 0 0 0 0 0 0 0 0 0 80 0 29 0 0 47 26 23 0 99 0 78 0 48
0 0 0 0 97 44 84 0 25 58 1 0 79 0 0 0 0 0 0 26 0 23 0 83 0 0 0 0 0 92 0 0 0 22 0 0 0 0 0 60 0 0 0 0 34 28 0 0 0 0 20 0 76 0 0 7 0 1 57 0 0 0 0 0 0 37 0 3 0 0 40 39 0 50 0 0 80 0 0 61 0 78 47 0 97 0 0 37 0 10 0 0 0 46 0 0 11 0 0 91 0 0 0 33 0 0 0 86 13 0 0 0 0 0 0 0 0 0 0 0 0 0 0 8 0 0 0 0 0 0 0 0 0 96 0 68 0 25 0 0 0 0 0 0 0 38 27 0 0 0 0 0 48 0 0 0 0 0 63 70 0 0 98 0 0 31 0 81 0 0 0 0 0 0 0 0 0 0 0 0 78 0 0 0 0 0 0 0 0 0 34 89 0 0 0 0 10 0 57 0 0 0 0 0 0 44 0 0 0 0 0 0 0 0 0 0 0 0 0 0 0 16 53 0 0 0 0 0 54 0 0 0 87 0 29 0 84 10 0 0 0 0 0 60 0 0 28 0 0 0 67 0 0 30 0 0 0 0 0 0 0 0 0 31 69 55 7 0 57 0 0 53 0 0 89 0 0 0 62 0 0 69 0 0 0 0 0 0 0 0 2 0 0 0 0 19 0 0 0 0 0 0 0 0 0 0 52 0 0 0 0 0 0 0 0 0 0 0 0 0 0 0 0 0 0 77 22 0 0 0 35 0 0 0 78 44 0 0 0 90 0 0 0 0 0 0 0 0 0 72 0 23 0 0 0 0 0 0 0 0 0 0 0 0 0 0 0 35 0 2 0 0 0 3 0 0 0 17 0 21 0 41 0 0 0 0 66 9 0 0 0 0 0 0 0 58 0 0 0 0
0 38 0 0 14 0 79 0 0 0 0 36 0 50 77 0 0 0 0 0 94 61 0 0 0 30 0 51 87 0 0 57 0 0 0 0 39 0 0 0 0 70 0 0 99 0 87 0 0 95 0 0 0 37 0 0 0 0 0 0 33 0 0 0 17 0 0 0 0 0 0 0 68 0 0 0 0 68 0 0 10 0 0 0 0 0 64 66 0 0 0 0 0 0 0 0 0 0 0 0 0 0 10 0 0 0 0 0 0 0 0 76 53 0 0 0 0 1 0 0 0 0 0 0 0 0 34 0 0 0 0 0 36 0 17 0 0 32 0 33 0 0 0 0 58 0 97 85 0 0 0 0 0 85 0 0 0 0 0 0 0 0 0 7 0 69 0 0 0 0 0 0 0 0 0 39 0 0 80 0 0 0 0 0 0 0 0 0 0 69 0 0 63 0 0 0 0 0 0 0 0 0 0 0 0 99 95 50 0 0 0 0 0 0 0 0 83 0 0 64 0 0 0 0 0 0 74 0 0 0 0 0 0 0 92 42 0 0 0 1 0 0 0 0 0 0 0 0 0 0 0 0 0 0 0 0 0 0 0 0 0 46 0 0 42 0 0 68 0 0 0 0 0 0 0 12 73 0 0 0 0 0 22 0 51 0 0 0 0 0 0 0 0 0 0 50 83 0 77 0 0 0 17 0 0 7 0 0 0 67 0 0 0 0 0 0 28 17 0 0 70 0 0 50 0 0 0 0 0 0 0 87 0 0 0 0 0 0 0 2 65 1 0 0 0 0 0 23 0 57 0 0 52 1 0 0 0 0 0 0 0 42 80 0 42 0 0 0 0 0 0 0 48 56 0 44 0 0 0 0 0 0 0 0 7 0 0 91 0 0 65 0 0 0 0 0 0 0 0 0
0 0 67 0 49 2 0 2 0 0 0 0 91 0 0 56 0 0 0 0 0 0 23 0 76 0 0 0 77 0 55 100 0 14 0 0 63 0 10 12 0 0 0 0 0 0 17 0 0 0 0 0 0 0 0 11 0 0 0 0 0 0 0 0 78 0 0 0 78 29 60 0 0 49 0 0 0 0 0 67 9 0 2 0 0 0 0 0 0 23 0 0 86 0 0 0 0 0 0 0 0 0 0 45 0 0 0 0 0 0 0 0 0 0 0 43 0 0 38 0 0 45 0 0 0 3 0 0 0 89 13 0 0 0 0 0 0 0 0 0 0 0 0 0 0 12 0 0 0 0 0 60 0 0 0 0 0 0 0 1 0 0 0 0 0 0 0 0 0 45 0 59 0 58 0 81 0 0 0 0 0 0 0 0 68 0 0 82 0 0 0 0 0 0 26 94 0 0 0 0 0 0 0 0 0 0 0 0 26 0 12 0 0 37 59 0 0 0 0 0 0 81 0 0 0 55 0 0 44 0 0 0 0 0 0 0 0 0 75 0 0 0 23 0 8 0 0 0 0 0 0 0 90 0 0 77 29 31 0 0 0 0 0 72 0 80 98 0 0 0 0 0 34 0 0 100 47 0 0 0 0 0 0 0 0 0 0 55 0 37 0 0 0 0 0 0 32 0 0 0 86 29 60 60 0 0 0 79 0 18 0 0 0 0 0 22 0 0 0 10 95 47 0 0 0 69 0 28 98 81 0 0 0 0 0 85 0 0 0 0 0 0 0 8 0 50 82 0 0 0 0 97 0 66 20 0 72 0 0 0 0 99 0 86 0 0 0 7 0 0 63 0 0 14 0 0 1 61 21 0 42 64 0 0 89 0 0 100 0 0 0 41 0 0 0 0 0 0 0 0
0 28 0 0 25 0 0 0 0 0 0 0 0 0 0 0 0 19 0 0 56 0 0 0 4 19 0 0 0 0 0 0 0 2 0 0 96 0 100 0 0 0 0 0 0 0 0 0 0 0 0 0 0 91 0 0 0 0 61 69 0 0 35 91 0 79 40 0 0 0 0 20 66 0 0 0 0 0 0 0 94 0 85 82 86 0 0 0 0 0 0 0 0 0 0 63 0 0 0 0 0 61 0 0 0 0 0 56 0 0 0 0 0 0 0 96 0 0 0 14 0 0 0 0 0 0 0 5 61 0 0 0 0 0 0 0 0 100 0 0 0 0 0 0 0 0 0 70 0 0 0 0 73 0 67 0 34 0 66 0 0 0 0 0 0 82 0 97 23 0 0 0 0 0 0 0 0 0 0 0 0 0 0 64 0 0 0 0 0 75 90 0 59 22 0 0 0 51 0 0 0 80 92 0 0 0 0 54 0 9 0 54 0 83 0 0 0 0 71 0 0 0 0 0 0 0 0 0 91 0 0 0 0 17 0 0 0 0 0 0 0 0 0 0 0 0 17 0 0 0 0 0 61 0 0 0 52 0 0 0 20 0 0 0 0 0 0 0 0 0 70 47 0 0 52 0 0 0 0 0 60 0 0 0 8 0 0 0 0 0 65 0 0 5 0 0 0 0 0 0 0 48 27 0 63 0 3 27 0 0 100 0 22 0 0 0 0 0 0 0 0 0 0 0 0 56 0 0 0 0 64 66 0 0 0 71 0 71 0 0 0 98 0 0 0 0 0 0 0 0 0 0 0 0 0 0 0 0 46 54 0 52 0 61 47 0 0 0 0 0 92 0 0 0 42 0 0 0 0 0 0 0 0 0 0 67 59 0 0 0 0 78 0 0 0 0 41 0 0 83
0 0 0 0 0 0 43 63 0 0 28 68 0 0 0 0 0 0 0 11 0 23 53 0 61 0 0 0 0 28 0 0 0 0 0 0 0 0 0 0 0 99 64 0 0 0 0 94 0 0 0 0 0 0 0 0 0 0 0 0 0 62 0 0 0 0 0 0 0 38 0 0 87 1 0 0 93 0 1 0 0 0 0 0 0 0 0 0 0 0 0 0 0 0 97 0 0 56 0 0 0 0 0 19 0 0 99 0 11 0 0 0 0 11 0 97 0 0 0 0 0 81 0 0 0 69 39 0 11 0 44 0 0 0 0 0 0 0 0 0 0 0 0 0 0 0 0 0 0 0 0 0 33 47 0 0 0 0 0 0 0 0 0 8 0 0 0 0 0 0 0 0 0 0 98 0 0 0 0 0 0 0 0 0 0 0 0 13 0 0 0 0 0 0 0 0 0 39 0 0 0 0 0 0 0 95 0 0 0 0 0 0 58 0 0 0 0 0 0 39 0 0 12 0 91 0 0 70 0 0 0 85 0 0 0 0 0 0 0 40 68 0 0 14 0 64 0 0 0 0 67 0 0 0 0 94 0 0 0 23 0 43 57 41 0 0 0 0 48 0 0 0 0 0 0 0 0 0 0 0 0 0 0 67 18 61 93 0 0 27 0 0 0 0 0 0 0 0 50 78 0 2 1 0 0 0 0 0 0 0 0 2 0 0 0 0 0 0 25 0 0 86 0 0 0 0 0 0 0 23 0 0 0 0 35 0 55 0 74 0 37 0 34 0 0 0 0 0 90 0 14 0 0 42 77 0 68 0 0 47 37 0 0 0 0 0 0 0 0 0 29 0 0 0 0 0 0 0 0 0 0 0 0 0 0 0 0 0 0 0 0 96 0 0 57 0 0 0 0 0
0 0 0 0 48 39 0 95 0 0 0 0 0 0 56 0 0 0 0 0 0 40 0 0 0 67 0 0 0 0 88 0 0 0 7 23 0 0 0 17 0 0 0 69 0 62 0 0 55 0 0 0 0 81 0 0 0 0 27 0 0 0 94 0 0 29 0 0 0 42 0 0 0 0 20 0 0 31 33 84 7 0 0 0 0 0 40 0 0 0 0 0 0 0 0 0 0 65 40 0 0 0 0 71 0 0 0 0 0 0 0 0 0 0 0 0 0 0 0 0 83 89 0 0 82 0 53 83 45 0 0 95 0 0 68 90 56 0 96 0 0 0 0 0 0 0 11 0 63 0 0 0 0 0 0 0 92 49 0 0 0 0 0 0 47 0 0 0 11 0 0 0 0 0 0 0 0 0 0 75 0 0 0 0 60 68 0 0 26 0 0 0 0 0 0 0 0 0 0 0 0 0 0 0 63 38 77 0 0 0 48 7 1 15 0 84 0 0 0 0 0 0 23 15 0 91 0 0 0 0 0 0 95 0 0 5 0 0 0 11 0 0 0 0 0 0 1 0 83 28 0 0 0 0 0 0 96 20 56 0 0 45 0 0 0 0 0 0 48 0 0 95 0 0 0 92 0 0 0 0 0 0 0 5 8 0 0 0 0 0 0 92 0 0 0 0 0 0 78 66 0 0 0 0 0 98 0 0 0 0 0 72 92 0 47 96 0 0 0 0 79 0 82 0 28 87 0 0 71 0 0 70 36 0 0 0 0 32 78 0 30 39 0 0 17 0 48 0 0 0 0 0 0 44 0 0 0 0 0 0 0 31 0 0 0 0 0 0 0 0 0 0 0 0 0 0 0 0 0 0 0 18 94 67 0 9 0 63 0 0 0 0 0 38 0 0 44 0 0 0
0 0 0 29 0 0 45 82 0 0 0 0 0 0 0 0 0 0 6 0 0 0 13 54 0 0 44 0 0 0 0 0 0 0 54 95 0 0 51 0 0 0 0 0 0 45 0 9 64 72 0 0 0 0 0 0 0 0 0 0 0 11 0 0 0 0 38 0 20 0 0 56 0 11 0 0 0 0 0 0 0 0 0 0 33 33 0 0 0 0 69 56 0 0 0 42 0 0 0 59 15 0 0 0 0 0 0 0 0 0 47 0 2 0 0 0 0 0 100 0 78 0 0 0 91 0 0 8 0 0 0 0 0 0 87 55 0 0 0 0 0 31 0 0 0 0 0 0 0 0 0 39 0 92 4 0 0 0 0 0 0 18 16 0 60 10 0 10 0 0 0 95 0 0 0 0 26 0 0 0 32 0 0 0 0 0 0 0 0 0 0 81 73 47 0 0 8 0 82 0 0 0 85 0 46 0 0 0 0 0 0 0 5 82 0 0 94 91 90 0 0 0 0 0 0 0 0 0 0 0 35 0 29 0 0 13 0 0 0 38 0 0 0 25 0 0 0 63 0 0 0 41 0 0 0 0 64 0 0 0 0 0 4 23 0 0 0 0 0 0 44 37 0 0 0 0 83 0 0 16 95 0 0 0 0 0 0 0 0 36 0 0 0 97 0 0 7 0 0 0 0 14 0 0 75 31 0 95 41 0 0 0 0 0 0 20 42 7 0 0 51 59 90 68 78 0 0 0 0 85 0 0 69 67 0 0 0 0 0 67 0 6 0 11 0 3 9 0 64 97 27 0 0 63 0 0 0 0 68 90 0 84 0 0 0 87 60 0 0 0 0 0 26 0 0 0 0 0 0 2 0 0 0 0 0 0 0 0 0 94 53 0 0 0 8 0 0 0 35 0
0 43 0 0 0 0 0 0 0 0 0 0 3 0 0 93 0 0 0 40 29 0 0 0 70 0 46 0 0 0 0 0 0 0 0 0 65 70 3 13 93 0 52 0 47 0 0 0 0 0 0 0 0 0 0 0 73 58 100 0 0 0 0 0 0 0 0 97 43 0 0 43 0 0 0 0 0 0 12 0 0 0 0 0 0 67 82 0 52 0 0 0 0 62 0 33 0 0 0 50 0 0 0 0 0 75 0 31 0 0 0 0 0 0 0 0 0 0 0 0 0 0 0 0 0 0 0 0 0 73 0 0 0 0 6 0 0 0 0 86 0 0 35 39 0 0 0 21 0 0 0 0 0 0 0 0 0 0 0 0 69 0 0 0 0 0 0 0 0 0 0 0 0 0 35 0 17 0 0 0 43 0 0 0 53 0 0 0 0 0 59 0 9 37 0 0 0 0 41 9 0 0 0 0 0 0 100 0 0 0 0 0 69 82 0 72 0 0 0 0 0 0 0 0 0 0 0 0 0 0 0 0 0 0 0 0 0 72 0 0 0 0 0 0 0 74 98 69 22 86 0 0 36 0 0 0 0 0 0 15 0 0 79 33 0 66 0 0 0 0 0 0 0 0 0 0 47 0 21 0 0 0 29 0 87 0 0 0 0 0 0 1 100 0 36 0 0 0 52 0 97 0 0 0 0 0 0 0 0 28 86 50 0 0 0 0 0 0 68 0 0 79 41 0 0 0 0 25 0 25 0 0 0 0 0 0 0 0 81 3 0 0 0 0 0 0 0 0 0 0 0 0 0 0 0 11 0 0 0 0 0 0 79 0 0 0 0 0 82 0 0 0 49 0 0 0 0 0 0 0 12 0 53 0 31 0 0 0 0 0 86 79 30 0 4 0 58 0 66 65
0 52 32 0 0 0 89 96 0 0 0 16 0 0 12 0 0 0 0 0 28 0 10 0 0 0 0 0 0 0 0 0 0 0 0 36 37 0 0 52 64 0 0 0 77 0 81 75 0 0 90 0 0 0 0 0 0 0 0 0 0 0 0 0 0 0 0 39 0 0 0 22 40 54 93 46 0 0 0 0 0 0 0 71 0 0 0 0 0 53 86 0 22 0 0 0 0 0 0 51 31 50 30 0 48 0 0 0 86 0 62 0 0 41 5 42 0 42 0 82 0 6 0 31 17 0 0 0 0 0 0 0 0 0 31 0 0 8 0 0 0 5 0 0 0 0 81 0 0 0 84 0 0 0 0 0 0 0 0 0 0 0 0 0 0 0 0 0 0 0 0 63 19 0 0 15 0 0 0 0 0 37 0 0 0 0 0 0 0 0 0 0 16 88 92 0 0 78 0 0 93 0 0 0 0 0 0 0 0 74 0 0 0 0 0 0 0 44 3 0 0 0 0 0 0 0 0 0 0 0 0 0 0 0 0 0 0 0 0 21 54 94 0 0 0 0 0 0 0 0 0 0 0 4 0 0 0 52 0 0 0 52 0 92 0 0 0 14 0 0 0 0 0 0 0 0 0 89 1 95 0 0 27 0 0 38 46 0 0 0 0 0 0 0 0 98 0 0 0 0 0 0 62 0 0 92 0 0 0 0 0 91 0 0 86 75 0 8 0 45 0 0 79 0 0 0 0 7 0 0 50 0 0 80 0 30 0 63 0 0 0 8 0 0 0 0 33 0 0 0 0 44 0 0 0 0 0 0 0 0 42 0 0 0 17 0 0 93 0 0 68 0 0 0 14 37 0 0 0 67 0 0 0 0 0 0 0 0 0 0 0 64 0 79 0 0 18 0 32 0
0 0 0 0 0 0 46 0 0 0 0 100 0 0 83 0 0 0 91 0 0 0 0 2 0 0 0 0 0 72 0 0 0 94 0 0 0 0 0 0 8 0 0 27 0 89 0 41 0 26 10 0 0 0 0 53 0 0 0 0 0 0 0 0 0 0 71 0 0 96 22 1 0 0 0 0 67 16 0 29 0 0 0 0 0 0 39 0 0 67 0 0 0 0 0 0 0 0 0 95 0 0 0 0 86 62 0 0 44 5 0 0 0 0 0 0 0 0 0 0 0 0 39 0 17 0 0 0 33 45 0 0 0 0 14 0 63 0 0 0 33 85 0 0 99 0 0 0 58 11 0 31 0 0 0 0 60 0 64 0 0 0 82 79 0 0 31 24 97 0 40 0 0 0 95 0 0 0 0 52 0 0 0 0 0 0 0 99 0 0 0 50 97 0 15 0 0 82 0 0 0 0 69 0 0 0 0 0 0 0 0 0 0 99 0 89 0 0 0 12 19 0 0 0 0 0 28 26 0 0 0 4 0 0 59 0 0 0 0 0 13 0 0 0 0 0 78 0 0 0 38 0 94 0 0 0 25 32 0 0 0 0 0 0 0 0 59 0 0 0 0 0 3 0 0 69 13 84 0 97 36 14 39 0 0 0 89 100 54 69 0 0 0 0 95 7 36 25 0 0 0 0 0 0 29 0 48 3 0 0 0 0 30 0 0 42 83 99 0 0 17 0 0 5 27 22 0 0 0 0 0 0 0 0 0 0 0 0 0 0 0 0 0 0 0 0 54 0 0 83 0 77 12 0 0 0 0 0 0 0 26 0 0 0 0 0 0 0 58 0 3 0 74 0 0 0 0 0 0 0 0 0 35 0 0 0 0 79 9 0 0 0 0 0 0 0 0 0 0 0
0 0 0 0 0 0 0 0 0 0 48 0 0 0 0 0 0 100 0 0 96 0 0 38 34 0 0 0 0 0 0 0 80 38 3 0 0 0 0 49 71 0 55 0 0 0 0 0 0 78 59 2 20 0 83 0 0 0 0 0 0 0 0 0 0 0 0 66 0 0 8 5 45 0 25 0 0 71 0 0 0 0 0 0 0 0 0 0 0 0 0 78 9 0 58 0 0 0 0 0 0 0 3 0 55 0 8 0 0 0 0 96 0 0 0 0 85 0 0 0 0 0 0 0 0 0 0 0 0 0 0 0 41 0 68 75 20 0 44 0 0 0 78 0 0 0 0 0 24 0 0 0 0 75 83 0 0 0 19 0 0 0 0 27 28 0 0 40 0 0 0 0 0 0 0 0 0 0 6 0 0 66 0 0 0 0 0 0 0 0 40 0 0 17 22 0 0 60 0 17 37 2 54 88 0 67 40 81 20 0 0 0 45 0 0 61 0 87 0 0 25 0 0 37 0 0 0 28 0 0 0 0 0 0 65 0 0 0 0 0 0 0 54 0 65 0 0 0 34 0 0 0 0 34 0 0 0 0 0 3 11 0 0 0 0 25 23 0 31 0 63 0 57 100 0 57 53 13 0 0 0 0 53 0 43 52 50 0 0 1 0 78 0 0 0 0 64 75 0 73 0 0 89 0 0 0 0 0 0 99 0 18 0 0 55 57 0 0 0 0 78 49 0 0 0 0 52 0 0 0 0 0 0 40 0 0 0 0 0 0 0 0 0 0 0 72 58 0 0 79 0 0 0 0 0 0 0 14 0 18 0 0 0 0 0 0 0 0 45 0 0 0 0 0 0 75 0 0 0 21 97 0 0 0 43 0 0 0 39 0 78 0 0 0 0 0 0 0 0 0
0 0 0 52 0 0 0 100 24 0 0 0 0 0 0 0 0 3 0 0 0 0 0 0 22 0 92 0 0 0 0 0 16 0 18 72 0 0 0 0 0 0 8 0 0 0 0 0 0 0 0 0 0 0 0 0 81 20 0 0 0 0 65 0 0 0 0 52 0 54 0 0 0 71 0 0 0 0 0 0 74 0 32 0 0 0 0 0 0 0 0 0 0 19 0 0 0 0 0 0 0 0 0 1 91 0 0 0 0 0 0 0 0 0 0 0 0 0 0 0 45 0 0 0 0 0 82 0 79 0 0 66 0 0 0 66 0 0 0 0 0 44 0 0 0 0 0 0 0 0 0 0 0 0 33 0 0 0 0 0 0 0 0 43 0 0 0 0 0 58 0 0 0 0 0 0 6 0 0 0 0 0 21 0 88 57 22 40 0 0 62 0 6 0 0 0 0 0 71 0 0 26 0 0 0 0 66 83 0 0 0 0 0 0 0 0 0 0 0 18 0 88 0 0 0 90 0 0 15 71 0 0 0 0 0 49 0 0 0 0 0 0 0 0 86 0 0 3 0 0 0 1 0 0 0 84 0 0 33 0 0 0 28 0 61 0 0 34 80 0 0 0 0 18 39 3 0 46 0 0 0 0 28 0 0 59 0 51 62 72 0 0 0 0 0 0 0 0 0 0 0 0 0 0 87 0 0 58 66 0 42 0 0 0 0 89 0 0 0 0 0 0 82 0 0 59 0 0 0 0 0 73 0 16 0 0 0 0 0 0 0 0 100 0 33 0 92 0 0 29 0 0 0 0 83 0 0 0 0 0 0 0 0 0 0 0 88 0 0 0 0 0 82 0 0 73 0 69 0 0 66 0 0 0 0 0 0 0 0 0 16 71 0 0 0 0 9 0 0 0
0 99 0 0 0 0 29 0 84 0 0 0 0 0 90 0 0 0 49 0 12 0 0 72 0 54 0 57 0 0 0 0 0 0 0 94 0 84 0 0 40 0 0 29 1 0 0 0 67 0 0 40 0 0 0 0 76 0 0 0 15 89 0 0 0 58 0 0 0 24 0 33 71 0 85 10 0 0 0 0 64 0 0 0 0 0 57 0 0 0 75 0 0 0 27 66 0 0 0 0 0 0 0 56 50 0 0 0 0 0 51 0 0 3 0 0 0 39 0 84 0 0 29 0 0 0 0 50 0 0 0 0 0 26 0 0 0 0 0 0 0 0 0 41 87 0 0 42 0 0 0 0 0 0 0 0 0 76 0 79 0 0 0 0 0 0 83 0 0 0 24 0 0 4 44 0 0 0 0 0 0 0 0 0 0 0 0 0 0 0 83 43 0 0 0 70 7 8 68 0 0 0 0 0 0 0 0 0 0 0 0 0 0 0 0 38 96 0 0 0 18 0 0 0 0 0 0 27 0 0 0 0 21 0 87 0 0 0 0 0 0 78 42 0 0 65 0 0 0 68 0 0 0 0 0 0 0 0 0 0 0 0 0 0 0 0 0 0 89 0 0 0 0 0 75 0 0 0 0 0 0 0 97 0 0 31 0 0 0 0 0 0 83 43 14 0 0 0 0 77 0 0 6 86 0 0 0 0 0 0 0 0 8 2 5 0 0 0 0 0 39 0 76 0 0 0 0 0 0 13 0 0 0 42 0 0 0 0 25 67 0 0 0 0 0 0 0 0 49 0 0 75 0 0 0 0 81 0 0 0 0 0 0 40 0 26 0 0 7 0 0 0 0 0 0 0 0 0 24 0 0 0 0 0 0 0 0 0 7 0 7 0 0 18 32 0 51 0 0 86
0 0 0 0 0 0 0 0 0 0 0 0 0 0 0 96 0 79 0 0 0 0 0 0 75 0 0 0 0 0 65 86 0 0 9 0 0 54 0 11 75 0 87 0 0 2 64 0 0 0 0 0 0 0 0 0 0 0 0 0 67 86 0 0 0 0 0 0 28 51 0 0 0 0 0 0 0 0 0 0 50 0 89 0 56 0 0 0 0 0 0 0 0 0 0 11 0 97 3 0 51 77 0 0 0 0 11 25 0 0 74 0 6 0 0 0 0 0 0 94 0 0 0 0 4 18 20 0 67 0 0 91 0 0 0 39 0 0 51 0 56 0 0 0 0 0 0 0 0 0 80 0 0 0 45 0 0 0 0 30 0 0 67 0 0 83 21 41 0 0 0 0 0 42 0 0 0 0 0 0 0 0 0 0 8 0 58 0 0 0 0 0 0 0 0 0 0 0 45 0 0 0 0 0 0 0 0 0 0 35 0 0 0 0 98 0 0 0 32 0 0 0 0 0 58 0 13 0 0 0 0 0 91 0 59 0 0 0 0 54 24 0 0 0 33 0 0 5 0 9 0 0 25 0 0 0 0 0 0 0 62 39 99 0 27 0 13 0 0 0 0 79 0 0 32 0 0 0 0 0 45 0 0 0 0 0 0 0 0 0 0 0 0 35 0 0 0 56 31 0 0 0 0 0 0 0 0 0 0 0 93 77 3 0 56 98 0 88 0 0 0 0 0 68 87 0 0 0 0 0 29 0 43 0 0 49 0 38 0 0 0 0 76 98 37 91 0 0 90 0 0 40 0 0 0 26 13 0 0 0 0 0 0 0 79 4 0 0 66 0 70 0 0 0 76 0 0 0 0 0 0 23 0 0 0 0 93 48 0 0 0 0 2 0 0 0 0 0 0 0
0 33 0 0 0 0 0 0 0 6 4 0 0 0 87 0 0 41 0 0 2 0 0 0 0 0 0 0 0 3 0 0 0 0 0 95 0 0 18 0 23 55 0 0 88 0 14 67 0 15 70 0 0 0 0 0 0 0 0 0 0 0 0 44 95 0 0 53 0 0 0 0 0 0 0 65 0 0 8 0 0 0 0 59 0 0 49 85 0 32 0 90 92 0 0 0 0 34 0 10 0 0 0 0 0 0 80 0 63 0 0 0 0 0 0 0 0 0 7 0 0 0 0 0 0 0 98 26 0 0 88 0 0 0 0 0 0 0 0 0 53 33 0 0 0 91 80 0 0 0 0 0 0 0 0 0 38 0 20 0 28 0 0 0 10 73 0 0 0 98 0 0 0 44 85 0 0 0 61 0 0 3 92 0 0 0 75 21 48 0 98 0 0 72 0 0 0 0 0 0 0 0 0 22 0 30 0 0 46 0 0 0 0 0 95 0 18 15 0 24 0 0 80 0 11 0 0 0 14 0 0 85 0 0 0 19 0 0 0 0 31 0 10 3 76 0 0 0 66 0 0 0 0 0 0 0 94 0 0 0 0 0 0 0 0 0 0 12 49 0 92 0 46 0 0 0 0 0 0 54 0 0 28 0 0 0 0 0 0 22 0 0 0 52 0 0 0 67 0 0 48 0 0 0 0 0 0 0 0 0 0 0 0 74 0 81 0 50 0 0 0 0 0 0 0 0 0 0 64 19 0 0 0 0 0 0 0 74 0 0 0 0 0 59 0 0 0 0 0 88 0 29 93 0 46 0 0 0 0 0 0 73 5 0 0 0 0 0 0 75 0 16 0 0 0 41 0 0 0 0 0 0 68 96 0 0 0 0 0 12 0 0 0 0 0 0 0 0 0 0
0 0 83 0 0 0 90 0 0 0 0 0 0 0 0 98 7 0 0 0 97 0 0 13 0 0 0 0 0 0 0 0 0 90 0 0 0 0 0 0 4 0 52 0 37 39 0 0 59 0 5 0 0 0 19 0 0 0 0 56 0 0 0 0 0 0 0 0 8 0 0 38 0 23 37 63 45 0 31 0 37 0 66 0 0 0 19 0 0 0 49 0 0 0 0 0 0 24 73 0 27 0 0 32 0 0 0 0 0 0 0 0 35 0 0 0 71 0 0 0 57 0 0 0 0 0 0 0 0 0 0 0 80 0 0 0 35 86 0 51 26 0 0 38 0 0 0 0 0 70 98 0 77 0 0 44 0 87 0 29 0 0 20 0 84 0 0 0 0 0 22 0 0 73 0 0 0 40 0 39 0 0 0 0 0 55 14 0 0 0 41 93 0 0 0 0 0 0 0 0 0 40 0 0 0 0 0 86 0 0 3 0 94 32 21 38 0 0 0 0 0 0 0 0 0 6 0 0 0 0 0 0 88 5 0 0 0 0 47 0 88 0 44 0 0 0 68 69 92 0 0 0 0 75 29 0 0 0 0 0 0 8 0 0 25 25 93 0 29 0 0 0 0 0 0 0 0 0 0 0 77 0 80 0 0 0 11 0 0 0 0 0 0 0 0 0 0 27 0 0 48 0 0 0 0 0 36 41 0 0 0 0 0 0 0 0 0 0 0 0 0 0 86 14 84 40 0 0 38 0 7 91 0 0 0 0 0 0 0 0 0 0 35 0 0 80 74 0 0 22 0 90 0 98 0 0 0 0 0 93 0 0 0 0 0 0 72 98 0 0 0 0 0 49 0 0 0 16 0 0 0 62 0 0 0 0 92 0 30 77 28 21 0 0 0 0 0 0 42 80
0 0 68 0 0 73 0 0 0 0 0 0 12 0 0 0 0 38 0 0 0 0 0 0 15 0 0 12 0 0 66 0 0 71 61 38 65 33 0 0 0 0 0 0 0 60 0 0 56 0 0 0 0 0 0 0 0 0 7 0 0 0 75 67 0 18 0 0 0 0 0 91 0 0 38 0 7 0 0 0 0 0 0 0 0 89 45 17 0 0 0 55 0 0 0 0 0 0 0 0 0 0 0 0 0 0 8 99 0 70 0 0 0 15 0 0 0 53 0 0 0 86 90 0 0 0 17 3 0 0 63 0 0 0 97 0 0 16 0 0 39 0 34 64 51 0 0 0 50 47 0 0 0 0 0 0 0 0 74 0 0 0 0 12 13 0 0 29 0 98 0 98 0 0 8 40 0 45 0 0 27 0 0 0 0 64 0 47 0 27 0 55 44 0 0 0 0 66 0 26 0 0 0 0 0 0 0 0 0 0 58 0 0 0 0 0 0 0 57 0 0 96 0 0 0 0 0 0 21 0 0 0 0 0 62 0 0 0 87 0 0 0 0 0 0 0 1 0 88 0 0 0 0 0 0 0 0 37 0 0 0 0 0 0 0 0 0 0 0 0 0 0 0 57 0 72 0 0 0 0 49 25 0 0 0 0 74 0 0 32 0 71 0 0 0 0 46 0 0 0 66 0 0 0 0 0 0 5 71 79 0 0 0 0 0 16 0 0 59 0 0 0 19 0 0 0 0 0 0 40 51 0 0 1 0 0 0 0 0 82 0 0 0 0 0 0 0 0 17 0 0 0 62 0 0 85 18 0 67 0 0 0 0 0 0 0 36 0 65 0 0 0 0 44 37 0 0 36 0 0 0 41 0 34 0 0 0 0 0 0 0 0 0 0 0 42 90 100 66 0
55 55 0 0 0 0 0 0 0 0 0 0 71 73 0 0 0 63 20 95 0 8 0 74 0 0 0 0 22 0 0 0 62 71 0 0 30 0 0 0 0 79 91 0 34 0 0 0 29 0 0 0 0 0 0 0 0 0 0 0 0 0 0 34 0 0 21 0 0 0 0 0 82 0 0 0 0 0 0 0 0 0 0 0 12 0 0 0 0 0 0 0 0 0 0 0 62 0 23 0 0 0 0 0 4 0 0 0 81 0 0 0 0 0 0 0 0 0 0 0 0 0 0 0 0 0 83 5 0 91 0 0 0 46 0 0 0 0 0 0 0 0 91 0 85 0 0 0 61 0 0 0 31 0 29 93 0 0 0 0 0 0 0 80 8 74 0 96 0 50 0 0 0 0 79 91 0 0 0 0 0 0 87 33 0 57 0 0 0 0 53 0 53 0 0 0 0 0 0 0 0 29 0 0 0 0 0 0 0 0 0 0 0 0 0 0 0 1 0 0 64 0 0 0 0 0 0 0 0 0 0 0 65 15 78 0 0 0 0 0 0 0 0 0 0 0 67 0 53 0 0 0 37 0 0 87 0 0 0 0 0 87 62 0 0 0 0 0 30 0 0 0 0 0 0 9 0 39 0 0 0 0 0 0 0 0 0 7 0 0 0 91 46 0 0 43 0 90 17 64 97 0 0 0 11 0 0 0 0 0 0 0 0 0 83 0 0 0 0 0 0 0 0 0 13 100 0 0 0 0 54 0 36 0 0 1 0 0 19 0 0 66 19 0 0 48 26 0 0 0 0 0 0 0 51 44 0 0 0 0 0 0 15 0 0 53 16 0 0 0 0 0 95 0 22 0 0 0 68 23 30 0 0 9 41 0 0 28 0 0 0 29 0 0 9 0 0 0 0 32
0 0 0 0 0 0 0 0 0 0 0 0 99 0 83 0 0 0 0 0 35 46 0 0 0 0 0 0 0 36 0 55 0 80 0 0 96 0 8 0 8 77 36 0 0 0 0 0 0 0 51 0 50 0 0 0 0 41 0 68 14 0 0 0 35 0 76 73 0 0 64 0 0 0 99 0 0 0 0 0 0 0 0 0 0 0 9 0 0 0 0 13 0 22 0 0 54 0 0 62 0 0 41 0 0 0 23 55 99 0 0 43 13 0 0 36 0 0 52 0 75 0 0 0 0 0 0 81 0 0 0 0 0 0 0 0 0 0 46 0 0 0 0 0 0 0 0 0 0 0 43 44 38 0 0 54 33 0 0 0 0 0 0 0 0 0 0 44 0 0 0 59 0 0 0 45 25 0 0 86 0 69 0 0 0 0 0 0 0 0 0 0 0 0 0 0 0 0 88 0 0 0 0 0 0 0 98 0 0 0 0 94 28 0 0 29 0 28 0 0 30 11 0 0 0 0 0 47 0 0 0 0 0 0 0 0 0 90 0 0 0 0 0 0 0 0 87 96 0 0 40 0 0 0 0 0 0 0 0 23 0 0 0 0 0 0 0 0 96 0 85 0 0 0 0 0 40 0 0 90 0 0 0 0 0 0 40 76 0 0 0 0 0 0 0 11 0 0 92 0 28 0 0 0 76 0 71 0 0 50 54 0 71 0 0 11 0 0 5 0 13 75 0 0 0 0 0 0 0 24 0 0 0 0 0 0 55 33 0 82 57 0 0 0 83 0 0 94 0 0 0 0 0 0 0 0 0 0 0 51 0 52 86 70 0 0 64 4 0 0 0 0 0 0 0 70 0 0 0 96 88 43 0 0 0 0 83 0 0 0 0 0 0 0 0 0 21 8 0 0
18 29 0 0 0 42 94 0 0 39 77 0 21 0 96 95 0 0 14 0 0 27 0 0 0 0 0 59 80 78 0 92 88 0 0 0 6 0 0 0 0 72 0 0 69 0 0 0 0 0 0 0 0 0 0 0 0 0 0 0 0 0 8 0 41 0 0 17 0 0 0 36 0 0 0 0 0 63 0 0 0 0 0 0 0 0 63 0 20 0 0 0 72 0 10 0 94 0 0 0 0 97 68 44 0 23 0 81 0 0 0 5 0 0 74 0 0 0 0 0 0 0 0 85 0 0 0 0 14 0 61 0 0 0 0 0 0 0 0 0 0 0 0 0 0 0 0 50 0 0 0 0 97 0 0 0 0 0 0 0 0 27 20 0 0 0 51 77 0 0 0 0 0 0 0 0 0 0 0 0 0 6 0 0 30 75 0 0 89 0 0 0 17 0 0 0 0 0 0 0 0 58 0 0 0 0 0 0 50 53 40 0 0 0 0 0 66 0 0 0 13 0 41 0 0 50 0 6 0 0 21 0 0 0 0 0 7 25 0 0 0 0 52 0 75 0 0 0 0 0 0 0 8 0 0 0 0 0 0 0 27 0 0 16 0 0 0 45 0 0 0 0 0 0 0 56 0 39 70 0 93 17 0 0 74 0 33 12 0 43 1 0 0 0 0 0 0 0 52 0 0 0 0 0 98 0 0 0 2 0 42 63 0 0 0 0 37 0 0 0 0 0 0 0 0 13 11 0 0 100 0 0 0 0 0 89 98 0 0 0 0 31 0 0 0 0 0 0 0 0 0 0 0 0 0 0 0 21 58 34 0 42 0 0 0 0 92 0 0 0 0 0 70 0 0 0 0 65 0 0 0 0 0 0 40 0 0 0 0 0 0 0 0 10 0 44 0 49 0 0
0 33 0 0 0 89 0 0 0 0 0 0 0 0 0 66 0 0 0 0 25 0 0 0 0 98 0 0 0 0 39 0 26 0 0 42 0 0 35 0 0 0 88 0 0 0 0 85 0 0 57 0 0 0 0 0 0 0 84 15 0 0 0 95 0 0 0 0 0 0 62 0 0 83 14 0 82 0 0 0 76 0 0 0 0 0 0 0 0 0 0 0 0 0 33 0 74 0 0 0 92 0 62 40 0 0 0 0 88 0 73 0 0 0 0 4 0 0 0 83 0 0 13 96 96 0 0 0 0 67 0 0 0 33 0 0 0 43 6 42 82 0 0 0 0 0 0 53 0 0 9 25 0 48 0 56 0 0 0 0 0 0 0 0 0 61 0 0 0 0 0 25 0 0 0 62 0 39 0 19 0 0 0 0 0 0 48 0 0 8 0 0 0 0 10 0 0 0 0 0 0 0 0 0 0 0 4 0 44 0 0 0 0 92 0 0 10 0 0 0 20 0 0 0 0 0 0 0 29 0 59 0 0 0 72 0 0 0 0 0 0 0 0 45 0 0 0 0 0 0 0 0 0 0 0 0 0 0 47 0 0 100 0 0 30 0 0 0 0 0 0 0 0 68 0 0 0 0 0 0 0 87 0 0 0 0 0 0 0 0 16 0 0 0 0 50 0 0 0 0 0 0 0 0 85 0 0 0 0 78 0 0 100 87 0 0 0 0 0 0 0 81 5 53 0 0 0 0 0 0 0 0 0 0 84 0 0 0 0 0 0 0 0 0 0 0 54 0 0 0 0 0 0 0 0 0 0 0 0 0 0 0 0 54 26 76 0 0 0 0 0 0 0 0 0 0 0 0 72 0 0 16 0 81 0 0 49 0 24 0 0 0 0 0 0 0 52 0 0 48
0 0 0 0 82 0 0 0 0 0 0 97 31 0 45 0 0 10 0 0 0 0 42 0 0 0 72 0 0 0 0 0 0 0 0 0 0 56 26 41 0 49 77 0 0 0 0 0 0 31 28 84 16 80 0 0 0 40 0 0 0 92 38 0 0 0 0 0 0 0 0 0 5 21 0 37 0 39 0 0 0 0 6 0 51 0 0 0 0 0 0 0 0 0 0 0 0 0 92 0 0 0 0 0 0 0 0 0 0 0 0 0 100 0 0 53 0 0 0 52 95 0 0 99 0 0 0 0 2 64 0 0 0 0 0 0 0 0 64 0 0 0 27 75 0 0 0 0 0 0 0 0 0 0 0 42 0 0 0 0 0 69 0 24 0 7 84 0 0 0 0 0 42 0 0 52 0 0 0 0 15 48 0 0 0 0 0 100 0 82 0 0 4 14 0 0 0 4 0 45 0 0 0 0 100 0 0 0 0 0 0 0 0 0 0 0 0 0 0 0 0 0 49 0 0 0 0 0 0 0 0 49 45 0 0 0 0 0 0 69 0 0 0 57 0 0 0 35 0 0 87 0 0 0 0 0 0 0 0 0 6 0 0 0 64 0 0 10 0 0 0 0 0 0 0 0 0 0 0 0 36 0 70 0 33 0 0 0 0 43 41 0 0 0 0 0 0 61 91 0 5 0 0 0 0 0 0 0 20 99 0 0 10 0 0 0 8 96 53 0 0 0 24 0 0 0 0 0 0 5 0 0 0 0 85 0 0 39 49 0 0 73 0 69 0 0 0 91 0 26 0 0 0 0 20 0 0 0 0 0 0 0 0 0 10 0 0 43 0 81 34 0 0 0 0 0 37 0 0 0 71 0 0 46 50 47 0 0 77 0 0 0 9 0 0 0 0 0 0 40
46 0 3 0 45 7 0 62 0 63 0 0 0 0 99 0 0 0 0 22 3 0 0 0 0 3 0 99 56 0 0 72 13 0 0 0 0 2 62 38 0 31 0 0 0 0 0 81 0 0 34 91 0 73 0 0 0 0 0 0 0 0 20 26 0 0 0 0 0 0 0 0 0 0 0 0 0 0 0 0 0 0 81 91 0 0 0 0 25 0 0 77 0 4 0 54 0 0 0 0 0 0 0 0 88 0 0 0 43 61 0 0 0 0 57 74 0 0 0 84 34 35 53 0 0 33 100 0 0 0 0 92 0 45 0 0 14 5 0 0 30 19 0 0 0 0 0 0 0 0 0 0 0 0 0 0 0 0 0 0 93 0 0 49 0 0 0 0 0 0 31 0 0 0 0 0 0 0 6 92 0 82 0 0 0 0 0 0 0 46 53 0 0 0 0 0 0 0 25 92 0 0 0 0 0 0 0 54 0 0 0 0 0 0 0 0 0 0 87 44 0 0 89 0 0 0 0 0 0 0 29 76 25 0 0 0 0 0 17 54 0 0 0 0 0 0 11 56 0 0 0 0 0 5 0 73 0 0 0 0 0 0 85 85 0 0 0 0 95 0 90 0 0 0 0 86 0 0 0 0 0 53 0 0 0 0 0 59 2 14 0 0 0 0 0 65 0 75 0 0 0 23 0 0 1 0 0 0 0 0 0 0 0 0 0 0 65 0 0 0 0 0 0 89 0 0 0 0 0 0 0 0 0 0 0 0 0 0 0 63 0 0 0 0 7 0 57 0 0 0 0 0 0 0 78 0 0 0 0 0 26 0 0 82 0 0 0 0 0 0 0 0 0 0 0 0 0 9 0 0 0 0 0 0 0 0 0 0 0 1 12 0 22 78 0 0 0 89 44 0
0 0 50 0 0 0 99 0 0 0 0 12 0 0 0 0 0 71 0 0 0 99 0 40 43 0 0 0 43 0 0 0 0 0 21 0 0 73 0 0 0 0 0 0 0 0 62 0 0 64 0 89 0 57 0 0 0 0 0 0 0 0 0 0 0 26 0 0 0 0 0 0 19 38 0 0 66 0 11 0 0 0 0 0 23 0 0 36 0 0 0 0 0 0 1 0 13 0 0 0 66 80 43 0 76 0 0 0 0 0 0 0 0 0 0 90 0 0 0 14 21 99 0 0 0 0 0 63 0 0 0 0 0 0 4 38 63 69 0 0 0 0 84 0 0 59 0 0 0 0 0 0 9 0 0 0 74 21 5 42 0 0 0 0 0 0 0 0 61 85 0 0 0 0 0 0 0 0 0 0 70 0 17 0 0 0 47 0 85 0 0 63 26 96 89 0 99 0 0 0 0 0 0 0 0 0 0 0 0 0 0 0 0 0 0 0 29 0 0 0 0 36 0 0 0 0 45 0 0 0 81 0 0 0 19 0 0 99 0 0 0 0 0 0 0 0 0 67 0 0 0 0 0 36 0 61 0 28 0 0 0 0 0 41 0 0 91 15 0 0 0 19 89 0 0 0 0 0 0 0 0 50 34 62 31 0 0 0 0 0 0 0 0 0 0 0 19 26 0 0 0 0 0 0 0 0 4 0 0 0 0 0 0 0 0 56 0 0 0 54 7 95 0 0 93 0 0 0 14 0 0 0 0 0 0 0 60 0 34 0 0 0 0 48 0 96 88 57 0 0 0 0 0 0 0 0 72 0 0 0 0 39 0 0 0 55 11 35 0 0 0 0 0 0 0 0 0 0 0 0 0 88 0 0 0 0 0 51 0 0 77 0 0 0 87 0 0 11 0 0
76 14 4 84 0 2 0 0 0 23 0 0 0 0 13 0 17 0 34 20 0 0 0 0 0 3 0 56 0 0 41 0 0 0 45 0 97 0 0 0 0 0 0 88 23 0 20 0 88 0 0 0 0 0 31 0 0 0 91 0 0 0 0 0 0 0 0 3 0 0 0 0 0 0 4 0 0 0 0 0 0 66 0 0 0 2 0 45 0 0 0 0 0 78 43 0 0 61 0 0 0 0 0 0 0 0 0 64 0 38 0 0 0 0 0 79 90 0 0 70 0 0 0 0 0 8 0 0 0 0 0 0 0 0 0 0 0 54 0 0 37 0 0 0 0 0 0 0 0 0 0 0 0 50 0 0 87 0 98 0 0 0 0 0 0 0 0 35 0 0 94 0 0 0 0 0 0 0 0 0 0 0 0 0 0 0 0 0 55 39 0 46 0 0 71 0 78 0 0 0 0 0 0 0 0 0 0 0 100 0 0 78 0 0 34 0 0 0 0 0 0 19 0 0 0 55 72 0 87 0 0 0 0 0 0 0 0 0 0 0 0 0 16 0 0 0 0 1 0 0 0 0 0 0 0 0 0 6 76 0 0 75 0 25 0 0 0 87 0 0 0 0 14 0 67 0 0 0 70 32 82 0 0 0 0 0 0 0 19 4 0 0 0 0 97 0 0 0 0 31 66 0 0 42 0 0 0 78 0 0 0 94 0 17 0 14 0 0 0 0 0 0 0 0 0 0 54 0 0 0 0 52 0 44 10 0 0 0 0 0 90 0 0 0 31 98 0 0 0 88 0 64 0 0 0 0 0 0 59 0 0 0 89 0 0 0 0 0 0 0 95 0 83 0 0 0 0 0 0 0 16 0 0 0 0 0 34 0 0 0 0 81 9 0 0 7 0 0 0 0
0 0 0 0 0 0 52 0 0 0 75 0 0 0 0 54 0 0 0 0 0 60 0 0 0 57 0 0 0 87 0 0 0 6 0 0 0 0 0 0 0 91 0 0 0 0 0 0 0 0 0 0 0 0 0 0 0 64 0 71 69 32 0 5 0 0 0 0 0 94 11 0 0 0 88 0 0 0 0 0 53 0 0 0 0 0 0 0 0 21 0 0 0 0 0 0 0 0 0 0 0 0 0 0 0 55 0 0 0 0 0 97 0 0 0 0 0 0 0 0 0 93 0 0 12 41 0 21 0 0 0 0 0 0 0 0 0 24 0 0 0 0 23 0 0 0 88 0 7 0 54 0 0 97 0 100 0 63 0 83 0 0 0 0 0 0 0 0 0 0 0 0 25 0 46 4 0 0 89 0 45 27 69 0 0 0 0 6 86 0 0 0 0 0 0 0 0 54 0 0 0 0 0 0 0 18 0 94 0 37 0 0 0 57 0 0 0 0 25 0 0 0 0 0 0 86 0 0 0 72 0 0 0 0 0 0 0 31 0 0 32 0 0 0 0 11 0 0 0 0 0 29 0 74 0 98 0 74 0 0 0 0 0 0 0 30 90 71 66 30 0 0 83 0 0 16 80 0 43 86 48 0 39 0 88 76 0 0 34 0 70 0 0 0 0 0 0 0 0 78 0 0 0 0 0 0 0 19 0 0 0 0 0 0 0 0 0 10 47 0 0 47 0 0 0 0 46 0 35 0 0 0 86 0 0 0 0 0 0 0 0 0 38 0 88 0 6 0 0 0 0 0 78 0 6 0 0 0 20 6 0 0 0 0 0 33 0 0 69 0 27 0 0 0 0 0 30 0 0 35 0 77 0 0 0 49 0 0 19 0 0 71 0 53 0 0 79 0 0 0
0 0 0 95 0 5 0 0 0 81 0 0 0 0 0 0 88 0 0 0 71 0 0 0 59 81 0 82 0 0 0 0 32 0 0 0 62 0 0 0 0 0 0 0 0 0 69 0 23 0 56 0 75 0 0 70 81 51 51 0 1 0 5 0 0 0 0 0 86 45 0 0 71 71 0 47 0 0 0 0 92 45 58 0 0 0 0 0 0 96 0 0 0 19 0 64 0 97 0 0 0 0 3 10 0 0 0 0 54 37 11 0 0 0 83 0 55 0 0 0 0 0 0 0 0 0 0 0 0 0 0 0 0 94 0 12 0 0 98 17 0 95 0 0 52 61 22 0 0 0 0 0 0 0 0 33 0 0 43 47 56 0 48 0 0 0 8 0 52 0 71 0 0 0 0 0 0 47 0 0 0 0 0 0 0 0 0 28 0 0 0 34 48 0 0 0 0 62 0 0 0 0 0 0 87 0 0 49 0 99 0 34 0 0 81 0 0 21 0 59 0 27 0 0 77 43 0 0 0 0 65 0 71 0 0 42 0 60 0 45 0 0 0 34 0 75 25 0 0 0 0 0 32 68 81 0 0 16 0 0 99 0 0 0 0 0 0 0 0 0 2 0 0 0 52 0 80 0 0 39 0 97 41 11 0 0 64 68 0 88 63 0 0 0 0 0 0 0 0 0 0 0 1 0 97 0 25 0 74 78 0 0 0 0 0 0 0 0 0 0 0 45 90 69 0 0 0 57 0 0 0 0 0 0 0 0 0 0 0 0 68 0 45 0 0 5 0 15 0 0 0 0 67 0 0 54 0 72 82 0 90 99 0 13 45 0 0 0 0 0 0 0 0 0 0 0 0 0 0 47 0 0 17 0 24 0 0 0 4 0 0 53 0 0 0 0 0 0 23 34
0 0 88 0 17 45 0 0 0 0 0 2 0 35 0 0 0 0 69 0 0 7 0 0 57 0 43 0 68 0 0 0 0 0 0 0 0 53 0 0 0 85 0 0 40 0 0 57 30 0 0 0 0 0 47 12 0 0 0 0 0 0 38 0 0 0 0 0 0 0 55 27 13 10 0 87 0 0 43 0 0 0 0 49 0 0 0 0 9 89 77 0 75 0 0 0 24 0 63 0 0 0 0 0 0 0 0 0 0 0 37 0 0 0 55 0 21 0 0 0 0 52 0 54 0 0 81 0 0 0 70 0 0 0 0 25 0 0 0 13 0 0 0 89 0 0 18 0 0 0 0 0 0 1 0 0 0 0 0 0 7 90 14 0 15 35 0 0 8 0 0 0 0 0 0 0 0 70 0 36 0 0 0 88 0 0 0 42 7 0 2 0 0 0 0 92 0 61 0 55 0 0 0 0 0 0 0 28 0 0 0 0 0 10 0 0 0 0 0 0 19 0 0 0 0 0 0 0 0 0 0 66 0 0 0 0 44 0 0 18 0 0 0 0 51 0 0 0 31 13 0 0 0 0 0 24 96 0 0 84 0 0 32 0 0 0 0 0 0 34 0 0 0 0 0 0 0 0 94 0 42 0 0 0 0 0 0 76 0 93 0 0 0 0 0 0 0 45 0 0 0 47 21 0 0 14 0 99 63 0 13 0 0 91 15 0 0 22 0 0 0 53 0 0 0 0 0 0 90 0 43 0 0 0 0 0 31 0 0 0 0 0 22 0 10 17 0 70 0 0 20 0 0 0 0 47 0 0 0 0 0 0 0 0 0 0 0 0 67 90 0 0 74 0 0 0 0 0 34 0 0 0 0 0 96 0 0 0 0 12 0 0 0 0 12 18 0 0 0 0
0 0 0 0 0 37 0 0 0 0 0 0 0 0 28 0 0 0 0 0 82 0 0 0 0 74 28 36 0 0 0 0 0 0 0 0 36 0 0 0 0 0 0 0 0 0 0 51 0 60 0 77 96 0 80 15 0 0 23 0 0 0 80 0 0 0 0 55 0 0 0 0 65 0 57 0 0 0 0 0 0 0 0 99 93 74 7 0 0 23 0 79 0 22 0 0 42 0 83 81 0 0 0 0 0 0 72 0 0 0 0 0 0 38 0 76 0 0 0 16 67 0 0 0 59 51 0 25 0 0 0 23 0 91 82 0 0 0 0 0 0 0 0 0 21 23 0 0 7 0 0 0 0 0 0 0 0 0 30 0 0 5 93 0 0 0 37 0 0 0 0 0 50 53 47 44 0 0 0 0 0 88 0 0 0 16 35 0 0 75 93 77 0 86 0 0 0 0 50 0 54 0 60 0 0 0 0 0 15 0 0 0 0 0 0 0 0 8 0 15 0 0 0 0 77 0 0 0 18 0 59 0 46 3 0 0 0 0 0 0 0 0 0 5 0 0 28 0 0 0 40 0 0 79 80 0 0 0 0 0 0 0 12 52 0 0 26 0 91 79 0 0 0 0 52 0 0 0 0 0 0 0 93 0 0 36 0 77 0 0 0 0 67 0 0 0 0 0 0 0 0 0 2 0 0 40 0 0 0 0 0 37 0 0 38 0 0 0 17 0 44 0 0 0 0 0 47 42 0 0 0 0 0 30 0 89 0 0 0 0 0 0 0 87 50 0 0 0 0 97 0 89 55 0 0 0 69 0 0 0 0 0 26 0 0 0 0 72 0 0 0 0 69 0 0 0 0 0 78 71 0 62 0 96 0 0 0 0 24 0 0 68 0 0 0 24 86 0 0 0
0 0 85 0 0 0 94 0 72 0 3 61 0 0 0 0 0 0 69 0 0 92 0 0 0 32 47 0 0 0 0 61 0 0 0 22 0 87 0 0 0 0 0 0 96 0 0 0 0 33 0 74 0 29 0 0 4 43 77 0 0 99 0 0 0 74 25 0 0 0 94 0 0 0 0 43 0 0 0 0 0 0 48 0 0 0 0 0 0 0 0 0 0 0 91 17 0 0 0 9 0 0 0 0 0 0 81 0 45 0 0 0 55 0 57 0 0 68 0 0 0 0 0 0 0 0 0 0 0 46 0 0 0 0 0 58 0 21 0 0 8 0 0 0 0 6 0 92 0 0 0 0 0 0 0 0 14 0 0 73 0 0 0 49 56 0 0 0 0 93 0 2 0 0 0 0 0 0 13 0 0 0 0 0 0 0 0 0 0 0 12 0 0 0 15 0 50 0 0 82 0 0 0 96 0 0 0 32 0 0 9 65 0 35 54 4 0 0 54 67 0 0 95 0 0 0 32 0 0 0 0 0 0 0 0 0 0 94 28 74 0 0 23 70 0 20 0 0 59 0 0 0 37 0 89 0 40 40 0 0 0 0 0 0 0 0 34 0 0 12 0 0 0 0 0 0 0 0 88 18 31 38 10 0 56 0 0 79 0 72 0 0 64 0 48 0 89 0 0 54 0 0 19 61 0 0 0 0 0 0 0 0 86 0 0 0 0 0 0 0 0 0 79 0 0 0 0 0 0 84 0 0 0 32 0 0 0 0 0 81 0 0 0 0 0 0 0 0 0 0 83 28 0 0 0 0 0 67 94 99 0 0 37 87 0 0 0 31 0 0 0 0 56 0 0 0 0 79 0 27 0 23 0 0 0 5 0 53 48 0 25 96 0 0 0 0 0 0 0 0
0 59 0 0 0 0 0 33 25 0 0 0 0 0 0 0 0 0 0 86 0 0 0 0 0 0 21 0 88 0 0 0 0 0 0 0 87 43 49 0 0 0 0 0 95 0 0 38 42 81 0 0 0 0 0 0 25 0 0 0 59 0 0 0 0 0 42 5 0 38 56 0 5 0 0 0 15 31 0 2 0 0 0 0 0 0 0 29 86 15 0 0 0 0 0 0 0 93 0 0 0 0 100 0 92 0 0 26 0 89 0 0 0 0 0 11 83 0 0 71 0 0 46 0 90 0 0 0 0 0 0 58 0 0 46 0 0 0 0 0 0 0 0 0 68 0 0 31 0 0 0 89 0 42 0 0 0 0 0 0 0 0 0 0 0 0 0 0 0 0 0 0 0 0 80 71 22 0 26 22 69 0 0 0 0 0 27 0 0 0 10 0 0 0 0 56 0 0 3 70 0 0 0 63 89 0 0 0 0 0 0 0 0 0 0 0 0 0 0 100 0 0 0 0 0 38 0 0 0 79 0 0 0 0 0 0 37 0 0 0 0 0 0 92 0 0 0 0 0 0 0 0 0 0 0 0 50 76 0 27 0 0 0 12 73 0 0 38 0 97 0 0 88 0 0 0 45 78 57 0 0 63 0 0 0 0 0 0 68 0 93 81 0 0 0 0 0 0 0 0 12 0 0 0 72 0 0 0 0 0 0 0 0 95 63 16 0 0 0 0 0 65 0 0 0 0 93 0 0 0 0 78 16 0 59 0 0 0 0 0 0 0 0 0 0 61 0 0 0 0 0 0 71 0 0 0 0 0 0 0 54 0 0 0 0 0 0 0 2 68 0 0 0 0 0 0 0 0 0 0 0 0 61 0 0 0 0 44 0 0 0 0 53 0 0 0 94 0 0 0
0 0 0 0 48 0 0 0 0 0 21 0 0 0 0 0 0 23 0 4 78 0 0 0 0 0 0 0 0 60 88 27 53 0 0 0 0 0 100 0 0 0 0 0 0 0 67 0 91 0 0 0 0 0 0 0 67 0 0 0 0 0 0 6 0 0 0 56 0 0 0 0 0 0 0 0 0 0 80 0 0 0 0 0 0 57 0 76 77 0 0 0 0 56 22 0 0 0 0 0 0 0 0 0 0 0 0 0 73 0 0 30 0 0 39 0 0 64 0 0 0 12 0 0 0 0 24 0 0 6 66 0 88 0 0 0 0 0 91 0 0 1 0 0 0 0 0 0 0 0 0 81 0 67 85 12 0 0 77 0 11 18 0 0 0 86 0 50 0 8 0 0 31 0 0 0 0 0 0 0 0 0 0 0 0 91 0 26 96 30 61 60 0 0 0 0 0 26 0 0 7 28 5 0 0 0 0 87 0 0 0 82 0 0 0 0 10 10 0 0 0 0 93 0 67 0 0 0 0 41 94 0 0 53 0 95 0 0 73 16 60 0 0 0 0 0 0 0 0 0 0 0 3 5 0 0 0 0 8 53 0 0 0 90 0 0 0 0 0 0 0 0 0 0 40 67 0 0 14 0 0 0 0 0 38 0 0 0 0 0 0 0 0 0 0 29 0 85 21 0 0 0 0 0 0 0 0 0 0 57 0 0 0 0 0 0 0 0 41 0 0 0 19 1 97 19 0 0 0 0 0 0 79 0 0 0 0 0 0 0 0 0 0 0 0 0 0 92 66 23 0 0 0 0 32 91 0 51 32 0 0 0 0 0 0 0 0 54 0 0 0 81 0 2 0 0 0 0 0 0 0 0 0 58 62 0 0 0 0 0 35 0 0 0 0 49 0 0 99 0
0 0 0 0 0 0 0 0 0 0 0 0 0 0 0 43 0 3 0 56 0 0 0 0 0 0 86 0 0 29 0 0 0 39 0 0 64 0 0 0 0 0 0 50 0 0 59 0 0 84 35 0 0 84 0 0 71 0 0 0 0 0 0 39 0 0 64 0 0 59 0 7 12 0 0 0 0 38 0 65 39 0 0 0 0 0 0 68 0 0 0 62 0 0 91 0 0 0 0 0 0 0 33 0 5 73 0 0 0 0 0 0 0 0 0 0 62 94 0 0 0 0 49 10 13 0 0 0 0 44 0 0 0 0 0 0 0 0 0 0 37 0 39 0 0 0 0 0 0 0 0 0 0 0 0 0 0 0 58 0 0 0 83 0 55 0 0 43 0 45 0 0 66 0 0 0 0 0 41 0 0 51 0 0 19 0 0 0 0 0 0 0 0 66 73 0 44 0 0 0 57 0 9 0 0 0 0 0 0 0 0 0 0 61 0 0 0 0 40 48 0 0 0 0 0 0 0 92 0 0 22 0 0 0 0 0 0 0 0 0 0 0 65 99 23 0 0 0 0 0 80 0 0 0 58 0 38 0 0 0 0 63 73 0 36 17 0 48 90 92 0 0 85 47 0 0 0 0 0 0 0 0 0 91 0 0 0 0 49 0 0 87 0 0 0 5 0 71 2 0 0 0 0 0 0 92 0 15 0 91 0 0 0 0 0 0 25 39 0 89 0 52 0 0 0 0 43 0 0 0 65 73 0 17 0 0 0 0 0 0 0 0 0 0 0 0 0 0 0 0 0 0 0 0 63 0 0 0 0 92 0 0 0 0 12 0 0 64 60 0 0 0 80 0 0 0 0 0 0 0 72 0 69 65 0 0 0 0 0 6 74 0 32 0 19 0 0 81 0 0
0 0 0 0 0 43 0 0 0 0 0 37 0 0 0 0 0 68 0 0 0 0 0 73 0 0 0 0 0 0 0 0 58 0 0 0 0 73 0 46 0 72 0 0 16 0 25 84 0 0 50 11 0 0 0 0 0 0 52 0 0 0 0 0 91 0 3 0 0 0 8 0 78 0 0 0 85 52 0 0 0 0 0 0 0 0 67 0 0 0 0 0 0 0 0 0 0 0 0 0 0 11 68 0 0 0 0 0 0 79 0 90 81 51 0 0 0 0 0 0 0 60 18 0 0 0 0 0 0 0 40 42 0 0 0 0 0 0 0 73 0 0 0 0 64 0 0 4 0 95 0 0 0 20 0 41 34 11 0 0 52 0 14 0 99 5 0 0 0 93 54 0 0 0 0 0 0 14 0 0 26 0 80 2 0 0 0 0 0 0 7 0 0 0 0 0 71 0 0 0 49 0 70 70 43 0 0 0 38 0 0 50 0 0 56 0 0 0 0 0 0 0 0 0 38 20 0 7 0 0 0 1 0 0 47 0 63 0 0 0 0 95 0 0 0 27 0 0 0 0 0 0 0 0 0 0 0 0 0 0 0 0 0 0 0 0 32 0 58 0 0 0 0 20 0 0 0 98 0 56 0 0 0 0 89 3 0 0 0 0 71 0 0 0 0 0 32 59 0 0 0 0 0 1 0 0 0 0 0 0 0 0 41 74 16 0 0 0 6 93 0 0 0 99 0 68 78 0 0 0 0 0 0 0 0 83 12 0 0 0 0 0 0 0 0 0 43 55 0 34 0 0 33 0 0 34 0 0 0 0 59 0 0 0 0 77 0 0 0 0 0 0 0 0 0 0 75 0 0 0 19 0 0 0 25 0 0 42 0 4 29 0 0 0 38 0 0 60 0 0
0 0 0 95 0 0 0 65 22 0 0 0 0 0 0 0 0 0 0 26 8 12 46 0 0 0 0 0 25 0 0 0 93 0 0 0 11 0 0 0 0 0 0 0 0 0 54 10 83 0 0 2 0 0 0 87 0 0 84 4 0 0 75 70 30 5 0 0 0 40 0 36 0 0 0 60 0 0 0 0 6 25 0 0 0 0 0 0 0 12 0 54 0 0 0 0 78 0 0 44 31 78 0 71 12 0 0 1 0 0 0 0 0 21 56 0 0 40 0 0 0 0 0 0 0 0 67 0 0 8 30 41 0 0 0 46 0 0 0 0 0 0 0 0 0 0 0 63 0 0 0 0 10 0 0 0 91 0 0 0 0 0 0 0 0 0 0 0 0 0 0 0 51 0 88 0 0 0 0 100 0 0 0 66 0 0 76 1 0 0 0 74 42 51 0 93 0 0 0 97 90 0 0 0 0 0 0 0 0 0 0 0 0 0 0 0 18 0 0 0 0 0 0 0 0 0 0 0 0 0 0 0 0 0 0 0 0 0 0 2 0 60 0 0 0 0 0 0 0 0 64 24 0 15 0 59 0 0 0 52 0 0 0 90 0 0 16 0 0 0 27 0 0 0 64 0 0 0 0 0 93 0 0 0 0 0 0 0 0 0 0 0 81 0 61 0 0 68 80 0 0 0 0 0 0 0 48 0 0 0 0 0 0 20 0 59 42 0 32 0 0 0 0 0 0 0 0 0 0 0 0 83 0 97 0 60 0 0 0 0 0 0 27 46 0 79 0 0 0 0 60 0 0 0 0 85 0 0 0 0 0 71 88 79 0 0 0 0 0 0 0 0 0 0 0 0 0 0 0 63 0 36 0 0 0 68 0 0 7 0 0 0 0 47 0 0 12 0 0 47
0 0 52 0 55 0 0 0 0 0 0 0 0 0 0 0 0 0 0 76 0 0 0 0 0 0 0 0 55 42 61 63 83 0 0 0 0 0 0 0 0 0 0 0 0 0 0 68 53 96 72 0 0 0 0 0 0 0 0 0 84 76 0 0 12 0 0 0 0 0 0 0 0 0 32 0 34 0 71 0 0 60 9 26 0 0 0 22 0 49 0 34 0 0 0 0 0 0 0 0 0 41 38 0 0 72 0 0 0 0 0 0 0 0 28 4 0 0 34 0 0 0 0 0 0 0 0 0 0 0 0 0 0 0 0 92 0 78 0 0 20 91 0 64 66 0 70 0 0 0 0 0 20 0 0 70 0 65 0 0 0 0 0 0 0 0 0 54 0 0 0 0 0 0 98 0 2 0 0 0 0 0 0 70 0 16 0 45 0 0 0 0 73 0 0 0 0 0 0 0 0 0 29 0 0 0 0 0 68 0 0 24 11 0 83 0 0 0 0 93 0 0 0 0 0 0 0 28 0 0 0 0 23 0 0 0 0 17 0 0 0 0 77 38 0 0 0 0 0 0 0 0 0 90 0 36 59 0 0 0 15 0 0 0 0 0 63 0 0 100 0 0 0 0 0 0 42 0 0 0 90 73 0 20 0 0 0 0 0 76 51 77 0 0 94 0 0 0 0 47 0 0 0 0 0 0 0 0 0 6 0 0 0 0 0 0 0 0 0 22 0 0 0 0 0 0 0 23 0 0 0 93 0 0 0 0 0 0 0 0 0 0 0 60 0 0 0 0 53 0 0 0 0 0 0 7 0 0 0 0 0 0 0 0 0 0 0 0 56 57 0 0 0 0 0 0 0 0 81 4 0 47 73 0 40 40 0 0 66 0 0 0 0 68 43 96 0 0 6 0
0 0 99 0 0 0 0 0 0 32 0 55 0 0 0 0 0 0 0 69 0 89 87 0 0 3 0 0 0 0 0 0 0 0 0 55 0 0 99 0 0 14 0 0 0 16 0 92 20 0 71 0 0 0 0 0 0 69 0 0 52 0 87 0 0 3 0 0 0 0 0 73 0 43 30 0 0 0 0 0 0 0 0 0 0 0 33 0 0 0 62 0 60 0 0 0 0 0 0 0 0 0 0 0 0 0 0 53 0 0 0 0 0 0 0 12 31 0 0 0 68 0 32 0 0 0 0 0 0 0 0 0 73 0 0 0 53 0 0 0 0 0 67 9 86 0 0 66 91 0 0 0 42 0 0 0 0 0 0 0 40 0 0 0 0 0 68 0 62 0 0 0 0 0 0 0 7 0 47 0 0 64 0 0 53 0 0 0 0 0 0 0 0 81 0 0 0 4 0 0 0 0 0 0 9 0 0 4 0 0 0 0 83 0 0 92 0 0 0 0 80 0 0 0 23 0 0 58 4 0 86 0 24 0 73 0 0 0 0 0 63 0 83 0 0 0 56 0 90 0 0 78 0 0 0 0 0 48 0 0 80 0 0 0 0 0 92 0 0 0 0 0 0 0 0 0 0 0 0 0 0 0 0 0 19 0 75 70 0 0 0 0 39 0 0 0 78 0 0 56 0 70 0 0 0 0 0 0 0 0 42 0 0 0 0 0 0 0 6 10 0 0 14 0 0 43 0 0 0 0 32 0 0 61 28 0 0 0 97 0 0 97 0 0 81 0 47 14 0 0 0 0 0 0 0 0 0 0 0 0 0 0 0 0 0 0 100 0 0 0 0 0 0 0 37 0 0 0 0 0 0 63 14 84 0 0 0 0 0 0 0 52 0 0 0 0 39 0 1 13
0 0 0 44 0 64 52 21 0 0 0 0 0 0 0 0 0 0 0 41 0 0 0 0 0 0 0 0 0 0 6 0 0 25 0 0 5 0 0 12 0 0 0 0 0 43 27 0 0 0 0 0 0 0 0 0 0 17 0 0 0 47 0 0 0 0 0 73 0 0 0 0 0 0 88 54 0 0 0 0 0 0 0 0 0 0 0 0 0 0 86 0 0 17 88 0 0 0 0 0 0 0 0 0 0 0 0 0 19 0 0 0 0 0 0 0 63 0 0 3 46 0 84 0 89 0 0 43 0 0 0 34 57 0 0 0 0 0 0 54 24 0 0 15 0 10 47 0 0 0 22 0 0 0 0 65 0 0 0 55 0 0 0 0 0 0 0 7 0 0 0 35 11 0 0 0 0 35 0 0 54 0 0 0 0 0 95 0 0 0 0 0 0 0 28 0 0 0 0 36 0 0 0 0 0 0 75 50 0 0 0 0 0 0 0 0 0 33 0 0 0 66 69 0 92 49 0 91 0 0 0 81 0 75 76 9 49 5 0 0 0 0 0 0 0 53 0 46 0 0 0 0 44 6 42 0 0 0 0 0 0 0 0 0 0 0 0 53 9 0 45 0 0 0 0 0 0 0 0 0 0 0 93 0 0 35 86 0 0 0 0 0 0 0 0 0 0 0 0 39 0 0 0 0 0 4 0 0 0 0 0 83 41 0 47 42 0 10 0 37 0 31 0 0 0 0 0 0 0 0 0 0 0 0 0 0 0 0 0 72 0 0 0 0 0 78 0 84 0 0 0 53 0 0 0 26 82 0 0 0 0 0 0 36 0 0 0 0 0 62 0 69 13 0 0 29 0 0 0 0 29 0 0 0 0 13 0 0 24 0 46 0 0 0 0 0 88 0 5 0
0 42 0 0 28 0 0 35 0 0 30 68 0 0 0 0 0 49 0 0 0 56 0 0 0 0 0 0 0 0 0 0 0 70 0 29 0 0 0 0 0 0 0 0 0 9 52 52 78 0 0 0 0 0 37 77 0 0 58 0 0 0 0 0 0 9 0 0 22 0 79 0 70 0 0 0 0 5 0 80 0 0 0 51 50 20 0 0 69 0 22 48 49 0 0 0 0 0 0 0 0 0 0 0 0 0 0 0 0 0 0 0 0 0 0 0 0 0 18 1 0 0 0 88 0 0 0 0 0 0 93 0 95 0 0 0 0 0 0 63 0 0 0 0 0 0 0 22 0 0 16 0 0 72 63 0 50 0 0 46 0 0 0 0 0 0 0 0 0 0 0 0 82 0 0 0 0 85 0 0 28 0 0 0 0 0 0 62 0 0 0 1 0 0 87 0 46 0 0 0 0 0 0 0 48 0 0 0 0 0 0 0 0 0 17 0 0 0 0 0 0 0 0 0 0 0 0 0 0 89 0 0 84 0 0 26 0 0 40 0 0 0 39 0 99 0 0 74 80 60 46 0 0 0 0 98 0 0 99 0 0 0 0 10 53 0 0 19 0 46 0 0 42 0 0 0 0 0 0 25 0 30 95 0 0 0 0 0 88 43 37 31 0 0 0 0 0 0 0 100 0 0 0 0 75 22 0 0 0 0 0 14 0 0 0 0 31 0 73 0 0 0 0 0 0 0 51 0 82 0 0 17 0 0 0 0 0 6 0 0 0 0 0 0 0 0 0 0 9 15 0 33 45 0 0 35 0 35 0 73 0 0 0 65 6 0 0 0 0 0 0 0 0 0 0 0 0 0 0 0 0 0 0 0 0 32 0 0 0 41 0 94 13 35 0 0 0 0 62 0
40 0 23 0 0 0 0 0 0 31 0 0 0 0 0 0 0 56 0 0 92 0 0 0 28 0 0 0 0 0 0 0 0 0 0 0 0 0 0 38 0 0 0 0 0 87 0 15 0 0 0 0 0 51 0 0 0 0 0 0 0 0 0 20 0 0 0 0 0 0 0 0 0 0 0 0 0 26 0 15 0 0 80 0 0 34 0 0 0 0 0 86 79 0 0 83 0 0 0 0 0 0 0 0 13 0 0 5 0 0 0 0 0 55 0 17 3 0 11 0 36 0 0 0 0 0 0 0 0 0 0 0 0 98 0 0 0 0 0 0 0 0 0 97 0 0 0 0 0 63 0 0 0 0 0 0 0 0 0 1 0 0 0 95 0 6 0 0 0 77 0 0 0 0 0 0 0 0 94 0 44 0 0 0 0 0 0 0 0 0 34 0 0 0 0 1 0 0 0 0 0 0 60 61 4 0 0 87 0 0 0 0 31 60 0 88 0 0 0 0 0 100 14 0 0 92 0 0 30 0 0 0 0 0 0 0 53 97 0 0 0 0 0 0 0 16 0 0 0 0 82 0 0 0 0 0 0 0 0 78 89 0 98 0 8 0 0 0 0 0 0 0 0 0 0 0 0 0 0 0 0 0 0 0 0 0 0 0 26 0 0 0 0 0 0 0 0 0 0 9 0 0 51 0 0 0 0 0 78 0 32 0 0 0 0 0 0 0 14 32 0 0 0 0 32 10 0 0 0 4 0 0 0 0 0 0 83 0 0 0 0 0 0 0 0 0 28 0 15 0 61 0 0 0 0 0 0 31 36 0 0 87 0 59 0 0 0 0 0 97 0 0 0 0 0 37 0 0 36 0 0 26 0 0 0 0 0 0 71 92 0 0 83 13 0 0 0 0 0 0
66 0 0 0 0 0 0 0 0 0 0 0 0 0 0 0 0 0 0 0 0 0 0 0 0 0 0 39 0 4 0 0 0 0 24 0 0 0 0 0 0 0 60 0 0 90 0 0 85 0 0 0 0 97 0 0 78 0 32 0 0 0 0 22 0 0 0 0 0 0 0 0 0 0 0 0 12 0 25 0 0 0 0 0 0 93 60 0 0 0 0 84 0 0 0 0 0 83 0 6 80 0 19 0 17 0 0 0 94 0 0 0 0 0 0 0 0 43 0 63 51 0 0 0 0 0 5 0 0 0 82 57 0 0 0 16 0 0 0 0 0 0 0 0 0 0 0 0 0 0 0 0 0 0 16 0 81 98 0 2 98 0 0 0 0 0 0 0 0 0 0 0 65 0 0 86 0 0 0 0 0 0 0 0 47 54 0 0 0 0 0 9 0 0 0 0 0 0 0 11 0 0 0 0 0 0 0 63 0 0 68 0 0 0 0 0 0 0 0 92 0 0 0 0 0 0 0 56 96 70 0 0 0 0 0 0 32 0 61 0 0 0 0 12 0 0 30 0 0 66 0 0 0 0 0 0 0 0 0 25 0 0 0 0 84 0 0 0 0 0 0 34 29 42 0 0 0 0 0 0 0 0 1 0 0 0 20 64 0 0 0 0 76 0 20 0 14 0 0 0 44 0 26 16 0 0 0 7 0 31 0 0 0 59 0 0 0 0 0 0 0 100 0 0 0 0 0 0 1 71 0 9 0 62 0 0 0 0 0 5 0 0 0 0 11 0 0 0 0 0 0 0 0 30 14 45 99 85 0 0 0 0 0 66 80 0 0 0 0 0 0 45 0 0 72 0 0 0 0 0 0 0 0 0 0 0 18 0 0 0 0 0 0 0 50 68 0 0 10 0
84 0 0 0 0 0 0 0 0 0 0 8 0 54 0 34 0 0 0 0 0 0 0 0 0 0 0 0 0 59 0 0 0 8 16 0 0 0 0 0 0 0 0 0 0 0 14 96 0 0 0 0 0 0 0 0 52 0 0 0 0 48 18 42 0 0 20 0 0 0 0 0 0 66 0 0 76 0 0 0 0 0 0 0 0 0 0 5 0 28 0 0 0 0 0 0 0 35 0 21 0 0 14 0 0 0 0 0 0 0 0 0 0 24 0 67 0 0 0 0 6 0 0 0 0 40 0 0 0 0 75 0 0 59 0 0 30 76 34 0 0 0 0 0 0 0 65 36 0 72 0 9 91 0 0 99 0 73 60 36 0 0 78 0 0 90 0 0 0 86 45 76 0 0 2 31 0 0 75 46 15 54 0 0 0 0 0 0 0 0 0 5 0 0 89 0 0 0 0 0 0 0 0 0 0 0 0 100 0 0 0 24 0 0 0 0 82 76 0 0 1 0 0 5 0 0 0 58 0 46 0 0 0 56 21 0 0 44 0 0 0 47 0 0 0 0 86 0 0 0 0 46 0 0 0 0 0 0 0 0 0 72 78 0 0 35 0 59 49 0 0 0 0 0 0 0 0 0 0 45 47 0 0 70 0 0 73 0 33 0 0 30 0 0 0 0 4 0 78 0 0 67 0 0 0 0 76 0 83 70 0 0 0 0 0 0 0 0 0 0 0 0 0 0 0 0 0 0 0 27 0 92 0 0 0 61 0 0 0 81 0 0 12 0 0 0 96 0 0 0 0 0 0 0 40 0 0 0 63 80 0 0 0 0 0 78 0 16 0 0 0 0 37 60 0 0 0 0 0 94 0 0 0 0 0 90 79 0 12 0 0 0 0 0 0 0 0 0 0 0
0 0 0 3 0 0 24 0 0 0 0 0 0 0 0 0 0 97 0 66 0 0 0 0 0 0 0 0 0 0 0 0 0 0 0 0 49 0 0 0 0 0 96 0 15 44 0 100 0 0 0 0 67 0 69 0 0 0 0 0 0 0 0 0 0 0 0 0 0 0 0 0 0 0 0 0 0 0 34 61 13 0 0 0 0 0 83 14 0 0 0 7 0 0 82 0 0 0 0 0 0 0 34 0 0 0 0 31 0 70 0 0 0 0 93 0 0 51 0 33 0 0 65 0 25 9 0 0 0 45 0 16 0 0 0 0 0 0 0 0 77 0 0 88 0 0 0 0 0 0 0 54 0 24 0 0 86 58 0 0 79 6 0 0 0 0 0 0 0 62 0 73 0 0 0 64 0 0 31 0 0 0 0 0 49 0 17 0 1 99 0 0 0 0 0 0 0 0 0 0 0 0 0 0 0 0 0 0 0 84 0 0 0 22 0 53 2 0 0 0 79 0 0 0 0 0 0 71 46 0 0 0 0 0 0 0 0 0 0 0 0 0 0 34 0 0 0 0 0 0 0 0 0 0 0 0 0 0 0 80 0 45 0 0 0 0 60 0 0 0 0 0 0 95 2 0 0 0 0 56 0 0 99 0 0 0 0 0 0 0 7 0 0 0 4 35 0 0 0 0 88 85 0 0 0 0 59 0 0 0 0 0 0 0 0 0 36 0 0 0 0 0 0 0 0 0 0 0 0 0 38 0 0 0 0 0 0 29 0 0 0 90 0 0 0 0 3 0 0 77 0 0 70 0 0 0 42 0 0 0 0 0 0 0 0 57 0 99 0 0 0 0 0 0 16 36 87 0 0 0 0 0 18 0 0 90 0 0 0 0 0 0 0 0 0 50 0 0 0 100
0 0 35 0 0 0 0 14 0 0 0 79 0 0 0 0 0 0 0 0 69 37 0 88 0 16 0 0 0 30 0 0 81 28 0 0 0 0 0 48 0 0 0 0 0 30 0 0 0 0 56 50 0 22 72 0 0 0 0 0 0 0 0 0 0 23 0 0 0 27 51 24 58 0 0 0 0 0 0 0 0 0 0 59 84 0 0 0 0 0 0 0 0 0 0 0 0 0 96 0 0 0 66 98 0 0 24 0 0 11 0 0 90 0 98 0 0 0 0 0 40 0 0 0 0 0 6 0 0 0 0 0 0 0 0 0 75 22 50 0 0 99 0 0 91 0 81 0 5 0 0 0 0 0 0 72 0 22 0 0 29 0 0 93 0 0 0 0 0 0 0 12 0 0 0 0 0 0 0 0 87 0 0 0 0 0 0 0 64 0 56 97 0 0 0 45 49 0 0 98 0 96 0 0 0 38 0 0 55 0 83 0 0 0 0 0 0 0 74 0 70 0 0 17 0 0 0 0 0 19 0 40 0 0 0 0 63 0 0 0 63 49 0 0 0 95 0 0 0 0 0 0 0 85 0 0 0 0 0 0 0 0 0 0 64 0 0 43 0 0 50 0 0 62 0 0 41 0 52 0 32 0 0 0 32 88 0 22 0 0 48 0 0 0 0 0 0 0 0 0 0 16 0 91 0 0 6 0 0 0 0 0 0 0 0 0 0 0 18 0 0 0 0 0 0 0 0 0 0 0 14 0 81 0 0 0 83 0 0 0 28 0 0 51 0 82 0 0 61 0 0 21 0 0 0 0 0 0 0 0 14 0 0 94 0 0 0 0 0 0 0 0 89 0 0 0 0 0 0 34 0 0 0 0 0 0 0 46 0 42 59 0 0 0 23 0 0 25 0 0
93 0 0 0 0 0 0 0 0 0 0 23 0 10 81 62 0 0 0 0 100 100 0 0 0 68 0 16 87 0 0 62 0 0 0 0 0 0 0 0 0 18 0 0 67 0 97 0 72 43 2 0 0 4 0 0 0 0 0 0 76 0 0 21 0 28 0 54 69 0 0 0 61 0 0 0 0 0 0 0 0 0 0 0 78 0 0 0 0 0 8 0 86 44 0 0 0 0 0 0 0 0 0 0 0 0 21 0 0 0 52 0 0 0 0 23 0 0 0 0 0 0 0 97 0 0 60 0 0 51 0 0 28 0 0 0 0 0 0 0 26 0 0 0 0 17 87 0 0 0 0 0 0 0 0 97 61 0 0 0 0 0 0 0 10 0 77 89 0 0 0 0 4 86 0 8 0 0 93 0 87 0 30 0 0 0 0 0 0 100 30 44 0 0 0 0 92 70 91 0 47 12 0 0 0 0 93 0 0 0 0 15 0 0 0 0 64 0 0 0 6 0 0 0 0 42 0 0 0 59 0 0 0 0 0 0 0 81 38 0 0 0 0 0 0 0 0 0 0 0 20 0 0 70 69 0 0 0 0 0 0 0 0 0 39 0 0 0 0 0 0 0 15 0 0 0 0 63 36 0 0 0 11 0 0 45 0 0 0 0 7 0 32 0 93 20 0 0 0 0 0 0 0 0 0 0 0 0 0 0 0 68 0 31 100 0 80 0 0 0 0 0 0 22 0 0 0 0 92 0 0 0 0 0 0 0 0 10 0 0 0 53 0 0 0 0 0 44 0 0 0 0 52 0 0 0 0 0 0 0 0 0 0 0 0 0 0 0 0 89 0 0 27 0 1 75 58 0 2 0 0 0 0 0 13 0 0 80 65 0 0 0 52 0 0 0 80 0 0 0
93 0 4 0 10 0 0 0 0 0 0 0 34 0 85 0 0 0 0 80 0 0 0 0 0 64 0 0 0 0 9 0 35 37 0 14 0 0 0 0 0 16 0 0 96 51 0 0 0 28 0 0 0 0 0 0 0 0 0 0 0 0 0 34 0 0 0 0 0 0 0 0 0 81 23 0 0 0 0 75 0 82 69 0 0 0 27 0 0 58 0 0 0 0 0 0 0 0 0 0 0 0 74 0 46 0 23 0 0 0 0 0 0 70 0 0 0 0 11 0 0 92 0 0 0 0 0 0 51 0 0 78 0 0 0 0 0 0 87 0 0 0 91 0 0 0 79 0 0 77 0 0 23 0 0 0 0 7 0 0 0 0 0 0 0 0 0 0 0 0 69 79 0 10 0 0 0 0 0 0 0 0 52 82 47 66 0 0 0 0 0 0 0 0 0 0 0 68 0 0 32 0 0 0 80 35 0 0 53 0 0 0 0 75 0 0 0 0 0 0 0 57 0 52 0 59 0 0 0 0 0 0 0 0 0 0 26 0 0 9 0 0 0 96 19 0 2 0 99 0 0 0 0 0 0 86 0 0 0 0 0 0 0 0 0 0 0 0 0 0 9 0 1 0 0 0 5 0 0 0 0 69 50 0 0 0 0 0 0 63 0 0 72 0 25 0 0 75 0 0 16 0 0 0 56 69 39 62 90 84 0 0 53 66 0 0 0 0 0 9 0 0 1 0 0 0 72 95 0 0 0 25 0 0 0 0 0 0 0 57 0 0 0 0 0 0 0 0 0 36 76 0 0 0 0 0 0 0 0 0 55 0 0 0 12 0 0 24 4 0 79 0 32 77 0 0 0 0 0 62 0 45 0 0 37 54 0 0 0 0 0 0 0 0 0 3 14 0 0 0
0 41 88 0 0 0 10 0 76 0 5 0 96 0 61 55 0 0 14 51 36 79 0 0 89 31 0 0 32 0 0 0 52 0 0 0 0 0 0 0 0 63 0 0 0 0 0 0 0 0 0 91 0 0 35 86 0 0 0 0 72 0 0 0 0 0 0 0 0 0 47 0 0 0 0 17 28 0 0 0 0 0 0 19 0 31 0 0 0 0 0 0 0 85 0 0 0 0 0 0 93 0 0 79 0 0 39 56 0 0 67 19 0 0 0 0 0 0 0 0 84 0 0 0 26 59 0 0 95 0 31 0 0 70 0 0 0 0 0 0 0 0 13 0 0 0 0 0 15 0 29 0 0 0 0 0 0 0 0 0 66 0 0 72 0 0 0 0 0 13 0 69 18 0 0 0 20 0 15 0 0 0 0 34 0 0 0 0 94 0 0 78 0 73 0 0 0 0 0 0 0 0 26 0 0 33 0 0 0 0 9 76 0 0 16 0 0 27 26 85 0 0 77 0 94 97 0 0 0 0 0 0 0 56 0 31 0 0 0 0 0 0 0 0 0 0 81 0 0 0 45 0 76 0 0 86 0 0 0 0 71 0 0 0 0 0 0 0 0 0 0 1 0 0 0 44 0 0 84 0 0 0 0 0 0 88 0 0 0 40 0 0 0 0 0 0 50 61 0 43 37 0 0 0 0 0 0 0 0 0 0 0 61 0 0 0 0 2 0 19 0 0 75 57 1 0 0 53 24 0 26 0 0 0 0 0 34 0 67 79 0 0 0 0 63 0 0 0 0 0 0 0 0 0 55 0 0 0 0 0 65 0 0 0 0 0 62 0 0 65 0 0 100 0 0 0 53 0 6 0 0 22 0 0 0 0 32 0 0 0 0 0 0 0 0 0 0 0 8 0
58 0 0 0 0 0 76 100 0 0 0 0 90 0 3 78 0 18 13 17 0 19 0 0 0 91 0 45 0 4 0 0 0 5 34 0 0 0 67 0 0 60 0 5 0 0 0 64 0 0 0 56 0 0 49 0 97 100 0 0 0 0 0 65 19 0 0 60 0 32 19 0 0 0 0 0 0 0 0 0 0 0 0 0 0 66 29 0 63 0 0 54 5 0 0 0 0 0 0 0 0 0 0 0 0 7 0 0 0 0 76 61 0 0 0 0 55 0 0 5 0 0 0 0 0 0 0 0 0 0 0 90 0 0 0 50 0 0 0 27 0 0 0 0 0 0 0 0 0 0 0 0 74 0 0 0 92 0 43 0 0 0 0 0 0 60 0 0 0 0 0 0 0 90 0 0 0 1 0 0 0 0 6 0 0 0 0 0 78 0 0 0 0 0 35 4 6 34 0 86 0 0 0 0 0 0 0 94 0 0 15 64 0 46 84 0 0 63 0 0 100 0 0 28 0 0 0 94 0 33 0 0 0 0 0 0 0 0 0 0 72 0 0 82 0 0 21 0 2 24 0 0 0 36 0 0 0 61 26 0 3 0 0 0 0 0 0 24 0 99 0 0 28 0 0 78 0 0 32 0 31 0 0 0 0 0 36 0 0 0 0 0 7 0 0 0 0 0 12 0 0 3 0 0 41 0 0 0 82 34 0 97 32 0 32 0 0 0 0 0 0 0 86 0 23 36 0 100 0 20 32 13 0 26 0 0 9 0 0 0 28 54 0 0 0 0 0 41 0 0 0 0 0 0 0 0 0 0 0 0 0 0 43 0 0 83 0 0 0 0 29 16 0 0 0 0 0 42 55 0 0 0 0 0 0 0 0 0 0 0 0 0 24 0 80 0 0 0 10 0
0 43 0 0 0 0 0 0 97 71 92 95 0 0 0 0 30 0 0 0 0 0 16 0 0 42 0 13 47 91 0 0 0 91 0 0 0 32 0 0 0 0 35 0 0 0 0 96 20 0 0 61 0 41 90 50 57 14 70 32 92 0 50 0 85 16 46 0 0 0 5 0 67 0 0 50 35 0 73 0 0 0 33 67 0 0 0 0 0 0 0 0 0 84 0 0 0 0 0 0 60 0 0 0 0 1 11 0 0 34 0 37 0 0 0 28 0 0 0 0 42 43 0 0 0 5 0 19 0 0 16 53 0 0 41 0 0 70 0 0 0 0 0 0 0 0 20 0 0 0 0 0 0 0 74 38 39 0 37 0 0 88 28 58 0 0 0 25 0 0 45 0 96 0 48 0 48 0 0 0 68 15 0 0 0 81 0 0 0 0 41 0 0 0 0 0 3 0 0 0 0 0 0 0 27 0 0 24 0 0 0 22 0 78 19 0 0 0 87 0 0 0 23 0 0 0 0 0 0 0 53 0 89 0 0 0 32 0 0 71 0 0 0 0 46 0 99 0 0 0 0 91 0 0 31 0 0 0 31 84 0 0 0 0 9 0 29 0 87 0 0 0 0 48 0 91 0 0 0 0 0 7 0 0 0 0 0 0 94 67 0 26 0 16 0 0 0 0 0 0 0 0 0 0 56 0 0 0 0 0 0 0 9 0 56 0 0 0 0 0 0 53 62 0 83 0 0 36 0 0 0 0 0 0 65 0 0 0 0 0 0 0 2 41 0 0 0 0 0 0 0 17 0 0 0 0 0 0 0 61 0 0 0 9 0 0 0 44 0 0 0 0 26 100 0 0 0 0 0 33 0 0 87 0 0 0 0 0 28 0 63 87 0 0 26 0 17 95 0 47
0 4 0 12 0 54 0 0 18 0 0 0 0 0 52 0 0 0 0 0 27 0 0 96 9 0 0 56 0 0 0 9 99 0 0 0 0 0 0 0 52 0 0 0 0 0 0 0 0 0 0 0 24 0 0 0 14 0 58 0 0 0 0 0 0 0 0 0 0 0 0 6 0 0 0 3 0 74 0 52 0 0 92 0 0 0 0 0 82 0 0 0 68 98 0 72 0 0 27 0 0 0 74 0 0 11 0 0 0 0 0 0 61 0 23 0 0 0 0 0 0 57 0 49 0 0 0 0 0 0 0 0 0 0 0 0 0 100 0 0 27 0 0 0 0 10 0 0 0 67 0 94 46 0 92 0 0 57 34 89 0 0 0 0 22 0 0 49 0 18 23 0 0 0 81 0 0 0 0 96 0 0 0 0 0 17 0 0 0 0 27 28 47 39 0 0 0 0 77 84 63 18 0 0 8 0 73 0 0 1 0 0 0 0 0 0 65 0 0 0 44 0 0 0 0 0 0 0 0 0 0 0 67 0 0 0 0 0 0 0 32 0 52 0 0 53 0 18 0 31 0 0 0 0 36 0 35 36 0 0 0 68 0 0 0 44 0 0 0 0 0 0 0 0 0 0 0 0 0 0 0 0 0 0 28 0 0 0 0 0 41 0 29 0 0 0 0 0 17 1 0 51 0 18 0 0 0 0 0 0 0 0 6 0 77 0 0 0 0 0 0 59 0 60 0 0 0 99 31 0 45 0 0 0 0 91 0 22 94 0 0 0 51 0 0 95 16 40 73 2 0 0 0 0 52 16 27 54 0 0 0 0 0 0 0 0 0 42 0 70 0 0 0 0 0 0 0 0 0 0 0 6 0 0 97 0 0 0 0 10 0 0 0 0 30 0 85 56 0 0
0 0 0 0 0 0 0 0 35 44 0 0 0 0 0 0 0 0 0 84 98 51 0 0 26 19 0 0 0 0 0 17 0 0 97 0 18 0 0 0 0 0 0 34 0 0 0 0 0 0 0 0 0 0 0 0 0 0 0 0 0 0 0 0 0 0 0 0 18 0 0 98 0 43 0 0 64 6 0 0 0 0 0 0 0 0 0 42 0 0 0 17 0 65 21 0 0 0 0 0 92 89 0 0 0 67 0 0 0 90 0 0 0 0 0 0 17 0 53 32 30 0 0 70 0 69 85 0 0 0 0 0 70 0 0 0 0 0 0 0 40 0 0 0 0 0 0 0 0 56 0 0 0 0 0 44 0 65 0 0 0 0 0 0 0 0 4 0 19 0 0 0 0 69 0 0 68 0 0 76 0 0 0 9 47 0 0 0 0 0 0 0 0 0 0 39 0 0 96 30 0 0 0 0 0 0 0 0 0 6 61 0 93 0 0 66 0 0 33 0 0 0 0 0 0 93 0 0 0 75 0 0 15 0 0 0 0 95 67 88 0 38 37 60 0 10 0 0 0 0 0 0 0 68 47 0 0 0 0 0 89 0 0 56 0 0 51 0 0 0 0 0 0 0 0 78 0 0 0 33 0 0 0 0 0 0 27 0 0 0 0 78 19 0 51 8 0 0 0 0 0 79 0 0 0 78 0 63 0 0 0 0 16 0 0 0 0 0 0 90 0 51 0 58 0 90 48 0 0 0 0 23 95 0 0 0 24 0 0 16 33 0 0 61 0 0 0 0 0 0 61 0 0 5 0 0 0 0 77 0 0 23 0 0 0 0 0 0 0 0 0 19 0 0 0 15 69 14 0 0 0 0 0 0 72 0 0 0 0 0 0 0 0 0 0 0 87 55 0 54
0 0 0 0 30 0 30 0 0 0 0 0 0 0 0 0 58 0 0 0 41 0 46 0 0 0 0 0 0 60 0 0 0 0 36 90 0 0 0 0 39 0 0 0 0 0 53 0 0 0 0 18 60 0 0 0 92 0 5 0 0 0 0 44 84 0 0 67 0 0 0 98 0 24 0 0 0 6 56 87 0 0 0 0 0 0 0 82 51 0 0 0 0 0 0 0 0 47 0 0 0 0 0 0 0 0 0 73 26 0 0 0 48 0 0 0 0 30 97 45 0 0 0 0 0 0 71 14 0 0 26 0 0 58 0 88 0 0 0 0 0 0 87 12 0 100 0 0 0 78 25 0 0 0 0 0 0 0 0 0 0 0 0 0 0 0 0 0 0 0 0 0 0 0 12 0 0 6 0 70 0 100 0 0 0 0 0 0 0 0 53 0 0 0 88 0 51 0 0 0 31 0 0 47 61 79 0 0 0 0 0 0 0 0 0 96 60 0 0 0 55 0 0 0 36 55 0 70 0 0 0 97 0 4 84 0 0 0 0 0 0 0 28 0 0 31 89 0 62 0 0 0 0 16 7 0 0 0 0 0 0 0 0 0 0 0 0 21 0 0 0 0 97 0 0 0 0 0 30 0 0 0 0 0 0 13 0 0 0 0 0 0 0 0 0 0 0 35 0 0 0 88 0 80 0 0 0 0 0 0 0 0 0 0 0 0 27 0 94 0 0 0 0 0 0 0 72 100 0 96 0 0 0 0 0 87 89 0 0 0 0 0 0 0 0 50 0 0 0 0 0 1 56 0 74 44 0 48 0 0 82 0 0 0 0 37 0 0 0 0 0 0 0 0 0 0 0 33 33 0 20 0 0 0 36 0 0 88 43 0 0 0 31 47 48 0 0 0 76 72
0 0 0 0 19 0 0 0 0 0 0 0 76 0 0 4 74 8 36 0 0 92 0 0 0 45 0 86 0 26 0 0 0 60 0 0 0 0 0 0 0 0 0 0 0 0 0 22 0 0 66 0 50 25 0 0 0 0 43 0 0 0 0 69 0 0 0 0 0 0 0 0 0 19 0 0 0 0 0 0 0 0 87 0 0 0 0 0 0 0 0 0 0 0 96 58 0 0 0 0 0 0 0 0 0 0 83 0 0 0 50 0 0 0 51 19 91 0 0 43 31 0 0 89 48 0 75 0 0 0 40 0 86 0 0 8 0 0 68 0 0 0 0 82 0 87 0 41 7 4 0 0 0 0 0 0 0 0 42 0 26 18 0 58 0 0 61 0 0 96 0 40 0 0 0 0 0 0 0 0 80 88 0 0 43 95 34 77 0 0 11 0 83 0 15 0 15 11 0 0 0 0 0 0 0 0 0 0 0 0 88 0 0 0 0 0 0 0 0 0 0 12 21 0 0 0 0 23 0 71 89 0 0 0 0 73 0 0 70 0 9 0 0 0 0 0 0 0 0 76 0 0 0 0 0 43 0 0 77 0 6 0 0 0 0 0 0 46 94 0 70 70 0 31 0 78 0 0 0 0 0 77 0 0 35 38 0 0 0 0 40 0 31 0 0 0 0 0 8 0 37 0 0 0 0 0 0 50 0 0 63 65 25 0 0 0 0 99 0 0 0 0 35 0 0 0 0 0 0 0 65 0 0 0 0 9 0 0 0 0 0 0 0 0 0 0 0 81 0 0 0 0 53 44 0 0 0 0 43 30 0 0 0 0 0 0 0 12 0 0 0 0 53 0 0 0 0 0 89 0 0 0 77 88 0 0 35 0 0 14 0 0 0 0 60 0 94 0 0 0
0 0 15 0 91 81 0 0 0 0 27 16 39 0 0 75 82 0 0 89 0 0 0 77 0 0 0 0 0 0 0 71 0 0 0 4 0 0 0 0 0 0 0 0 0 0 32 0 0 0 0 32 12 0 0 97 0 0 0 67 29 0 96 70 0 0 0 0 81 0 0 0 0 0 0 0 0 0 34 59 0 0 0 0 0 0 58 67 0 19 0 0 0 0 47 74 0 42 0 0 85 82 99 0 0 0 0 0 0 0 52 99 0 0 0 0 0 0 0 0 24 0 0 0 68 53 0 0 0 0 0 0 0 0 0 0 0 0 0 0 0 0 0 58 0 0 0 0 0 57 0 0 85 0 0 49 95 0 0 10 54 0 62 0 0 75 0 0 0 32 38 0 0 0 0 0 0 31 66 45 49 30 0 0 0 0 0 0 0 0 0 0 70 0 0 0 0 0 0 30 92 0 0 0 0 0 0 0 0 89 0 0 0 0 68 0 0 0 76 53 0 0 0 0 0 0 0 0 0 91 0 0 0 88 12 89 0 0 0 0 0 0 13 11 0 0 90 0 0 72 0 0 0 32 0 0 3 0 0 0 0 0 0 0 0 0 90 0 0 0 0 0 0 0 0 0 0 0 0 0 0 61 0 0 0 0 0 0 5 0 0 0 82 38 48 0 0 0 0 35 0 0 0 0 0 0 0 59 0 0 0 71 0 0 0 0 0 0 0 0 0 0 98 0 0 41 88 59 0 0 39 0 0 0 0 1 91 0 0 0 0 0 27 0 0 23 0 0 0 0 0 84 62 0 0 0 0 0 17 0 0 0 0 0 32 0 0 0 89 0 0 0 88 0 0 0 0 0 36 0 0 0 0 0 0 0 20 57 59 0 0 0 0 0 0 0 0 0 0 0
0 0 0 0 45 61 0 0 20 0 0 0 0 0 100 0 0 95 0 0 38 0 0 0 0 42 0 0 0 0 0 0 0 0 46 8 0 71 0 0 0 0 29 65 19 0 0 0 0 0 38 21 0 0 0 0 0 0 0 0 0 0 93 55 73 0 0 0 49 0 3 0 0 0 0 0 70 0 0 0 0 13 0 63 15 0 0 78 0 94 0 0 0 91 0 0 0 57 0 0 0 0 0 0 0 0 0 0 0 0 0 0 0 0 64 0 0 0 31 0 0 92 14 0 0 0 0 47 0 0 0 0 0 0 38 64 11 46 0 0 0 0 0 0 0 0 20 71 0 0 0 0 21 0 66 0 0 0 34 91 73 0 0 0 77 89 44 75 0 0 0 0 0 97 0 0 98 0 0 0 0 0 0 0 47 67 0 0 0 0 0 0 0 0 0 0 0 0 0 0 0 0 0 0 0 0 0 0 39 0 0 0 0 61 64 34 19 0 0 0 0 0 8 59 0 0 0 0 0 0 0 0 0 0 0 0 0 0 28 17 0 0 34 0 0 0 0 0 0 0 48 0 0 0 0 0 0 4 0 14 0 0 0 0 23 0 0 0 0 0 0 0 0 31 5 0 0 0 0 0 0 0 79 53 0 80 0 93 25 0 0 0 0 0 0 0 0 2 0 0 0 0 0 0 0 0 94 0 34 0 0 0 0 0 0 0 0 0 0 0 80 27 0 0 0 0 54 0 0 0 0 0 0 0 70 7 4 0 52 0 0 16 0 0 0 77 0 34 53 76 0 0 0 0 19 0 0 0 0 57 0 0 0 0 65 0 0 67 98 0 3 22 0 0 0 47 50 0 28 0 0 82 0 0 0 91 0 0 33 0 0 0 56 0 0 13 0 0 0 0
0 0 0 0 0 0 0 0 88 0 0 0 0 0 91 0 0 0 0 0 41 17 0 0 0 0 0 4 0 94 35 0 0 0 0 33 0 0 12 85 0 69 0 0 0 0 0 0 58 0 0 0 0 0 0 0 0 0 0 0 0 24 0 0 0 40 0 0 0 0 0 4 0 0 57 0 61 0 0 0 0 0 0 0 0 0 0 0 0 0 0 0 57 0 0 0 0 0 0 0 38 0 0 0 0 0 67 0 0 0 68 0 0 0 0 0 89 42 0 57 0 20 0 0 0 53 0 0 0 0 0 0 15 0 32 0 0 0 0 17 0 0 0 0 0 0 0 64 64 0 0 0 0 0 0 0 62 25 61 0 0 0 0 0 0 0 21 0 0 50 16 0 0 0 0 0 0 0 55 0 0 91 0 0 0 0 0 43 0 55 0 0 0 70 89 0 0 5 0 0 22 0 0 42 0 0 0 0 0 0 0 0 0 0 0 0 78 0 0 0 0 32 0 0 0 0 60 0 0 0 0 0 0 22 0 0 0 0 0 0 0 0 0 0 50 0 0 19 0 82 86 0 0 0 0 0 0 0 0 0 0 0 0 0 0 0 0 52 0 0 100 0 58 0 0 86 0 16 79 0 46 0 0 0 0 0 0 0 0 0 0 0 58 0 0 0 0 0 0 40 34 0 0 0 0 0 0 0 84 0 81 68 0 0 0 0 0 0 0 0 5 0 36 0 62 0 0 0 0 0 0 0 0 0 0 0 0 0 0 0 0 0 0 0 0 0 0 0 0 0 0 0 43 0 0 0 0 0 47 0 0 23 73 10 0 0 0 0 0 0 0 0 0 0 63 0 0 25 0 0 0 66 28 98 59 53 0 0 0 97 0 0 0 27 0 61 28 46 0 0
33 0 0 0 0 0 36 0 0 0 87 0 0 32 57 0 0 1 0 0 81 0 0 45 0 0 0 62 0 46 0 0 0 0 8 0 0 0 52 0 0 0 0 55 0 0 0 0 0 0 23 0 0 0 0 0 0 100 33 93 0 0 0 0 0 0 0 8 51 39 0 0 0 0 0 95 0 45 0 24 20 0 0 0 0 0 82 71 58 0 0 0 0 0 0 0 0 0 0 0 16 0 0 0 0 92 65 94 85 0 0 31 82 0 7 89 0 0 40 0 15 0 0 0 0 0 30 0 0 0 0 0 0 0 0 0 0 14 0 0 0 41 0 0 0 0 0 0 57 0 53 0 0 0 0 0 0 0 83 0 71 0 0 39 0 48 0 44 9 37 0 49 0 0 0 0 62 0 0 0 0 0 70 31 45 0 22 0 84 0 74 0 0 24 0 0 83 99 15 0 34 48 0 0 0 0 0 87 0 0 0 0 0 0 0 0 0 0 49 0 0 82 0 0 0 23 42 83 0 0 0 0 0 0 0 0 84 0 0 0 77 0 0 33 0 0 0 0 0 0 0 96 0 0 0 0 47 0 0 0 0 0 74 0 0 0 0 0 79 47 62 0 0 0 9 0 0 0 10 0 0 0 0 0 0 0 1 0 0 0 0 0 0 0 0 0 7 0 0 0 0 66 24 0 0 0 0 0 56 0 0 0 0 0 0 9 0 0 0 66 0 0 0 0 0 0 0 0 69 0 69 0 0 0 47 0 0 0 88 0 0 0 19 86 20 0 0 0 0 8 0 0 0 0 0 0 0 19 0 56 0 58 0 0 0 0 0 0 0 59 14 0 0 65 0 0 63 36 0 0 0 64 0 0 67 0 0 0 0 0 0 0 70 0 0 0 0 0 0 0
0 0 0 39 0 0 0 0 24 0 98 0 0 0 0 0 0 0 0 87 0 0 0 0 0 83 0 24 31 0 59 63 0 0 0 0 0 0 0 0 0 0 0 0 0 0 38 0 0 0 0 0 0 0 0 86 67 88 0 0 0 0 0 0 0 0 0 0 0 0 0 0 67 0 0 0 0 0 72 0 0 0 0 39 7 15 0 0 0 0 77 0 0 0 0 0 0 0 0 57 0 40 49 0 0 0 0 0 0 0 84 0 52 0 0 0 0 0 0 0 0 0 0 0 0 0 0 0 99 67 0 58 0 0 0 32 66 0 0 0 0 0 0 0 0 76 0 0 35 0 23 0 81 0 0 79 0 0 0 15 0 57 0 0 0 0 93 0 0 0 38 0 0 0 0 0 0 0 76 0 76 0 0 0 0 0 0 0 12 0 40 0 0 12 100 0 0 10 0 0 0 0 44 0 83 91 71 95 0 0 0 0 0 0 0 0 0 0 0 10 0 0 15 0 0 0 0 8 0 0 39 0 0 0 38 0 0 0 0 0 95 0 0 0 0 0 0 16 8 0 0 0 60 0 0 0 74 0 58 45 0 93 50 0 0 0 0 86 0 24 0 63 82 0 0 0 19 0 0 0 0 0 0 5 0 0 0 0 42 52 0 0 0 0 0 0 52 0 0 0 0 0 0 12 0 0 0 0 0 78 0 0 0 90 0 0 87 6 0 0 29 0 0 62 0 0 0 0 78 0 0 28 0 11 0 0 0 28 0 0 0 0 0 99 0 0 0 0 0 0 78 0 0 0 0 100 32 0 0 74 0 0 0 0 28 0 96 0 0 0 0 0 0 0 0 0 0 58 13 0 0 0 49 38 0 0 0 0 0 0 0 0 93 0 0 0 0 0 69 0
0 72 50 0 0 0 84 0 90 0 0 0 0 0 45 0 0 0 0 0 0 0 0 35 0 0 0 0 10 0 0 0 0 0 21 0 0 0 0 0 15 0 0 0 0 0 16 77 77 0 0 0 0 0 0 0 0 0 69 0 0 0 20 29 0 0 0 0 0 97 0 99 2 0 0 0 57 0 0 0 0 0 0 0 60 0 0 0 0 0 0 0 0 0 0 95 0 49 81 0 0 0 21 0 0 0 0 0 0 0 58 0 0 0 0 0 35 31 0 0 0 0 0 0 0 0 0 0 21 0 0 0 0 62 0 0 0 0 0 0 0 0 0 16 0 0 88 0 0 1 0 0 0 0 91 0 0 0 71 0 37 0 98 0 0 0 0 37 58 0 0 0 0 0 52 96 0 71 0 0 20 0 19 0 0 0 0 0 0 0 0 30 98 0 0 66 0 0 0 0 0 76 53 3 0 0 0 0 0 0 40 40 0 98 0 13 53 0 0 0 0 72 15 0 0 95 26 43 0 0 0 65 0 70 0 0 6 0 12 56 0 0 46 0 52 0 0 0 82 60 0 76 0 0 0 0 0 61 0 0 0 0 67 10 57 0 0 57 0 48 0 0 0 0 27 0 0 37 0 0 0 0 0 4 0 95 0 0 9 0 0 73 0 0 40 0 0 0 0 0 87 0 0 0 0 0 0 0 0 0 0 0 0 0 92 0 0 0 0 0 0 0 0 0 0 30 57 0 92 85 0 18 0 0 46 0 0 0 0 57 0 0 4 0 0 0 0 0 69 31 0 0 0 0 0 0 0 0 0 58 0 0 0 95 31 47 0 0 0 10 0 0 0 0 0 0 0 0 0 0 0 0 26 79 0 0 0 0 0 0 0 0 0 0 0 0 0 0 0 0
36 0 96 0 0 0 0 0 0 0 62 0 0 0 0 0 0 86 0 0 0 80 0 0 0 0 0 25 0 60 13 78 0 0 0 84 0 0 80 0 0 0 0 0 41 0 0 0 0 47 0 0 0 0 0 0 0 0 0 0 0 81 0 21 57 0 0 0 88 22 0 0 0 55 0 84 30 0 0 0 25 0 0 0 0 0 33 0 0 0 0 0 0 0 63 45 0 0 0 0 0 0 0 0 0 0 36 61 0 0 53 0 0 80 0 0 0 0 0 0 0 0 38 0 0 41 0 62 0 70 28 76 49 0 0 0 0 0 33 69 0 24 0 36 0 0 0 0 0 0 0 31 0 0 0 0 0 0 0 0 0 21 0 0 88 0 0 0 79 0 0 19 0 0 0 0 0 0 0 0 78 0 19 0 0 0 0 0 2 0 0 0 0 94 0 40 0 0 0 0 0 0 0 0 85 0 0 0 0 0 0 0 0 0 96 0 0 0 0 0 0 0 0 46 0 94 0 0 0 51 36 62 0 0 0 0 0 0 23 10 0 0 0 0 71 0 4 48 0 18 0 0 0 0 62 0 0 0 6 67 0 5 0 80 93 0 0 0 14 0 0 0 0 0 0 0 74 4 0 0 0 0 0 0 0 0 0 0 4 0 0 0 0 42 0 0 0 0 0 0 0 0 0 0 0 89 0 94 0 0 25 89 0 67 0 0 69 0 0 0 94 86 0 0 0 0 0 7 0 100 94 0 11 0 0 24 0 74 77 0 0 0 76 0 0 0 0 0 0 0 73 0 0 15 0 0 0 0 0 0 0 0 0 0 94 0 0 0 0 0 88 0 0 57 0 44 68 0 0 21 0 73 0 13 87 0 0 0 0 3 0 0 13 0 0 14 0 40 0 0
0 0 0 0 0 0 0 0 65 0 0 0 0 0 1 0 0 0 0 0 0 56 0 0 0 0 51 48 0 92 0 15 0 0 0 0 11 66 0 0 0 0 0 0 0 0 0 0 0 0 55 0 0 0 0 0 0 0 0 0 16 0 0 0 0 0 0 0 0 0 0 0 0 0 0 33 71 0 50 0 0 0 0 0 0 0 0 0 0 23 0 0 0 0 46 0 0 22 74 0 0 0 0 0 0 0 0 0 74 1 0 0 15 0 32 0 0 0 0 0 0 15 0 10 0 0 0 0 0 0 0 0 0 0 0 0 0 75 0 0 0 0 0 0 0 0 0 0 0 0 55 16 0 0 0 0 0 0 0 0 0 0 0 59 0 55 24 0 33 0 0 0 0 0 0 0 0 0 0 0 86 0 0 0 0 1 1 0 0 0 0 0 0 0 37 0 0 0 0 0 0 61 0 46 0 0 0 0 36 80 32 22 11 0 0 0 0 0 0 0 0 0 0 0 0 0 0 0 0 0 8 0 47 0 0 0 69 0 0 96 0 0 0 0 59 0 0 0 0 0 69 0 0 0 0 0 0 0 48 7 0 80 0 0 0 0 0 37 79 74 0 0 0 0 4 0 0 0 0 0 0 0 0 0 0 0 0 0 0 0 99 45 0 0 96 0 0 0 0 0 92 29 0 0 0 63 0 0 0 63 20 0 0 0 0 33 0 0 0 0 0 0 0 60 0 0 0 0 0 23 100 0 0 0 0 36 0 5 0 0 0 20 0 0 0 0 0 24 0 90 0 0 0 81 0 0 65 0 0 0 0 0 0 0 0 0 0 0 0 0 0 0 0 0 0 0 0 0 77 0 0 97 70 19 42 0 0 0 85 36 0 0 0 0 38 0 0 61 0 76
24 0 0 0 0 0 0 0 0 0 0 0 0 0 0 0 0 0 0 0 0 0 0 69 0 0 53 0 0 2 0 0 0 0 0 0 0 0 0 0 99 58 7 0 0 0 0 0 0 0 0 0 0 0 0 0 41 0 0 0 0 0 61 47 0 0 0 87 62 59 84 0 0 0 0 0 0 0 0 52 0 65 0 0 0 0 0 0 21 0 0 0 0 0 4 68 0 49 0 39 0 0 0 80 0 0 0 0 0 64 68 0 90 0 0 0 0 0 0 0 0 0 47 0 0 0 0 0 0 0 0 0 0 0 0 90 0 0 0 0 74 0 52 0 0 0 26 49 0 0 0 0 19 0 0 0 0 69 0 25 0 0 0 0 0 94 0 0 8 0 33 0 11 0 0 0 0 0 53 0 0 0 0 0 0 0 0 74 0 36 36 8 31 0 0 57 0 0 0 0 0 0 0 0 0 0 0 0 0 0 6 0 0 90 0 0 0 0 68 0 0 0 0 86 21 0 0 0 89 0 0 0 0 0 6 0 0 19 0 0 0 0 0 3 0 0 0 0 0 0 0 0 0 0 100 0 73 97 0 0 0 0 0 0 0 0 0 0 0 81 0 0 9 0 0 0 0 0 0 0 0 0 0 0 0 0 0 68 0 0 0 33 0 0 0 0 45 79 0 0 49 0 0 0 0 0 0 6 0 0 0 0 0 0 0 0 0 0 0 0 0 0 0 48 83 0 100 0 0 0 0 0 0 0 0 0 84 0 0 0 0 0 98 0 0 0 0 0 0 92 0 0 0 0 0 0 95 0 0 0 0 0 0 0 0 0 0 0 0 91 76 83 0 0 0 0 0 57 0 0 0 0 86 0 0 0 0 0 0 0 77 0 0 83 64 0 48 26 0 49
13 0 0 0 0 0 0 98 0 0 0 0 0 0 0 0 0 0 53 0 0 0 29 0 0 0 0 0 0 0 10 80 0 0 0 0 0 0 0 42 0 0 61 0 43 11 0 0 0 0 0 0 0 0 0 0 0 18 0 47 0 0 0 0 0 0 0 0 0 0 0 78 0 5 0 0 25 0 62 0 0 35 0 0 0 0 0 14 0 0 83 0 0 0 93 0 43 0 0 3 0 27 0 0 75 94 23 69 0 0 0 0 0 0 0 0 0 0 89 0 0 0 0 0 0 90 30 0 10 0 0 0 32 0 0 0 0 0 0 0 71 0 0 50 0 0 0 0 65 0 0 0 14 0 82 0 0 0 28 0 35 0 0 0 15 0 0 0 0 0 47 0 67 0 0 0 0 0 0 0 0 75 0 86 0 0 0 0 0 0 0 0 0 0 17 0 0 0 0 0 0 11 0 0 0 0 52 6 0 0 18 0 0 0 0 0 0 0 0 0 0 0 0 0 65 28 0 46 0 0 0 64 0 0 0 0 0 0 0 0 0 0 0 0 0 0 0 64 10 0 0 28 1 0 0 0 0 92 0 0 0 0 0 0 0 0 46 0 0 83 0 0 0 0 60 0 0 0 0 84 100 0 83 7 72 0 0 85 0 38 33 0 0 0 41 76 98 0 0 0 0 0 34 0 0 0 0 0 0 0 0 48 0 0 59 63 35 0 0 0 0 0 0 0 0 16 0 0 18 87 51 0 0 0 0 0 0 0 0 0 0 0 0 19 0 82 0 0 0 0 0 0 0 0 0 37 0 0 14 0 0 22 0 0 0 0 0 72 73 19 0 0 0 0 0 0 66 4 0 0 0 0 0 20 0 0 0 0 0 0 0 0 0 55 0 0 0 0 0 0
0 0 0 0 0 35 0 0 0 0 62 28 0 0 0 0 34 0 0 65 0 0 0 0 0 0 0 0 67 0 0 0 0 58 0 0 29 0 0 0 0 46 0 82 0 0 0 0 0 0 65 0 82 0 1 0 0 67 0 35 0 0 0 0 47 0 9 0 20 0 0 0 0 0 77 0 0 0 0 45 0 0 0 0 76 0 84 0 20 0 0 0 60 46 0 86 0 0 8 22 0 0 0 0 0 0 0 0 21 0 0 0 0 0 0 0 0 0 0 42 88 0 0 38 0 96 0 0 0 0 0 0 0 0 0 0 0 0 0 0 0 32 0 9 0 0 0 0 0 0 0 0 0 0 0 0 0 28 73 0 0 0 0 0 19 0 0 14 0 60 93 0 0 0 0 99 27 83 0 4 0 0 0 0 0 0 81 45 0 62 0 0 99 0 0 0 0 0 0 0 48 11 0 0 100 0 0 0 10 0 0 0 53 0 46 0 0 0 0 17 64 0 0 0 0 0 68 0 0 14 56 0 80 22 15 0 0 64 53 0 0 0 0 70 0 0 0 0 0 11 0 12 0 0 0 0 0 0 0 0 0 35 77 16 0 0 0 0 9 0 0 0 0 0 0 0 0 0 0 0 38 0 0 0 0 0 0 0 98 41 0 0 0 0 0 0 0 70 43 0 0 91 48 65 0 0 0 0 0 0 0 0 0 0 0 0 0 0 0 0 95 0 0 0 0 0 0 0 0 0 0 0 0 0 59 1 0 0 0 0 0 0 0 0 0 61 38 25 0 0 0 92 0 0 0 0 0 23 0 0 0 0 21 0 21 0 0 0 76 0 0 0 0 0 0 0 0 0 0 68 0 0 0 0 77 0 0 0 0 0 97 0 39 0 0 0 0 0 0 0
53 0 0 56 0 55 0 0 0 0 0 0 0 0 0 0 0 0 0 13 0 0 0 2 0 0 0 0 26 0 0 0 0 0 0 79 0 0 0 0 0 8 0 0 82 0 0 0 0 0 95 0 79 79 0 50 5 0 24 0 0 0 0 0 0 0 90 0 0 0 0 72 36 0 75 0 6 0 0 0 0 64 0 67 0 74 0 0 36 64 0 0 0 0 0 0 0 0 0 0 0 0 0 0 98 68 57 0 0 0 0 75 0 0 0 47 0 86 98 0 0 0 0 0 33 0 26 0 0 24 0 0 0 0 0 0 0 0 0 83 85 0 0 0 1 0 98 0 0 28 0 0 0 41 0 0 88 0 96 0 0 0 0 14 0 19 45 90 0 0 0 0 0 0 0 0 61 0 8 0 0 0 0 21 0 0 0 67 0 30 0 0 0 0 0 0 0 0 0 0 0 0 0 0 89 0 0 0 0 0 0 0 0 0 0 0 0 0 0 0 0 0 19 0 0 0 41 73 0 0 83 0 58 0 0 0 0 0 0 0 0 0 0 0 0 0 80 0 30 0 0 0 0 6 0 0 54 0 41 51 0 0 51 0 0 23 65 0 14 0 0 0 0 0 45 0 0 0 0 73 0 0 0 0 0 0 0 0 0 0 0 0 0 0 6 0 0 0 0 93 0 0 39 0 0 0 0 0 0 0 25 0 64 0 0 0 46 79 18 0 0 0 0 0 0 0 0 79 77 0 0 9 0 0 0 0 0 0 43 11 0 0 0 0 61 0 0 0 0 57 0 0 0 27 87 0 41 0 65 16 0 0 0 0 59 0 0 96 0 0 48 3 0 0 0 0 0 0 0 0 0 42 3 0 0 0 0 0 0 65 0 75 0 32 0 0 0 0 0 96
0 0 28 85 0 0 0 19 10 0 0 0 0 0 68 0 79 0 56 84 0 0 0 0 71 0 0 0 0 87 0 0 0 0 0 0 0 1 0 30 0 28 0 0 0 33 0 0 0 0 0 0 0 0 56 0 17 0 68 0 97 73 98 0 0 0 0 0 0 0 0 0 0 0 0 0 0 0 0 88 0 38 0 0 0 66 0 20 0 0 0 0 58 0 0 0 0 0 0 0 75 35 24 0 0 0 0 0 0 93 44 0 0 0 0 0 0 0 0 0 0 0 9 0 0 0 0 0 42 0 0 0 0 0 0 0 0 0 90 0 0 0 0 53 27 0 0 0 87 95 0 0 0 5 0 0 0 0 0 0 0 0 56 0 0 0 0 0 0 0 0 0 91 70 24 69 0 0 0 91 0 0 0 0 0 0 0 17 0 0 0 0 0 0 0 0 0 0 0 80 0 0 0 0 0 0 0 0 92 0 0 77 89 0 0 0 40 0 95 0 0 0 0 86 0 0 0 0 0 0 0 0 71 20 0 0 0 58 38 0 0 31 0 0 75 79 74 0 95 41 0 0 70 0 0 0 0 0 0 0 0 4 0 0 0 68 0 48 0 0 0 0 0 0 0 6 0 85 0 0 0 0 0 0 0 0 0 48 46 0 0 0 0 7 0 0 0 93 54 97 33 0 74 0 0 2 0 0 0 80 0 0 0 0 0 0 0 0 0 0 0 0 0 0 0 0 0 0 0 53 0 0 0 87 0 0 0 49 21 0 0 92 0 0 0 7 0 15 0 0 0 0 41 76 0 0 0 0 0 0 0 37 6 0 0 53 0 83 0 0 0 0 0 0 50 0 0 0 0 0 0 59 0 0 0 0 72 0 39 0 0 0 0 4 0 90 0 26 19 0
0 78 12 0 0 0 62 0 0 37 0 0 17 0 0 0 12 0 0 84 0 0 0 0 0 0 63 0 43 0 82 0 0 0 0 2 0 0 0 0 0 0 0 19 0 13 0 69 0 0 0 0 0 0 23 0 0 0 31 0 68 0 0 0 0 74 42 0 0 18 0 0 0 0 0 0 0 17 0 0 94 0 0 0 0 49 0 59 0 0 89 88 0 0 0 15 0 0 0 0 0 14 0 0 0 0 0 0 0 51 0 0 76 0 10 3 0 9 90 0 0 43 0 0 0 0 0 52 77 0 0 0 0 0 14 0 0 0 0 0 0 0 0 0 0 0 0 0 0 71 22 0 0 0 0 0 0 0 0 0 0 0 0 0 0 0 0 0 0 19 0 0 0 0 0 0 28 0 59 14 0 0 7 0 0 0 0 0 0 98 0 67 0 0 0 95 0 0 28 0 0 0 14 0 0 0 0 0 0 0 0 0 0 0 0 34 0 0 0 0 0 0 0 92 75 0 0 0 62 0 0 0 58 0 0 0 0 0 0 0 0 0 0 0 58 0 0 0 0 0 0 78 0 0 70 70 0 0 0 0 0 71 0 93 0 0 0 0 0 0 0 72 0 74 0 0 0 0 0 0 0 71 0 0 0 0 0 96 0 0 0 0 0 0 0 0 0 0 65 83 0 0 92 0 0 87 0 0 0 0 0 59 0 0 1 41 0 0 0 32 0 0 0 18 0 18 0 0 0 0 0 0 0 0 5 8 0 0 0 0 37 0 65 0 0 0 0 0 7 0 0 0 0 0 0 0 0 95 0 0 96 0 0 35 56 96 0 0 47 0 28 100 0 0 0 0 0 0 0 0 0 0 0 81 0 0 0 0 0 0 0 0 0 0 0 0 0 23 0 0
81 0 89 29 0 0 0 0 0 0 0 0 0 0 22 0 0 0 0 0 0 0 0 74 0 65 0 0 38 0 0 0 0 0 0 0 7 0 98 0 0 0 37 40 0 64 0 0 0 0 0 0 0 0 55 0 0 77 0 0 0 0 0 0 99 68 0 0 0 46 0 0 0 55 0 0 0 0 0 15 0 10 0 35 34 92 0 0 1 0 0 26 0 0 0 0 0 78 0 28 0 0 0 0 84 0 0 0 0 0 0 0 0 0 0 0 76 0 37 0 0 0 0 0 34 61 0 0 0 0 0 0 0 0 0 0 96 0 53 0 0 0 23 0 0 0 0 0 0 0 27 0 0 0 0 54 56 0 0 0 0 6 0 0 0 48 0 0 97 0 0 53 0 0 0 0 0 10 42 0 0 0 0 0 0 0 0 0 0 0 0 38 0 0 29 93 0 0 0 0 0 0 0 0 26 54 89 0 81 0 0 0 67 0 0 81 0 0 23 0 0 33 0 0 0 0 0 0 48 0 8 0 0 0 0 0 31 0 0 0 32 0 64 0 0 67 0 0 91 0 0 0 0 25 0 0 0 88 0 0 0 0 0 11 0 0 78 0 60 0 63 0 44 0 66 0 9 59 0 38 0 26 0 0 0 0 0 77 95 20 0 0 0 27 94 0 0 0 0 0 0 10 7 0 0 0 38 0 70 0 0 0 0 0 0 0 0 48 0 0 0 0 43 95 0 0 0 0 3 0 0 0 0 64 11 0 6 0 0 0 0 0 50 0 0 0 0 0 0 0 0 55 0 0 0 0 0 0 0 0 12 0 0 44 24 0 0 0 0 0 0 25 0 0 0 91 0 11 0 0 0 0 0 0 0 48 98 0 0 72 0 0 0 0 14 94 13 0 0 0
99 0 0 88 37 36 70 0 0 0 0 0 66 0 17 46 0 0 0 0 0 0 0 0 0 0 0 0 0 0 0 0 65 3 0 0 11 0 0 0 0 0 0 0 0 0 71 0 0 0 0 98 0 0 0 0 49 0 0 0 0 0 0 70 86 0 80 33 38 0 0 0 0 0 0 0 0 0 0 0 0 0 0 0 0 0 0 0 0 64 59 40 0 0 0 0 0 0 0 33 0 44 0 0 0 0 100 0 23 0 0 28 0 0 29 95 5 0 0 0 0 0 76 0 0 0 0 0 0 64 0 0 0 0 0 0 11 0 0 69 0 0 0 52 0 0 0 0 0 0 0 35 0 0 0 0 0 0 26 0 1 0 0 0 0 0 0 0 0 65 84 61 0 0 0 0 0 0 0 0 0 7 0 0 71 0 0 0 0 0 50 0 0 0 32 0 0 0 0 0 0 0 0 0 0 0 0 67 0 0 0 0 70 0 0 0 37 32 60 87 0 39 63 64 0 58 0 0 0 44 0 0 0 0 0 0 0 0 0 0 0 95 63 0 0 0 73 66 15 0 0 0 0 36 0 0 0 0 0 0 0 0 77 0 0 0 45 0 44 0 0 0 0 0 0 0 0 93 51 61 100 0 69 72 0 0 0 0 50 0 0 97 0 75 0 0 0 0 64 0 0 24 0 0 0 0 0 0 0 51 0 79 0 0 0 0 0 0 0 0 40 0 0 31 0 0 0 0 83 0 0 0 29 76 0 0 81 0 26 0 0 0 0 69 0 88 0 0 45 0 0 14 0 0 0 0 0 0 0 0 0 0 0 95 33 0 0 0 0 0 0 0 0 0 0 0 0 0 0 0 0 94 0 44 0 0 81 0 15 0 0 0 0 0 0 0 0 0 68 42
7 80 0 0 0 0 0 0 0 0 0 49 75 0 0 0 0 4 0 0 32 0 23 0 0 73 0 0 0 0 56 0 0 0 39 98 42 0 0 0 0 57 0 10 0 0 0 0 0 0 0 0 0 100 42 0 0 0 0 14 0 7 0 0 85 0 0 1 0 78 0 0 0 66 0 0 0 0 0 0 0 0 0 76 0 0 91 0 0 0 22 0 0 0 0 12 37 0 0 0 0 65 0 0 0 0 69 0 96 0 0 0 0 0 54 80 63 0 0 0 0 5 0 0 0 0 0 85 70 0 54 69 0 0 0 0 0 0 0 0 74 0 37 0 0 83 0 23 0 0 0 57 0 0 0 0 0 0 0 8 0 0 0 0 27 0 0 0 88 0 0 0 0 0 0 0 52 0 0 0 0 0 0 8 0 0 0 23 0 0 8 0 0 12 0 0 33 53 0 0 0 0 79 0 34 0 0 0 0 0 0 40 96 58 0 34 0 71 0 21 82 99 0 0 0 93 0 40 0 0 0 0 0 0 0 0 0 0 64 72 0 0 0 0 0 47 0 0 0 94 0 0 0 0 0 0 0 0 9 53 0 43 0 0 0 0 0 0 19 0 0 77 0 0 0 0 53 0 0 0 95 55 73 0 81 0 27 54 0 12 0 0 32 0 0 0 0 0 0 0 0 32 76 0 0 0 92 0 3 64 0 0 0 25 0 0 34 36 98 0 0 0 0 0 55 0 72 0 0 0 96 44 0 0 0 0 65 27 44 0 0 37 0 43 0 0 0 28 0 0 0 0 0 0 0 0 69 0 0 50 40 43 16 0 0 65 85 0 0 18 20 0 71 0 0 0 0 0 0 82 69 0 0 0 0 0 12 0 81 46 90 0 0 0 0 0 0 0 0 0
0 0 0 0 0 37 0 0 0 0 0 0 0 0 0 0 0 0 0 0 0 0 0 9 0 66 0 0 0 100 0 0 3 2 0 0 0 0 2 0 0 100 0 0 93 0 0 0 15 0 50 66 51 0 0 85 0 0 0 0 2 4 25 13 0 0 0 0 0 0 6 0 0 0 0 70 81 38 16 19 92 0 0 81 58 0 69 0 0 0 99 0 0 0 0 34 0 0 0 0 0 0 0 0 98 0 15 0 0 0 23 0 0 73 0 36 0 73 0 0 0 36 0 0 0 62 0 35 0 0 0 35 0 37 0 0 0 0 37 0 0 41 37 0 0 0 0 0 0 0 0 0 0 60 0 74 0 91 0 59 0 0 0 0 82 0 0 0 18 0 0 0 78 0 0 0 0 0 0 49 0 0 0 0 0 53 0 0 0 73 0 0 0 22 0 0 0 0 0 0 0 79 0 0 7 100 91 0 94 4 0 14 0 0 0 0 0 0 76 0 0 20 0 0 0 0 34 0 0 60 0 0 39 98 0 0 52 0 0 0 0 0 44 77 56 0 0 0 0 54 0 0 0 0 0 0 0 2 0 0 0 0 0 0 0 0 0 0 97 0 8 70 0 0 10 0 0 0 0 0 0 64 0 0 70 0 0 0 42 0 0 0 0 0 0 0 0 0 0 44 0 0 0 0 0 0 0 53 75 81 0 0 0 0 0 0 0 0 0 10 0 0 0 6 52 0 68 0 0 0 57 0 0 0 0 0 0 0 0 0 0 0 56 0 0 0 0 0 0 24 0 0 0 50 29 0 0 91 59 0 80 0 64 85 0 0 0 64 0 0 0 0 98 0 0 33 0 10 0 0 0 0 0 8 0 0 0 88 0 0 0 0 41 43 0 0 0 0 69 31
0 0 0 31 0 0 0 0 0 0 0 79 0 0 0 0 0 0 0 14 0 0 0 0 0 0 0 0 0 0 0 0 0 0 0 0 0 80 87 43 91 0 40 0 0 0 57 0 93 0 0 0 95 0 0 0 85 0 0 0 0 0 0 0 0 0 0 0 0 0 10 0 0 0 0 19 0 63 0 0 0 80 0 0 0 0 0 0 0 0 14 0 67 0 36 0 0 0 57 0 0 0 0 33 0 0 14 86 0 0 0 0 0 92 0 0 96 0 0 93 0 0 0 0 0 0 0 0 0 0 71 0 0 0 0 22 52 0 0 0 21 38 0 0 0 0 0 14 82 0 0 0 0 0 0 0 0 0 0 0 0 27 0 68 43 0 65 0 48 0 0 87 0 0 0 0 0 59 0 0 0 0 0 0 0 79 0 0 0 83 0 0 0 0 0 0 96 0 0 0 0 0 0 36 0 0 0 0 76 89 18 0 92 0 0 0 2 53 0 0 0 0 0 0 0 0 0 46 0 0 0 0 0 0 0 47 0 48 0 0 0 0 0 0 27 0 0 0 0 0 63 0 0 0 0 0 25 0 0 55 0 0 0 0 2 16 0 0 75 0 0 0 0 0 0 48 0 60 46 84 0 0 0 46 0 0 0 0 0 0 0 0 0 0 0 0 0 0 0 29 0 35 0 91 0 64 0 82 0 0 0 6 0 0 47 0 18 0 0 0 0 0 0 0 79 0 0 0 29 90 0 0 0 0 40 45 0 0 0 0 0 0 31 0 0 0 0 0 0 0 85 70 0 0 0 0 0 0 0 0 0 0 0 24 0 20 0 0 0 0 0 0 0 31 0 14 0 0 0 0 0 0 0 0 0 0 0 0 0 0 79 0 0 0 97 76 37 67 15 20
45 0 0 0 0 0 0 0 13 0 0 0 0 92 24 21 0 46 0 0 0 0 43 0 0 0 12 0 11 0 0 0 0 0 69 0 0 53 0 0 47 0 0 0 45 75 0 0 0 0 51 0 0 0 0 0 0 0 0 0 0 0 10 0 0 63 0 0 85 0 0 0 0 0 0 0 33 0 0 0 49 0 0 0 0 0 0 5 0 0 0 7 0 0 0 0 0 9 0 0 0 0 0 0 0 0 0 0 0 0 26 0 0 0 0 0 0 0 0 0 0 77 82 0 0 0 6 0 68 14 0 58 0 57 0 0 65 0 0 0 0 8 0 87 0 0 0 0 0 0 0 0 0 0 58 0 13 0 98 0 0 68 5 0 0 0 0 0 0 0 41 0 0 45 0 0 30 56 0 0 0 0 0 0 0 54 3 0 0 0 56 0 78 0 0 0 0 13 0 37 0 0 68 0 0 0 0 0 0 37 0 0 0 58 0 19 0 0 0 97 0 0 0 0 100 8 0 0 0 0 0 0 0 63 0 0 0 0 0 42 27 0 0 0 81 0 51 0 0 0 57 0 98 0 0 0 0 0 0 0 54 5 0 38 0 60 0 0 0 0 0 0 0 0 0 0 0 12 0 0 81 0 0 0 0 0 0 96 0 18 1 81 17 0 0 0 0 0 95 0 0 0 0 0 2 0 0 7 0 0 0 0 0 0 0 63 0 0 72 0 0 0 0 0 0 0 0 0 0 0 0 59 44 35 98 0 0 21 47 90 0 0 0 0 0 1 16 0 0 23 47 28 0 10 0 0 0 0 0 0 0 0 50 0 0 0 0 0 85 0 0 0 48 0 0 0 41 0 99 0 0 0 0 0 0 5 95 0 0 0 0 0 0 0 0 0 0 0 0 0
0 0 0 0 0 0 0 0 0 0 14 0 0 7 8 0 44 0 0 0 0 73 0 0 0 0 0 0 0 0 0 0 0 0 0 0 86 0 66 0 0 0 0 0 0 0 1 0 0 0 0 0 0 60 0 0 29 0 0 0 0 79 0 0 49 0 0 0 0 4 97 0 0 5 0 0 3 0 0 0 44 0 0 0 35 0 63 0 0 0 1 0 0 65 0 0 0 0 45 0 8 0 0 0 0 2 95 0 0 77 0 29 0 0 0 0 44 0 0 0 0 38 78 0 0 0 0 0 0 0 0 0 0 0 69 0 99 0 25 0 8 0 0 0 0 0 0 0 0 0 0 0 0 72 0 52 66 0 0 0 9 0 74 87 0 0 0 0 6 0 24 0 0 6 0 0 64 51 0 0 41 0 59 28 21 78 28 0 14 0 0 7 0 0 0 0 0 98 25 21 0 63 0 0 0 53 0 0 0 0 0 38 0 0 0 0 73 0 0 0 0 7 0 0 0 0 0 0 0 94 0 0 0 0 0 0 0 32 0 0 0 0 19 0 0 0 0 0 48 48 47 0 14 0 0 0 0 0 93 0 20 0 36 0 31 0 0 54 0 0 47 0 38 94 0 24 0 0 0 0 0 0 0 0 29 0 0 1 0 0 38 0 0 0 0 0 0 0 0 0 0 0 0 97 3 0 0 0 0 0 0 0 0 28 0 63 0 0 0 0 0 32 64 0 7 0 0 0 0 0 0 28 0 0 0 0 0 0 88 0 0 0 0 0 0 0 0 0 0 0 0 0 0 0 0 0 0 12 0 69 0 0 0 0 0 0 0 0 0 0 96 44 0 62 0 84 0 0 65 65 0 0 0 0 0 0 0 0 0 9 0 0 0 0 0 53 0 0 46 0
0 75 0 0 56 92 0 0 0 56 78 33 0 51 0 0 0 0 0 0 0 0 0 0 0 0 0 51 0 0 0 0 96 0 0 88 0 0 0 0 0 0 0 0 0 0 0 86 29 0 0 0 0 44 0 0 59 0 3 85 0 0 0 0 0 0 0 0 0 9 0 72 0 4 7 11 0 0 0 0 22 0 16 73 84 0 71 42 0 0 82 0 0 0 11 0 72 0 0 0 76 0 0 0 53 0 0 0 0 0 0 0 0 0 0 0 0 0 0 0 0 10 0 0 0 0 0 0 0 0 0 0 0 0 0 0 0 92 0 0 0 0 72 0 0 0 9 0 0 0 55 0 0 0 0 0 0 34 0 0 0 0 0 0 50 0 0 0 82 0 0 24 0 0 0 0 79 0 0 64 0 0 72 0 0 49 0 0 0 0 0 42 43 0 33 0 0 83 0 0 0 0 0 0 0 0 0 0 73 50 0 0 84 92 55 52 0 41 52 0 0 0 82 35 0 0 0 0 0 0 0 0 0 0 89 0 31 0 0 0 0 0 0 0 0 0 0 0 63 96 0 0 0 0 0 0 0 10 0 0 0 0 0 0 0 0 0 35 0 89 0 0 0 0 0 83 81 67 0 99 36 0 0 0 0 0 55 0 0 0 0 0 0 100 61 0 64 3 86 0 0 23 0 0 0 0 0 0 1 0 45 0 22 0 0 0 0 0 0 63 0 26 91 0 0 23 0 3 0 0 0 0 0 0 0 0 0 25 17 0 53 10 0 0 0 45 46 0 0 0 0 62 0 0 6 0 33 0 0 0 0 0 0 93 0 0 40 0 0 0 0 0 0 18 98 0 0 0 51 0 0 0 0 0 67 0 0 90 0 0 0 0 36 33 11 33 0 0 78 0
0 0 80 0 0 0 62 0 75 27 0 0 94 0 0 0 13 0 79 0 0 91 62 0 0 0 0 53 0 0 0 0 0 0 0 0 0 0 0 9 0 17 0 0 0 0 0 0 0 28 0 0 98 0 0 0 0 0 0 8 0 0 0 0 0 0 24 0 0 0 0 0 0 69 0 92 52 0 0 47 0 0 24 0 0 0 0 42 0 17 0 0 0 0 0 52 0 41 0 0 0 0 0 0 0 0 0 0 2 0 0 77 55 0 60 0 0 95 0 3 0 0 0 11 0 0 0 0 71 54 0 0 0 0 93 46 0 5 0 0 0 0 0 14 0 27 48 0 0 0 23 0 0 0 49 0 0 52 0 0 0 0 0 67 0 0 0 28 0 0 0 0 0 0 20 0 0 0 76 0 48 0 0 0 0 39 0 0 0 0 0 0 0 0 0 0 0 0 0 0 0 0 0 0 85 0 0 0 0 0 76 83 0 0 0 0 0 92 0 76 0 59 84 0 0 1 0 0 68 0 43 0 0 0 0 68 0 43 0 3 0 0 0 76 0 0 0 0 44 0 77 0 86 0 67 0 0 75 7 0 0 24 0 0 0 0 0 0 0 0 0 0 97 0 0 0 0 0 0 0 0 95 0 0 16 0 0 36 0 0 0 23 0 0 0 0 0 0 0 0 0 79 0 27 99 48 0 93 0 0 0 0 0 34 0 0 0 0 53 0 0 0 62 0 0 0 0 0 0 0 0 0 36 79 6 0 17 15 0 0 0 0 0 0 0 0 0 0 0 87 0 43 0 0 0 0 68 0 65 0 0 96 0 0 0 0 0 0 0 0 10 0 0 0 0 0 0 0 0 0 0 77 69 0 0 80 0 0 0 0 0 4 0 0 0 0 0 0 0 0
0 0 0 0 0 0 0 12 0 0 0 0 80 0 0 11 0 0 16 21 0 0 0 0 36 23 0 0 0 0 0 0 91 0 0 0 0 73 10 0 65 0 0 0 0 0 0 3 0 0 0 0 15 0 0 0 0 2 0 99 29 0 0 38 0 0 0 0 0 0 0 65 0 0 36 0 0 0 0 0 0 84 0 0 23 0 0 0 0 0 0 0 63 0 0 0 0 0 0 0 48 0 30 12 9 0 0 5 0 0 0 0 0 2 0 0 0 0 0 0 53 14 0 0 0 54 0 0 0 0 0 0 31 0 0 73 0 0 56 0 0 59 0 0 0 0 0 0 0 0 0 0 0 48 0 0 0 80 0 58 0 0 86 0 0 0 0 66 49 0 4 9 0 0 0 0 0 0 0 0 26 0 0 0 0 0 98 0 0 71 0 40 0 0 47 0 0 64 0 0 0 0 51 0 0 96 0 0 0 0 0 61 22 0 0 0 0 12 16 0 0 63 0 20 57 54 0 0 96 0 0 0 0 0 0 11 0 0 0 0 0 0 0 0 0 36 0 0 100 0 0 91 0 0 0 0 0 0 0 0 0 0 0 89 0 88 0 0 0 0 0 93 0 0 0 0 0 0 0 0 0 0 0 81 0 0 0 15 0 0 0 0 18 0 0 0 0 0 0 0 98 0 39 55 0 0 0 0 0 36 0 0 0 60 0 0 0 0 0 18 0 0 0 26 0 0 0 0 46 0 0 0 0 0 0 0 0 0 0 0 0 0 0 0 0 0 0 0 0 90 0 0 0 0 90 0 0 0 82 0 0 59 21 0 0 0 0 0 59 0 0 0 0 0 0 0 0 0 0 0 0 0 0 0 0 93 9 0 0 0 0 0 0 0 50 3 0 0 10 60
0 60 100 0 0 0 32 0 0 0 0 90 0 0 64 0 0 0 0 18 0 0 0 2 0 88 0 0 0 8 0 18 0 0 0 0 0 0 0 0 0 0 0 0 0 0 0 0 0 4 13 0 24 0 0 54 84 0 0 0 0 0 0 0 0 0 30 0 0 0 0 0 0 34 0 53 0 0 0 88 97 0 0 0 0 0 0 0 0 0 0 82 0 0 0 0 0 45 93 0 0 58 73 0 0 25 0 0 0 0 0 38 0 67 87 0 0 0 16 0 50 0 56 96 0 0 0 67 0 46 0 0 0 0 0 0 40 0 6 0 0 0 0 0 0 0 0 0 0 82 0 0 0 0 0 0 0 0 0 0 100 0 0 0 12 0 0 0 0 0 21 0 0 0 0 0 0 0 0 54 0 0 51 0 0 0 12 44 0 0 0 0 0 0 0 12 0 6 0 0 0 0 0 0 0 0 90 0 0 65 91 0 0 16 77 85 0 21 83 0 0 91 0 0 0 0 0 44 10 0 0 0 33 0 0 0 0 0 0 69 0 0 0 0 84 0 0 98 0 8 72 0 0 0 0 0 0 40 11 0 0 78 88 0 0 0 0 0 0 0 18 21 60 0 9 53 0 0 34 97 0 0 0 54 0 0 0 0 0 0 0 0 93 0 59 0 73 98 0 0 50 0 0 0 0 0 0 0 0 0 0 85 51 0 0 83 0 0 86 97 0 0 0 0 0 20 0 0 35 0 47 0 0 71 0 0 0 0 0 0 0 0 0 0 0 85 0 63 0 0 0 0 58 0 0 0 0 0 0 0 0 52 0 11 0 0 0 0 0 0 0 19 51 19 0 0 0 0 0 0 0 14 0 0 0 87 0 20 9 0 0 93 0 0 0 0 0 43 0 36
0 0 0 0 0 0 0 0 0 36 0 0 0 0 79 0 0 0 0 0 0 0 0 0 0 0 0 0 0 0 0 0 0 75 0 0 96 89 0 0 35 0 34 0 0 0 6 69 77 0 0 0 0 0 0 0 0 0 0 0 75 0 0 0 0 0 36 0 0 64 63 9 0 72 39 0 0 0 0 0 0 29 57 70 0 0 0 0 0 0 0 0 0 0 25 59 0 0 0 87 0 0 0 0 94 0 0 0 94 7 0 0 0 0 0 0 46 19 0 0 69 45 23 0 0 0 0 86 0 63 0 0 0 0 0 79 0 0 76 0 0 33 0 0 0 68 0 0 0 0 0 0 0 68 0 0 0 0 0 0 0 0 90 0 0 0 0 0 0 0 0 0 0 0 0 0 0 0 0 0 0 0 0 0 0 0 0 16 0 47 0 0 0 0 70 79 0 0 0 0 6 0 0 0 14 0 0 80 0 100 0 0 0 0 0 57 0 87 0 0 0 38 18 0 0 0 0 0 0 0 0 0 0 0 0 8 0 0 0 0 0 0 0 0 0 0 39 0 0 95 0 0 0 74 0 0 0 0 0 0 0 0 0 0 0 0 0 0 78 0 16 11 0 0 0 0 0 0 0 0 0 3 0 0 0 6 26 81 0 0 0 0 39 65 0 0 0 0 0 0 0 0 0 0 97 0 82 0 0 9 0 0 0 93 0 0 13 0 0 0 11 0 0 0 0 46 0 0 18 0 57 0 0 0 0 0 76 0 0 9 0 43 41 0 94 0 0 0 98 0 0 52 0 0 0 0 0 0 56 0 0 32 50 0 0 97 0 0 0 52 92 95 0 0 0 0 75 0 0 0 0 0 0 0 28 4 0 0 0 0 0 0 0 2 0 0 0 0 61 0
0 32 0 0 40 0 0 0 95 0 0 21 8 99 97 0 0 48 7 0 0 83 0 0 0 0 0 0 0 28 0 0 35 14 0 0 0 0 0 0 0 21 70 0 0 0 51 61 0 0 62 41 66 0 0 0 83 0 95 0 0 1 0 0 0 0 0 0 48 0 0 0 0 0 0 0 0 68 0 15 0 0 0 0 0 0 84 0 33 0 0 0 0 0 0 0 0 0 65 0 0 0 0 0 0 0 0 0 0 0 18 0 83 85 49 0 5 0 20 0 0 0 0 79 0 73 0 0 0 0 39 0 0 63 0 0 0 0 0 0 0 3 0 0 0 0 0 74 0 5 0 0 0 0 0 20 4 0 0 0 37 0 0 27 41 34 38 0 0 0 0 0 0 0 72 0 0 0 0 0 61 0 0 0 0 0 0 25 0 88 0 0 0 0 0 0 0 28 20 1 0 0 0 0 0 42 0 0 0 0 0 0 2 0 0 0 13 0 0 0 0 0 0 0 82 0 0 64 0 0 0 0 0 39 0 0 0 0 94 0 0 61 0 0 95 0 0 0 0 0 0 0 0 0 0 0 0 0 0 43 45 0 0 69 20 0 49 0 8 0 49 0 0 0 0 0 0 0 79 0 0 0 58 0 0 0 0 89 0 0 0 31 70 0 0 44 81 0 0 0 0 0 0 0 0 99 0 5 0 0 0 0 16 0 0 0 0 0 0 34 0 0 0 84 0 0 0 23 73 0 97 8 11 0 0 23 0 0 26 50 0 0 0 0 0 0 0 0 26 0 0 7 0 0 0 0 0 0 82 0 59 0 0 0 0 0 0 0 0 61 0 0 0 0 75 0 62 0 0 32 91 0 0 79 0 23 0 0 0 58 0 0 0 0 0 0 0 0 0 95
0 0 0 0 0 57 0 81 0 0 0 0 0 0 0 0 20 0 12 22 0 0 0 57 0 0 0 0 54 29 0 0 0 0 0 0 21 0 0 22 0 0 0 0 0 0 0 0 0 0 0 0 0 0 0 88 92 85 0 0 0 42 10 1 72 0 0 33 0 0 0 0 0 0 0 0 82 0 0 0 65 0 0 8 0 0 0 0 0 0 0 83 0 0 0 0 0 0 0 0 0 0 78 0 0 43 0 0 0 0 0 0 0 0 0 78 0 88 0 92 54 0 0 0 0 0 0 67 0 8 0 67 0 0 0 0 0 96 0 0 58 5 0 0 0 0 0 0 0 0 0 0 0 0 0 0 45 0 0 37 0 0 0 0 55 0 6 0 0 0 0 0 0 0 0 0 0 0 0 0 0 0 0 0 44 0 0 0 0 0 0 22 33 41 0 0 0 0 0 0 0 0 0 0 76 0 64 85 0 0 0 0 0 0 0 0 69 0 91 58 0 0 0 0 0 0 0 0 100 0 51 0 15 0 0 0 0 0 0 0 0 87 0 0 0 0 0 38 0 35 0 0 0 0 50 0 17 18 0 0 0 0 0 0 10 63 82 0 0 0 0 81 0 0 91 0 0 0 0 0 0 0 0 0 0 28 71 0 0 0 2 0 92 45 92 5 38 0 0 0 0 0 0 0 0 0 0 0 0 0 0 0 0 63 0 64 0 0 73 0 0 70 0 0 0 0 0 36 26 49 32 0 0 0 64 43 0 0 0 0 0 0 17 0 0 0 0 0 0 0 0 0 19 0 0 18 78 0 0 0 0 0 0 0 0 0 3 0 0 0 95 0 0 97 0 0 0 0 88 0 0 0 0 0 7 0 0 0 0 0 0 0 0 0 0 0 74 0 0 0
0 0 0 79 64 68 0 0 0 0 0 24 0 78 0 0 12 65 0 0 0 0 66 94 0 0 0 0 0 8 0 1 4 0 0 0 55 0 0 0 0 63 0 0 0 0 0 0 0 52 22 0 0 0 0 78 0 0 0 4 61 14 0 0 0 0 0 40 0 0 0 0 0 0 51 0 0 0 15 0 59 70 0 0 0 0 0 67 0 0 0 0 0 11 38 0 87 0 41 0 0 0 0 0 0 0 0 0 75 0 0 0 0 10 0 8 0 0 0 0 7 81 0 0 72 0 0 0 33 0 0 0 0 0 0 3 0 0 10 0 55 0 0 0 46 43 6 0 0 6 0 0 0 0 0 98 37 19 0 0 0 0 0 0 11 0 0 92 0 65 0 0 59 0 0 0 0 0 0 0 0 0 0 0 4 0 0 0 0 0 0 0 0 0 51 43 0 0 0 0 0 71 0 0 45 26 0 0 45 21 32 62 84 58 0 0 0 0 94 0 0 87 0 0 0 0 0 0 0 0 0 64 0 0 0 0 17 0 0 0 0 0 0 0 0 0 0 0 0 0 0 0 0 0 0 0 0 0 31 41 0 0 0 0 0 0 0 30 0 0 94 0 0 0 0 37 0 0 0 0 0 0 0 0 5 0 0 0 0 0 60 0 0 0 60 0 0 0 68 0 60 0 0 67 0 0 0 0 0 0 87 0 0 0 10 0 0 0 19 90 0 0 0 0 0 0 0 79 0 0 24 13 2 0 0 53 0 0 0 0 0 0 0 48 0 30 0 0 20 0 0 11 0 0 0 0 0 0 11 0 7 10 0 0 0 0 0 0 0 24 22 50 0 16 0 0 0 0 0 7 100 0 0 0 18 85 0 0 0 20 47 0 95 0 0 0 0 0 0 0
0 0 65 0 0 0 0 0 0 0 0 60 0 15 0 0 4 0 0 98 0 0 12 0 0 10 0 0 0 0 0 38 81 0 0 0 0 0 0 0 0 0 25 0 0 0 0 95 0 0 0 0 0 0 0 34 0 0 67 0 88 0 0 16 65 0 0 0 48 0 0 44 0 0 0 0 0 0 0 0 0 0 80 0 0 0 12 0 0 0 0 33 0 0 0 0 0 56 85 0 39 0 0 54 85 0 0 0 0 0 98 0 0 0 28 0 0 6 10 0 0 0 35 0 0 0 36 32 0 56 0 0 62 0 0 0 0 41 0 0 0 38 0 79 0 0 16 0 0 0 0 0 0 0 98 0 14 75 0 0 0 0 0 0 0 0 0 0 28 10 0 0 0 0 0 0 0 0 0 0 72 0 16 0 63 59 0 0 0 0 69 18 0 0 0 0 0 0 56 0 0 0 0 0 0 0 0 0 0 65 0 0 0 3 10 0 0 0 0 0 0 0 0 0 0 0 0 0 0 0 0 68 0 0 0 63 0 0 0 100 67 0 0 32 0 0 0 4 0 0 4 0 0 0 0 0 0 0 0 0 0 0 15 0 0 0 0 83 0 21 0 56 49 30 0 0 71 0 0 98 0 0 0 0 0 0 45 0 82 0 0 0 2 17 0 0 78 0 0 0 1 0 0 97 0 0 0 0 0 0 30 44 26 0 0 0 0 0 0 1 0 0 10 28 6 0 0 0 0 63 0 3 0 0 46 0 0 76 0 0 87 0 0 0 0 0 0 0 0 0 0 0 0 0 0 0 0 0 0 7 0 12 19 0 49 69 0 0 0 63 0 0 0 0 0 90 0 0 0 0 0 0 64 2 0 0 16 0 29 0 0 0 0 0 0 0 0 29 0 0
71 82 0 0 0 0 78 0 0 0 0 20 0 0 0 0 0 0 0 0 0 47 0 0 0 0 0 0 0 0 0 0 0 0 0 0 75 0 0 27 0 0 0 28 0 0 0 0 0 46 99 0 0 51 0 0 0 70 0 0 0 0 0 0 0 0 0 0 0 73 92 60 0 58 0 0 0 0 41 92 0 24 0 94 0 36 0 0 48 0 0 0 0 80 36 0 0 0 17 0 0 0 0 0 27 0 0 0 96 0 0 96 20 92 0 81 5 0 0 0 53 38 0 0 0 0 0 0 39 35 0 0 0 66 0 0 0 76 0 0 0 66 6 69 0 0 0 0 0 10 0 0 0 0 0 0 40 35 0 63 29 48 47 0 0 0 0 0 0 0 0 0 0 0 0 0 0 0 0 0 0 48 0 21 0 0 0 0 0 0 52 0 0 0 0 0 98 0 0 0 0 33 0 31 0 0 59 0 0 0 0 0 0 0 0 0 0 0 0 0 0 0 47 0 96 0 0 0 0 31 0 72 0 0 0 0 48 20 77 0 0 0 0 49 21 0 0 0 26 0 0 0 0 42 0 0 46 0 14 0 0 37 24 87 0 0 40 0 95 0 0 28 0 23 0 0 0 0 0 0 28 0 0 0 0 0 24 0 0 0 25 0 0 0 0 0 0 13 0 0 0 0 0 49 28 0 0 9 100 17 21 0 0 52 0 0 93 0 58 0 0 0 0 0 0 0 34 0 0 61 0 0 60 0 0 0 0 0 0 99 0 0 0 0 0 0 0 0 0 0 89 0 0 0 4 0 0 0 55 0 77 0 67 0 0 0 89 0 0 0 0 26 0 0 0 0 0 89 0 0 0 24 0 0 0 0 0 60 0 13 0 0 0 63 0 0 51 0 57 0
0 0 0 0 0 0 0 0 0 0 0 0 0 0 35 63 0 0 39 0 0 0 6 0 0 0 20 0 0 34 0 0 0 47 0 0 70 0 0 0 0 32 0 0 0 0 42 0 0 0 0 45 0 0 57 0 91 0 0 0 0 0 0 0 0 0 18 0 0 0 0 89 0 0 0 40 0 0 0 0 51 0 0 0 0 0 0 0 0 0 0 0 0 0 0 0 0 0 0 97 0 0 0 43 82 0 0 0 52 0 23 0 0 0 0 0 0 0 0 0 0 97 0 0 0 0 0 16 0 0 0 0 0 0 0 68 0 0 0 0 0 0 0 0 0 0 22 0 44 0 0 0 0 0 0 0 0 50 0 89 0 0 0 0 0 0 0 0 0 0 0 26 0 0 0 67 11 0 4 0 0 0 93 0 0 0 42 0 13 0 78 92 96 0 0 30 37 0 0 0 0 0 43 0 0 0 0 0 0 80 0 0 0 0 24 0 0 0 15 0 41 56 77 0 28 83 61 0 0 0 0 54 0 0 0 0 0 0 0 64 0 0 39 0 0 0 0 0 0 0 0 0 73 0 0 0 27 0 0 68 0 0 0 0 90 81 0 0 43 0 0 87 0 0 0 39 0 0 0 1 0 0 0 0 0 80 87 0 0 0 0 0 0 0 0 63 0 0 0 0 0 0 0 0 7 0 0 0 50 0 0 0 73 0 0 0 0 0 0 0 0 55 0 0 74 0 96 0 0 0 0 0 0 23 0 0 31 0 0 0 0 0 0 0 0 0 0 0 0 0 64 0 0 0 0 37 0 0 0 0 0 60 0 0 0 0 0 0 0 0 0 0 0 0 0 0 0 0 0 0 0 0 0 0 0 92 0 0 0 0 0 44 0 0 31 0 0 0 0 0
0 0 0 91 0 0 0 0 0 64 0 0 0 0 30 0 0 30 0 0 67 0 78 0 0 0 0 0 24 0 0 0 100 0 0 0 0 0 0 0 0 0 0 0 30 0 0 0 58 0 0 0 0 0 0 98 0 0 0 39 0 0 0 0 71 0 0 0 0 56 0 0 88 46 65 0 54 24 54 0 0 0 39 0 28 0 13 0 0 14 0 48 0 0 0 50 0 0 64 0 0 0 0 0 0 0 0 0 0 0 0 0 8 0 0 0 0 33 0 0 0 42 0 0 0 0 98 0 0 0 25 0 0 0 0 0 0 89 0 6 0 0 70 0 64 0 0 0 0 0 68 0 0 0 0 0 0 0 0 0 0 7 0 0 0 88 22 0 0 0 0 0 0 23 0 0 0 86 0 0 56 0 0 0 0 0 0 0 0 0 0 0 0 0 44 0 0 0 0 0 0 0 0 0 0 9 0 0 0 48 0 0 94 89 0 0 0 0 0 91 60 0 0 56 0 67 89 0 0 0 0 0 0 82 0 79 0 48 0 38 0 0 0 32 0 0 0 0 0 0 0 90 0 0 0 0 0 0 0 35 0 0 0 0 0 21 0 0 0 0 0 0 8 0 0 0 0 7 0 80 0 0 0 0 0 0 71 0 0 0 77 0 64 0 85 0 27 0 0 41 0 0 0 0 0 42 0 0 0 0 0 35 0 0 0 0 0 0 0 12 0 0 0 37 0 0 0 18 0 63 0 2 0 3 0 0 0 0 0 0 10 57 86 36 0 15 90 0 0 85 11 44 0 0 0 0 0 0 81 0 86 0 12 4 81 9 0 0 0 0 0 0 46 0 0 0 0 0 43 0 0 0 0 0 0 0 95 0 0 0 0 0 0 0 0 0 0 0 97 0
0 0 0 0 0 0 0 88 0 0 0 0 0 0 0 80 0 0 0 0 0 0 0 0 0 0 64 0 0 0 44 0 24 0 0 0 77 0 0 0 15 50 0 0 56 0 87 32 0 1 0 0 0 0 71 0 0 29 0 0 0 0 0 0 0 0 0 0 0 0 0 0 0 44 39 0 0 0 0 0 0 0 49 0 0 0 54 0 74 0 0 0 0 41 0 0 0 0 0 0 65 0 0 0 0 0 0 25 0 0 0 16 51 75 0 0 0 50 0 0 0 19 0 0 0 48 0 0 30 0 0 0 57 0 0 0 0 4 0 0 13 87 0 0 0 0 0 0 0 0 0 0 0 0 0 0 0 0 0 0 0 0 0 0 0 0 0 0 91 0 0 0 0 0 66 0 0 0 0 0 0 0 0 0 0 74 0 0 0 0 0 0 0 0 0 92 0 14 0 0 0 18 0 0 0 0 39 0 0 0 0 0 4 0 86 0 0 0 24 0 53 0 4 0 0 50 0 0 0 0 0 0 14 0 20 0 0 0 0 0 0 0 65 18 0 75 0 84 29 0 10 0 0 0 0 0 0 0 7 99 0 0 24 82 0 0 0 0 0 82 0 0 0 0 0 96 0 0 0 0 0 0 0 0 0 0 0 0 0 0 0 0 0 0 0 0 69 0 0 0 0 0 0 0 15 0 34 0 0 0 0 0 0 0 0 10 0 0 14 29 0 57 0 0 39 0 31 0 0 0 0 0 0 0 0 0 88 12 38 0 0 0 12 68 15 0 0 0 29 53 45 0 0 0 0 0 96 0 0 0 37 11 40 39 0 0 43 0 0 0 0 0 0 0 66 83 0 0 75 0 0 0 0 0 0 0 0 0 29 0 0 42 0 0 0 0 0 0 0 2
0 0 43 3 32 0 0 0 0 0 0 0 0 0 74 68 0 37 0 0 0 25 0 0 0 0 0 94 86 0 0 26 0 0 0 0 31 0 0 0 0 0 0 67 0 0 0 94 0 48 40 99 0 0 49 0 94 0 0 12 99 0 0 0 0 0 0 0 5 0 0 0 0 10 0 0 0 100 0 0 33 0 0 0 0 0 0 0 0 0 0 0 0 93 0 8 0 0 19 0 0 56 0 0 0 0 0 0 0 94 0 77 0 0 0 0 0 0 0 45 0 0 0 0 0 59 0 0 89 0 0 16 0 0 0 0 78 0 0 0 0 0 25 7 0 66 0 0 0 0 0 0 0 0 23 85 0 0 0 0 49 0 77 0 0 0 100 30 0 0 26 47 0 0 61 0 0 0 0 0 0 83 0 0 0 0 0 0 99 0 0 0 59 0 73 0 0 7 48 6 0 5 0 0 0 0 0 0 0 74 0 0 0 43 0 33 0 77 0 0 0 0 0 0 0 0 0 0 0 40 0 0 0 0 7 0 0 0 0 97 8 0 0 96 21 0 0 0 0 40 0 0 0 0 0 0 0 86 0 0 75 98 0 0 0 0 0 0 0 70 0 0 0 0 0 0 0 0 0 82 0 0 0 0 0 0 0 0 0 0 0 0 0 0 0 0 0 0 0 0 35 0 27 0 0 0 0 75 0 0 16 0 0 0 0 0 21 24 0 47 0 0 95 0 0 0 0 0 0 0 88 0 0 0 0 0 0 0 0 0 0 0 4 54 0 9 0 45 0 0 0 0 0 0 0 0 0 0 26 0 0 0 61 0 0 0 12 42 0 0 0 94 26 0 0 0 0 0 0 0 0 0 0 0 75 0 0 0 0 0 80 0 33 30 56 98 0 0 55 0